ship_state,ship_city,ship_postal_code,ship_country,geo_key
Maharashtra,Mumbai,400081,IN,1
Karnataka,Bengaluru,560085,IN,2
Maharashtra,Navi Mumbai,410210,IN,3
Puducherry,Puducherry,605008,IN,4
Tamil Nadu,Chennai,600073,IN,5
Uttar Pradesh,Ghaziabad,201102,IN,6
Chandigarh,Chandigarh,160036,IN,7
Telangana,Hyderabad,500032,IN,8
Telangana,Hyderabad,500008,IN,9
Tamil Nadu,Chennai,600041,IN,10
Uttar Pradesh,Noida,201303,IN,11
Maharashtra,Amravati.,444606,IN,12
Maharashtra,Mumbai,400053,IN,13
Andhra Pradesh,Guntakal,515801,IN,14
Rajasthan,Jaipur,302020,IN,15
Delhi,New Delhi,110074,IN,16
Haryana,Gurgaon,122004,IN,17
Karnataka,Bengaluru,560017,IN,18
Tamil Nadu,Tiruchirappalli,620018,IN,19
Karnataka,Bengaluru,560040,IN,20
Telangana,Hyderabad,500072,IN,21
Maharashtra,Pune,411044,IN,22
Assam,Tezpur,784001,IN,23
Jharkhand,Ranchi,834002,IN,24
Chhattisgarh,Bilaspur,495001,IN,25
Maharashtra,Pune,411052,IN,26
Karnataka,Bengaluru,560037,IN,27
Assam,Guwahati,781003,IN,28
Tamil Nadu,Thiruvarur,613704,IN,29
Uttar Pradesh,Lucknow,226010,IN,30
Andhra Pradesh,Visakhapatnam,530016,IN,31
Odisha,Jeypur,764001,IN,32
Telangana,Hyderabad,500028,IN,33
Uttar Pradesh,Lucknow,226016,IN,34
Tamil Nadu,Chennai,600033,IN,35
Delhi,New Delhi,110092,IN,36
Kerala,Thiruvananthapuram,695011,IN,37
Uttar Pradesh,Greater Noida,201306,IN,38
Madhya Pradesh,Jabalpur,482002,IN,39
Maharashtra,Mumbai,400092,IN,40
Uttar Pradesh,Lucknow,226017,IN,41
Maharashtra,Mumbai,400076,IN,42
West Bengal,Kolkata,700014,IN,43
Andhra Pradesh,Ongole,523001,IN,44
Telangana,Secunderabad,500017,IN,45
Telangana,Hyderabad,500062,IN,46
Uttar Pradesh,Kewalpur,271881,IN,47
Odisha,Cuttack,753012,IN,48
Maharashtra,Badlapur,421503,IN,49
Nagaland,Dimapur,797112,IN,50
Karnataka,Bengaluru,560047,IN,51
Karnataka,Bengaluru,560076,IN,52
Telangana,Warangal,506001,IN,53
Rajasthan,Dhaulpur,328024,IN,54
Assam,Guwahati,781029,IN,55
Karnataka,Bengaluru,560103,IN,56
Karnataka,Bengaluru,560023,IN,57
Maharashtra,Nagpur,440022,IN,58
Maharashtra,Thane,400607,IN,59
Gujarat,Dahod,389151,IN,60
Jharkhand,Ranchi,834004,IN,61
Maharashtra,Pune,411014,IN,62
Karnataka,Vijapura,586201,IN,63
Maharashtra,Mumbai,400080,IN,64
Karnataka,Bangalore,560001,IN,65
Karnataka,Bengaluru,560098,IN,66
Odisha,Berhampur,760002,IN,67
Telangana,Hyderabad,500085,IN,68
Maharashtra,Pune,411045,IN,69
Gujarat,Himmatnagar,383001,IN,70
West Bengal,Kolkata,700048,IN,71
Telangana,Hyderabad,502032,IN,72
Uttarakhand,Dehradun,248001,IN,73
West Bengal,Kolkata,700078,IN,74
Tamil Nadu,Dharmapuri,636705,IN,75
Uttarakhand,Dehradun,248005,IN,76
Rajasthan,Jaipur,303905,IN,77
Gujarat,Vadodara,390019,IN,78
Kerala,Chavakkad,680506,IN,79
Bihar,Patna,800026,IN,80
Tamil Nadu,Chennai,600028,IN,81
Gujarat,Vadodara,390018,IN,82
Gujarat,Vadodara,390003,IN,83
Maharashtra,Pune,411046,IN,84
Jammu & Kashmir,Jammu,180011,IN,85
Karnataka,Bangalore,560026,IN,86
Delhi,New Delhi,110036,IN,87
Haryana,Narnaund,125039,IN,88
Gujarat,Ahmedabad,380051,IN,89
Maharashtra,Ambarnath,421502,IN,90
Madhya Pradesh,Gwalior,474005,IN,91
Delhi,New Delhi,110078,IN,92
Haryana,Rohtak,124001,IN,93
West Bengal,Kolkata,700156,IN,94
Delhi,New Delhi,110034,IN,95
Telangana,Hyderabad,500054,IN,96
Bihar,Patna,800002,IN,97
Telangana,Ramagundam,505211,IN,98
Uttarakhand,Pithoragarh,262501,IN,99
West Bengal,Kolkata,700057,IN,100
Maharashtra,Mumbai,400101,IN,101
Telangana,Hyderabad,500053,IN,102
Assam,"Guwahati, Kamrup (M)",781014,IN,103
Karnataka,Kolar,563101,IN,104
Punjab,Patiala,147001,IN,105
Madhya Pradesh,Rewa,486001,IN,106
Assam,Bongaigaon,783380,IN,107
Telangana,Hyderabad,500087,IN,108
Karnataka,Bengaluru,560055,IN,109
Tamil Nadu,Chengalpattu,603002,IN,110
Tamil Nadu,Perambalur,621212,IN,111
Himachal Pradesh,Bilaspur,174001,IN,112
Tamil Nadu,Chennai,600099,IN,113
Uttar Pradesh,Varanasi,221010,IN,114
Karnataka,Bengaluru,560036,IN,115
Tamil Nadu,Coimbatore,641035,IN,116
Chhattisgarh,Chirmiri,497449,IN,117
Uttar Pradesh,Azamgarh,276302,IN,118
Maharashtra,Kalyan,421306,IN,119
Delhi,New Delhi,110016,IN,120
Assam,Guwahati,781026,IN,121
Karnataka,Mysore,570008,IN,122
Uttar Pradesh,Barabanki,225001,IN,123
Uttar Pradesh,Amila,275301,IN,124
Andhra Pradesh,Vijayawada,520010,IN,125
Chhattisgarh,Rawan Ambuja Cement Plant,493331,IN,126
Uttarakhand,Herbertpur,248142,IN,127
Karnataka,Bengaluru,560048,IN,128
Kerala,Kalamassery,682021,IN,129
Odisha,Puri-2,752002,IN,130
Odisha,Tikabali,762010,IN,131
Bihar,Biharsharif,803115,IN,132
Telangana,Hyderabad,500075,IN,133
Kerala,Paravur,683513,IN,134
Uttar Pradesh,Basti,272001,IN,135
Tamil Nadu,Walajapet,632513,IN,136
Karnataka,Bengaluru,560029,IN,137
Haryana,Mahendragarh,123027,IN,138
Telangana,Hyderabad,500086,IN,139
Delhi,New Delhi,110019,IN,140
Haryana,Gurugram,122002,IN,141
Karnataka,Bengaluru,560022,IN,142
Maharashtra,Mumbai,400069,IN,143
Uttar Pradesh,Bijnor,246722,IN,144
Maharashtra,Mumbai,400078,IN,145
Uttar Pradesh,Allahabad,211001,IN,146
Maharashtra,Vasai Virar,401202,IN,147
Karnataka,Bengaluru,560087,IN,148
Uttar Pradesh,Bijnor,246701,IN,149
Telangana,Hyderabad,500090,IN,150
Karnataka,Bengaluru,560075,IN,151
Karnataka,Mangaluru,575001,IN,152
Telangana,Hyderabad,500034,IN,153
West Bengal,New Town,700059,IN,154
Maharashtra,Mumbai,400016,IN,155
Uttar Pradesh,Sambhal,244302,IN,156
Maharashtra,Nagpur,441002,IN,157
Tamil Nadu,Elavanasurkottai,607202,IN,158
Maharashtra,Sangli Miraj Kupwad,416410,IN,159
Karnataka,Mysuru,570016,IN,160
Gujarat,Ankleshwr,393002,IN,161
Tamil Nadu,Chennai,600117,IN,162
Uttar Pradesh,Greater Noida West,201009,IN,163
Jammu & Kashmir,Jammu,180007,IN,164
Arunachal Pradesh,Itanagar,791113,IN,165
West Bengal,Kolkata,700075,IN,166
Maharashtra,Karanja,444105,IN,167
Rajasthan,Nimbahera,312620,IN,168
Manipur,Imphal East,795010,IN,169
West Bengal,Bidhan Nagar,700064,IN,170
Karnataka,Bengaluru,560064,IN,171
Gujarat,Ahmedabad,380015,IN,172
Tamil Nadu,Tiruchirappalli,620001,IN,173
Odisha,Bhubaneswar,752054,IN,174
Uttar Pradesh,Aligarh,202001,IN,175
Kerala,Kochi,682006,IN,176
Uttar Pradesh,Ghaziabad,201014,IN,177
Maharashtra,Pune,412207,IN,178
Karnataka,Bangalore,560016,IN,179
Kerala,Malappuram,676517,IN,180
Uttar Pradesh,Noida,201301,IN,181
Uttar Pradesh,Greater Noida,201308,IN,182
Bihar,Patna,800023,IN,183
Assam,Sibsagar,785674,IN,184
Bihar,Gaya,823001,IN,185
Karnataka,Bengaluru,560083,IN,186
Haryana,Gurugram,122001,IN,187
Kerala,Kollam,691522,IN,188
Kerala,Peralasseri,670622,IN,189
Karnataka,Bengaluru,560102,IN,190
Karnataka,Bengaluru,560100,IN,191
Karnataka,Udupi,576104,IN,192
Assam,Mariani,785634,IN,193
Delhi,New Delhi,110075,IN,194
Karnataka,Mangaluru,575006,IN,195
Gujarat,Ahmedabad,380022,IN,196
West Bengal,Kolkata,700051,IN,197
West Bengal,Cooch Behar,736101,IN,198
Maharashtra,Pune,411037,IN,199
Uttarakhand,Dehradun,248009,IN,200
Jharkhand,Jharia Khas,828111,IN,201
West Bengal,Kolkata,700070,IN,202
Telangana,Secunderabad,500010,IN,203
Rajasthan,Udaipur,313001,IN,204
Tamil Nadu,Coimbatore,641030,IN,205
Odisha,Bhubaneswar,751006,IN,206
Bihar,Bhagalpur,812003,IN,207
Maharashtra,Nagpur,440036,IN,208
Tamil Nadu,Chennai,600096,IN,209
West Bengal,Berhampore,742103,IN,210
Madhya Pradesh,Seoni,480661,IN,211
Uttar Pradesh,Agra,282002,IN,212
Uttar Pradesh,Lucknow,226029,IN,213
Karnataka,Bengaluru,560067,IN,214
Bihar,Patna,800001,IN,215
Uttar Pradesh,Ghaziabad,201012,IN,216
Himachal Pradesh,Nermand,172023,IN,217
Tamil Nadu,Chennai,600010,IN,218
Telangana,Kamareddy,503111,IN,219
Jammu & Kashmir,Srinagar,190015,IN,220
Karnataka,Bengaluru,560042,IN,221
Karnataka,Muddebihal,586212,IN,222
Andhra Pradesh,Santhamaguluru Mandal,523302,IN,223
Telangana,Hyderabad,500058,IN,224
Delhi,New Delhi,110045,IN,225
Karnataka,Bengaluru,562125,IN,226
West Bengal,Kolkata 700034,700034,IN,227
West Bengal,Kolkata,700045,IN,228
Telangana,Hyderabad,500001,IN,229
West Bengal,Baruipur,700145,IN,230
Odisha,Kendrapara,754211,IN,231
Andhra Pradesh,Vijayawada,521225,IN,232
Maharashtra,Mumbai,400072,IN,233
Maharashtra,Nashik,422003,IN,234
Maharashtra,Thane,401107,IN,235
Punjab,Hoshiarpur,146001,IN,236
Karnataka,Bengaluru,560010,IN,237
Maharashtra,Barshi,413401,IN,238
Telangana,Hyderabad,500089,IN,239
Karnataka,Bengaluru,560068,IN,240
Tamil Nadu,Chennai,600036,IN,241
Haryana,Chandi Mandir,134107,IN,242
Madhya Pradesh,Ujjain,456010,IN,243
Uttarakhand,Haldwani,263139,IN,244
Tamil Nadu,Chennai,600125,IN,245
Maharashtra,Mumbai,400049,IN,246
Uttarakhand,Uttarkashi,249193,IN,247
Goa,Old Goa,403107,IN,248
Madhya Pradesh,Maheshwar,451224,IN,249
Uttar Pradesh,Hardoi,241001,IN,250
Telangana,Hyderabad,500073,IN,251
Meghalaya,Shillong,793008,IN,252
Madhya Pradesh,Dhamnod Dhar District,454552,IN,253
Karnataka,Bengaluru,560070,IN,254
West Bengal,Chakdaha,741222,IN,255
Tamil Nadu,Chennai,600082,IN,256
West Bengal,Kolkata,700044,IN,257
Karnataka,Chikkamagaluru,577101,IN,258
Odisha,Bhubaneswar,751003,IN,259
Haryana,Gurugram,122018,IN,260
West Bengal,Kolkata,700050,IN,261
Uttar Pradesh,Allahabad,211004,IN,262
Uttar Pradesh,Lucknow,226022,IN,263
West Bengal,Kolkata,700089,IN,264
West Bengal,Malda,732101,IN,265
Andhra Pradesh,Nellore,524314,IN,266
Goa,Cuncolim,403703,IN,267
Telangana,Hyderabad,500068,IN,268
Maharashtra,Pune,411028,IN,269
Kerala,Trivandrum,695003,IN,270
Uttar Pradesh,Kanpur,208027,IN,271
Tamil Nadu,Chinnalapatti,624301,IN,272
Karnataka,Bengaluru,560072,IN,273
Uttarakhand,Bageshwar,263642,IN,274
Delhi,New Delhi,110059,IN,275
West Bengal,Barrackpore,700122,IN,276
Maharashtra,Dombivali  East,421201,IN,277
Delhi,New Delhi,110017,IN,278
Bihar,Patna,801105,IN,279
Telangana,Hyderabad,500070,IN,280
Delhi,New Delhi,110085,IN,281
West Bengal,New Town,700135,IN,282
Telangana,Hyderabad,502319,IN,283
Delhi,New Delhi,110096,IN,284
Assam,Sibsagar,785667,IN,285
Jammu & Kashmir,Jammu,180015,IN,286
Maharashtra,Pune,411019,IN,287
Kerala,Pathanapuram,689695,IN,288
Uttar Pradesh,Jaunpur,222001,IN,289
Maharashtra,Solapur,413001,IN,290
Maharashtra,Pune,411047,IN,291
Telangana,Mahbubnagar,509001,IN,292
Uttarakhand,Nk Sweets Vikasnagar,248198,IN,293
West Bengal,Darjeeling,734101,IN,294
Jharkhand,Ranchi,834001,IN,295
Karnataka,Bengaluru,560019,IN,296
Punjab,Ludhiana,141001,IN,297
Telangana,Hyderabad,500043,IN,298
Bihar,Muzaffarpur,842002,IN,299
Telangana,Secunderabad,500011,IN,300
Uttar Pradesh,Sonbhadra,231216,IN,301
Andhra Pradesh,Kakinada,533003,IN,302
West Bengal,Haldia,721635,IN,303
Telangana,Hyderabad,500056,IN,304
Goa,Tivim,403502,IN,305
Tamil Nadu,Chennai,600024,IN,306
Uttar Pradesh,Agra,282001,IN,307
Gujarat,Mandvi Kachchh District,370465,IN,308
Odisha,Sambalpur,768004,IN,309
Tamil Nadu,Kanniyakumari,629701,IN,310
Maharashtra,"Chinchwad ,Pune",411019,IN,311
Telangana,Hyderabad,500094,IN,312
Tamil Nadu,Chennai,600091,IN,313
Bihar,Purnia,854301,IN,314
West Bengal,Kolkata,700059,IN,315
Meghalaya,Shillong,793022,IN,316
Maharashtra,Pune,411057,IN,317
Andhra Pradesh,Tadepalligudem,534101,IN,318
Uttar Pradesh,Ghaziabad,201001,IN,319
Madhya Pradesh,Gwalior,474001,IN,320
Maharashtra,Akola,444101,IN,321
Assam,Jorhat,785001,IN,322
Tamil Nadu,Chennai,600100,IN,323
Karnataka,Ramanagara,562159,IN,324
Karnataka,Vijayapur,586109,IN,325
Jharkhand,Bokaro Steel City,827001,IN,326
Karnataka,Bengaluru,560008,IN,327
Uttar Pradesh,Lucknow,226002,IN,328
Telangana,Khammam,507003,IN,329
Delhi,New Delhi,110084,IN,330
Maharashtra,Aurangabad,431002,IN,331
Madhya Pradesh,Gadarwara,487551,IN,332
Telangana,Hyderabad,500050,IN,333
Puducherry,Puducherry,605001,IN,334
Maharashtra,Shirdi,423109,IN,335
Tamil Nadu,Vellore,632004,IN,336
Karnataka,Mangaluru,575007,IN,337
Madhya Pradesh,Singrauli,486889,IN,338
Delhi,New Delhi,110063,IN,339
Karnataka,Bengaluru,560077,IN,340
Maharashtra,Mumbai,400097,IN,341
Kerala,Thrippunithura,682301,IN,342
Odisha,Kendujhar,758001,IN,343
Maharashtra,Mumbai,400066,IN,344
Maharashtra,Kalyan,421201,IN,345
Tamil Nadu,Chennai,600015,IN,346
Tamil Nadu,Chennai,600115,IN,347
Haryana,Gurugram,122022,IN,348
Punjab,Ludhiana,141012,IN,349
Goa,Nerul,403114,IN,350
Manipur,Imphal,795004,IN,351
Assam,Palasbari,781120,IN,352
Karnataka,Chikkaballapur,562101,IN,353
West Bengal,Andul Near Maya Stores,711302,IN,354
Karnataka,Bengaluru,560078,IN,355
Maharashtra,Mumbai,400067,IN,356
Telangana,Hyderabad,500067,IN,357
Karnataka,Bengaluru,560011,IN,358
Karnataka,Bengaluru,560035,IN,359
Gujarat,Surat,395007,IN,360
Andhra Pradesh,Chittoor,517001,IN,361
Karnataka,Kadur,577548,IN,362
Rajasthan,Suratgarh,335804,IN,363
Maharashtra,Mira Road,401107,IN,364
Maharashtra,Mumbai,400095,IN,365
Punjab,Dinanagar,143531,IN,366
West Bengal,Kolkata,700028,IN,367
Maharashtra,Kalyan,421004,IN,368
Tamil Nadu,Arakandanallur,605752,IN,369
Madhya Pradesh,Bhopal,462038,IN,370
Haryana,Gurgaon,122001,IN,371
Telangana,Hyderabad,500036,IN,372
Chhattisgarh,Bhatgaon,497235,IN,373
Odisha,Bhanjanagar,761126,IN,374
Andhra Pradesh,Visakhapatnam,531173,IN,375
Andhra Pradesh,Madhurawada,530048,IN,376
Uttarakhand,Almora,263601,IN,377
Andhra Pradesh,Proddatur,516360,IN,378
Maharashtra,Shrigonda,413701,IN,379
Telangana,Warangal,506330,IN,380
Tamil Nadu,Chennai,600089,IN,381
Uttar Pradesh,Faizabad,224001,IN,382
Rajasthan,Bhiwadi,301019,IN,383
Karnataka,Bangalore,560078,IN,384
Uttar Pradesh,Allahabad,211002,IN,385
Telangana,Warangal,506009,IN,386
Gujarat,Vadodara,390011,IN,387
Delhi,New Delhi,110030,IN,388
Maharashtra,Nashik,422101,IN,389
West Bengal,Malda,732103,IN,390
Maharashtra,Kalyan,421301,IN,391
Andhra Pradesh,Visakhapatnam,530047,IN,392
Kerala,Kollam,690521,IN,393
Karnataka,Bengaluru,560021,IN,394
Maharashtra,Mumbai,400042,IN,395
Andhra Pradesh,Guntur,522614,IN,396
Gujarat,Ahmedabad,380058,IN,397
Karnataka,Mangaluru,575002,IN,398
Karnataka,Bengaluru,560043,IN,399
Maharashtra,Pune,411033,IN,400
Uttarakhand,Roorkee,247667,IN,401
Maharashtra,Nagpur,440006,IN,402
Odisha,Golabandha,761002,IN,403
West Bengal,Bhatpara,743127,IN,404
Himachal Pradesh,Palampur,176092,IN,405
Maharashtra,Pune,411001,IN,406
Uttar Pradesh,Kanpur,208017,IN,407
Maharashtra,Mumbai,400074,IN,408
Tamil Nadu,Chennai,600128,IN,409
Delhi,New Delhi,110058,IN,410
Madhya Pradesh,Pichhore Shivpuri District,473995,IN,411
Uttar Pradesh,Lucknow,226025,IN,412
Uttar Pradesh,Sikandarabad Industrial Area,203205,IN,413
Maharashtra,Mumbai,400098,IN,414
Kerala,Thiruvananthapuram,695005,IN,415
Kerala,Mavelikkara,690107,IN,416
West Bengal,Kolkata,700022,IN,417
Maharashtra,Thane,400615,IN,418
Karnataka,Mysuru,570001,IN,419
Punjab,Qadian,143516,IN,420
Odisha,Bhubaneswar,751021,IN,421
Karnataka,Kalaburgi,585101,IN,422
Maharashtra,Nagpur,440003,IN,423
Telangana,Rangareddy,509327,IN,424
Telangana,Hyderabad,500013,IN,425
Gujarat,Ahmedabad,380054,IN,426
Tamil Nadu,Chennai,600063,IN,427
Tripura,Dharmanagar,799250,IN,428
Rajasthan,Jaipur,302012,IN,429
Haryana,Jhajjar,124103,IN,430
Telangana,Hyderabad,500005,IN,431
Karnataka,Bengaluru,560105,IN,432
Jharkhand,Jamshedpur,831005,IN,433
Gujarat,Vadodara,390016,IN,434
Uttar Pradesh,Meerut,250001,IN,435
Uttar Pradesh,Gorakhpur,273004,IN,436
Karnataka,Mudbidri,574227,IN,437
Goa,Vasco Da Gama,403802,IN,438
Gujarat,Nadiad,387001,IN,439
Jammu & Kashmir,Janipur,180007,IN,440
Maharashtra,Nagpur,440015,IN,441
Uttar Pradesh,Ghaziabad,201009,IN,442
Telangana,Hyderabad,500006,IN,443
Andhra Pradesh,Visakhapatnam,530027,IN,444
Uttar Pradesh,Kanpurkanpur,208013,IN,445
Telangana,Hyderabad,500098,IN,446
Uttar Pradesh,Hamirpur,210504,IN,447
Tamil Nadu,Chennai,600086,IN,448
Punjab,Amritsar,143001,IN,449
Delhi,New Delhi,110039,IN,450
Tamil Nadu,Coimbatore,641037,IN,451
Rajasthan,Pali,306401,IN,452
Maharashtra,Bassein,401201,IN,453
Kerala,Thiruvalla,689101,IN,454
Manipur,Imphal,795113,IN,455
Tamil Nadu,Ambasamudram,627401,IN,456
Kerala,Pathanamthitta,689698,IN,457
Tamil Nadu,Chennai,600002,IN,458
Andhra Pradesh,Vizianagaram,535002,IN,459
Andhra Pradesh,Chittoor District,517113,IN,460
Uttar Pradesh,Rae Bareli,229001,IN,461
Bihar,Benipur,847201,IN,462
Uttarakhand,Khatima,262308,IN,463
Tamil Nadu,Erode,638005,IN,464
Jharkhand,Bokaro Steel City,827012,IN,465
Maharashtra,Ulhasnagar,421001,IN,466
Madhya Pradesh,Indore,452010,IN,467
Punjab,Halwara,141106,IN,468
Maharashtra,Thane,401101,IN,469
Karnataka,Bengaluru,560056,IN,470
Tamil Nadu,"Neelakudi, Thiruvarur",610005,IN,471
Rajasthan,Jaipur,302021,IN,472
Odisha,Cuttack,753009,IN,473
West Bengal,Kolkata,700032,IN,474
Andhra Pradesh,Vijayawada,520015,IN,475
Maharashtra,Vasai Virar,401209,IN,476
Himachal Pradesh,Shimla,171009,IN,477
Tamil Nadu,Coimbatore,641062,IN,478
Bihar,Darbhanga,846003,IN,479
West Bengal,Burdwan,713101,IN,480
Telangana,Hyderabad,500055,IN,481
West Bengal,Kolkata,700017,IN,482
Telangana,Secunderabad,500094,IN,483
Maharashtra,Mihan,441110,IN,484
Uttar Pradesh,Khurja,203131,IN,485
Delhi,New Delhi,110029,IN,486
Ladakh,Choglamsar,194104,IN,487
Karnataka,Bengaluru,560033,IN,488
Maharashtra,Yavatmal,445001,IN,489
Uttar Pradesh,Allahabad,212404,IN,490
Odisha,Redhakhol,768106,IN,491
Haryana,Faridabad,121002,IN,492
Tamil Nadu,Chennai,600071,IN,493
Meghalaya,Shillong,793018,IN,494
Telangana,Hyderabad,500084,IN,495
Uttar Pradesh,Faridpur Bareilly District,243503,IN,496
Odisha,Rourkela,769015,IN,497
Andhra Pradesh,Vizianagaram,535004,IN,498
Rajasthan,Jaipur,302019,IN,499
Karnataka,Dharwad,580003,IN,500
Himachal Pradesh,Daulatpur,177204,IN,501
Maharashtra,Jalna,431203,IN,502
Telangana,Karimnagar,505001,IN,503
Delhi,New Delhi,110033,IN,504
Maharashtra,"Arvi,Dist- Wardha",442201,IN,505
West Bengal,Kurseong,734203,IN,506
Telangana,Hyderabad,500015,IN,507
Maharashtra,Nandura,443404,IN,508
Dadra and Nagar Haveli and Daman and Diu,Diu,362570,IN,509
Maharashtra,Mumbai 400101,400101,IN,510
Uttar Pradesh,Ghaziabad,201010,IN,511
Tamil Nadu,Chennai,600012,IN,512
Tamil Nadu,Ponneri,601204,IN,513
Telangana,Hyderabad,500049,IN,514
West Bengal,Serampore,712249,IN,515
Karnataka,Kinnigoli,574141,IN,516
Uttar Pradesh,Mirzapur Cum Vindhyachal,231001,IN,517
Karnataka,Bengaluru,560016,IN,518
Assam,Dibrugarh,786001,IN,519
Maharashtra,Thane,401105,IN,520
Karnataka,Bengaluru,560066,IN,521
West Bengal,Deganga,743438,IN,522
West Bengal,Kolkata,700033,IN,523
Assam,Karimganj,788710,IN,524
Gujarat,Ahmedabad,382340,IN,525
Kerala,Alathur,678572,IN,526
Kerala,Aluva,683102,IN,527
Tamil Nadu,Chennai,600083,IN,528
Uttar Pradesh,Azamgarh,276141,IN,529
Kerala,Chengamanad,683102,IN,530
Maharashtra,Nagpur,441110,IN,531
Telangana,Nizamabad,503001,IN,532
Maharashtra,Loni Kalbhor,412201,IN,533
Jharkhand,Khelari,829205,IN,534
Karnataka,Bengaluru,560097,IN,535
Uttar Pradesh,Ghazipur,233001,IN,536
West Bengal,Kolkata,700034,IN,537
Maharashtra,Pune,411048,IN,538
Odisha,Cuttack,753001,IN,539
Karnataka,Kalaburgi,585104,IN,540
Bihar,Katihar,855102,IN,541
Karnataka,Bengaluru,560086,IN,542
Tamil Nadu,Nagercoil,629002,IN,543
Maharashtra,Mumbai,400077,IN,544
Telangana,Kothagudem,507101,IN,545
Rajasthan,Bhinder,313603,IN,546
Gujarat,Ahmedabad,382481,IN,547
Tamil Nadu,Chennai,600078,IN,548
Punjab,Jalandhar,144005,IN,549
Andhra Pradesh,Narasapur,534275,IN,550
Kerala,Palakkad,678502,IN,551
Andhra Pradesh,Parvathipuram,535501,IN,552
Maharashtra,Pune,411024,IN,553
Maharashtra,Mumbai,400030,IN,554
Madhya Pradesh,Satna,485001,IN,555
Tamil Nadu,Padur,603103,IN,556
Tamil Nadu,Madurai,625007,IN,557
Maharashtra,Mumbai,400029,IN,558
Uttar Pradesh,Ballia,277001,IN,559
Maharashtra,Pune,411041,IN,560
Haryana,Faridabad,121003,IN,561
Maharashtra,Kalyan,421204,IN,562
Telangana,Devarakonda,508248,IN,563
Haryana,Gurugram,122017,IN,564
Kerala,Thrissur,680003,IN,565
Karnataka,Bangalore,560061,IN,566
Karnataka,Bengaluru,560057,IN,567
Karnataka,Bengaluru,560032,IN,568
Tamil Nadu,Dharmapuri,636701,IN,569
Uttar Pradesh,Meerut,250002,IN,570
Telangana,Secunderabad,500009,IN,571
Uttar Pradesh,Noida,201305,IN,572
Jharkhand,Danguwapasi,833212,IN,573
Assam,Dhemaji,786189,IN,574
Maharashtra,Pulgaon,442302,IN,575
Kerala,Akathiyoor,680542,IN,576
Delhi,Shakarpur,110092,IN,577
West Bengal,Kolkata,700004,IN,578
Manipur,Imphal East,795008,IN,579
Andhra Pradesh,Chebrolu,522212,IN,580
Kerala,Alappuzha,688006,IN,581
Uttar Pradesh,Akbarpur,224122,IN,582
Maharashtra,Nagpur,441111,IN,583
West Bengal,Nabagram Colony,712246,IN,584
West Bengal,Kolkata,700074,IN,585
Maharashtra,Thane,400604,IN,586
Kerala,Kozhikode,673574,IN,587
Puducherry,Puducherry,605009,IN,588
Delhi,New Delhi,110086,IN,589
West Bengal,New Town,700156,IN,590
Karnataka,Nelamangala,562123,IN,591
Odisha,"Kotpad, Koraput",764058,IN,592
Odisha,Bhubaneswar,751015,IN,593
Maharashtra,Nashik,422401,IN,594
Bihar,Katihar,854107,IN,595
West Bengal,Kolkata,700090,IN,596
Kerala,Alappuzha,688002,IN,597
Delhi,New Delhi,110008,IN,598
Uttar Pradesh,Bareilly,243001,IN,599
Delhi,New Delhi,110007,IN,600
West Bengal,Kolkata,700039,IN,601
Tamil Nadu,Chennai,600043,IN,602
Tamil Nadu,Chennai,600093,IN,603
Maharashtra,Tirora,441911,IN,604
Punjab,Zirakpur,140603,IN,605
Gujarat,Vadodara,390025,IN,606
Rajasthan,Ajmer,305001,IN,607
Karnataka,Madikeri,571201,IN,608
Kerala,Thrissur,680596,IN,609
Maharashtra,Pune,411006,IN,610
Karnataka,Bengaluru,560091,IN,611
Tamil Nadu,Chennai,600040,IN,612
Jammu & Kashmir,Jammu,181124,IN,613
Rajasthan,Dungarpur,314031,IN,614
Haryana,Panchkula,134117,IN,615
Gujarat,Dholka,382225,IN,616
Jharkhand,Daltonganj,822102,IN,617
Karnataka,Bengaluru,560094,IN,618
Punjab,Bathinda,151001,IN,619
Uttar Pradesh,Lucknow,226026,IN,620
Telangana,Hyderabad,501505,IN,621
Maharashtra,Nagpur,440030,IN,622
Jharkhand,Ranchi,834003,IN,623
Bihar,Patna,800024,IN,624
Karnataka,"Kamatgi,Hunugund Taluk,Bagalkot District",587120,IN,625
Assam,Guwahati,781017,IN,626
Assam,Guwahati,781015,IN,627
Jharkhand,Ranchi,834009,IN,628
Tamil Nadu,Chennai,600088,IN,629
Odisha,Bhubaneswar,751001,IN,630
Delhi,New Delhi,110068,IN,631
Maharashtra,Nagpur,440013,IN,632
Maharashtra,Arni,445103,IN,633
Gujarat,Morbi,363641,IN,634
Tamil Nadu,Chennai,600106,IN,635
Karnataka,Bantwal,574211,IN,636
Assam,Guwahati,781035,IN,637
Odisha,Ganjam,761209,IN,638
Madhya Pradesh,Dewas,455001,IN,639
Maharashtra,Pune,411040,IN,640
Bihar,Patna,800003,IN,641
Rajasthan,Nagaur,342037,IN,642
Uttar Pradesh,Kanpur,209864,IN,643
Kerala,Neyyattinkara,695122,IN,644
Tamil Nadu,Coimbatore,641049,IN,645
Maharashtra,Mumbai,400012,IN,646
West Bengal,Siliguri,734013,IN,647
Karnataka,Kushalanagara,571234,IN,648
West Bengal,Kolkata,700008,IN,649
Tamil Nadu,Chennai,603112,IN,650
West Bengal,Simlapal,722151,IN,651
Bihar,Narkatiaganj,845455,IN,652
Maharashtra,"Wagholi, Pune",412207,IN,653
Nagaland,Kohima,797001,IN,654
Punjab,Jalandhar,144008,IN,655
Gujarat,Surat,394210,IN,656
Maharashtra,Thane (W),400601,IN,657
Karnataka,Mysuru,570023,IN,658
Delhi,New Delhi,110052,IN,659
Goa,Porvorim,403501,IN,660
Uttar Pradesh,Noida,201304,IN,661
Telangana,Hyderabad,500016,IN,662
Maharashtra,Vasai,401201,IN,663
Assam,Guwahati,781011,IN,664
Maharashtra,Sangli,416416,IN,665
Gujarat,Vadodara,390010,IN,666
Tamil Nadu,Coimbatore,641006,IN,667
Kerala,Kottayam,686020,IN,668
Kerala,Dharmadom,670661,IN,669
Maharashtra,Mumbai,400037,IN,670
Maharashtra,Vasai Virar,401208,IN,671
Punjab,Ludhiana,141008,IN,672
Rajasthan,Nathdwara,313301,IN,673
Uttar Pradesh,Varanasi,221002,IN,674
Karnataka,Ullal,575018,IN,675
Maharashtra,Nanded Waghala,431606,IN,676
Karnataka,Bengaluru,560024,IN,677
Telangana,Sangareddy District,502345,IN,678
Maharashtra,Nagpur,440007,IN,679
Telangana,Hyderabad,500079,IN,680
Tamil Nadu,Madurai,625010,IN,681
Tamil Nadu,Coimbatore,641045,IN,682
Maharashtra,Thane,400606,IN,683
Karnataka,Belagavi,590006,IN,684
Telangana,Hyderabad,500081,IN,685
Bihar,Patna,800008,IN,686
Tamil Nadu,Kanniyakumari,629177,IN,687
Telangana,Hyderabad,500033,IN,688
Telangana,Hyderabad,500012,IN,689
Maharashtra,Mumbai,400063,IN,690
Uttar Pradesh,Lucknow,226012,IN,691
West Bengal,Kolkata,700019,IN,692
West Bengal,Kolkata,700151,IN,693
Telangana,Isnapur,502307,IN,694
Puducherry,Puducherry,605110,IN,695
Odisha,Basudebpur,756125,IN,696
Andhra Pradesh,Puttaparthi,515134,IN,697
Karnataka,Bengaluru,560002,IN,698
Uttar Pradesh,Biswan,261201,IN,699
Assam,Guwahati,781007,IN,700
Tamil Nadu,Villupuram,605602,IN,701
Assam,Kampur Town,782426,IN,702
West Bengal,Barasat,700129,IN,703
Maharashtra,Mumbai,400088,IN,704
Andhra Pradesh,Lakkavaram,534451,IN,705
Delhi,New Delhi,110003,IN,706
Jharkhand,Hazaribagh,825302,IN,707
Uttar Pradesh,Allahabad,211016,IN,708
Uttar Pradesh,Meerut Cantt,250001,IN,709
Karnataka,Mysore,570010,IN,710
Maharashtra,Pune,411023,IN,711
Uttar Pradesh,Mathura,281004,IN,712
Maharashtra,Naigoan,401208,IN,713
Chhattisgarh,Bhilai,490020,IN,714
Haryana,Jind,126102,IN,715
Tamil Nadu,Chennai,600077,IN,716
Maharashtra,Mumbai,400015,IN,717
Karnataka,Bengaluru,560050,IN,718
Gujarat,Sanand,382110,IN,719
Telangana,Hyderabad,500100,IN,720
Telangana,Hyderabad,500083,IN,721
Karnataka,Bengaluru,560084,IN,722
Karnataka,Hoskote,562114,IN,723
Gujarat,Surat,395009,IN,724
Gujarat,Vadodara,390021,IN,725
Maharashtra,Pimpri Chinchwad,411033,IN,726
Maharashtra,Pimpri Chinchwad,412101,IN,727
Gujarat,Vadodara,390006,IN,728
Bihar,Motihari,845401,IN,729
Uttar Pradesh,Meerut,250004,IN,730
Uttar Pradesh,Noida,201309,IN,731
Karnataka,Davangere,577004,IN,732
Telangana,Hyderabad,500020,IN,733
Kerala,Kochi,682030,IN,734
Gujarat,Jetpur,360370,IN,735
Karnataka,Bangalore,560035,IN,736
West Bengal,Raiganj,733130,IN,737
Maharashtra,Navi Mumbai,410206,IN,738
Uttar Pradesh,Noida Extension,201305,IN,739
Tamil Nadu,Coimbatore,641027,IN,740
Gujarat,Dohad,389151,IN,741
Haryana,Karnal,132001,IN,742
Maharashtra,Nagpur,440024,IN,743
Rajasthan,Jaipur,302018,IN,744
Andhra Pradesh,Chittoor,517002,IN,745
Bihar,Patna,800013,IN,746
West Bengal,Kolkata,700010,IN,747
Maharashtra,Lonavala,410405,IN,748
Uttar Pradesh,Deoria,274001,IN,749
Maharashtra,Mumbai,400017,IN,750
Kerala,Thiruvananthapuram,695004,IN,751
Maharashtra,Dombivli West,421202,IN,752
Andhra Pradesh,Yerraguntla,516309,IN,753
Haryana,Faridabad,121010,IN,754
Delhi,New Delhi,110054,IN,755
Maharashtra,Mumbai,400068,IN,756
Himachal Pradesh,Mandi,175008,IN,757
Rajasthan,Jodhpur,342001,IN,758
Tamil Nadu,Sriperumbudur,602105,IN,759
Maharashtra,Nashik,422009,IN,760
Karnataka,Bengaluru,560028,IN,761
Maharashtra,Mumbai,400089,IN,762
Karnataka,Hubballi,580023,IN,763
Karnataka,Bengaluru,560059,IN,764
Kerala,Thiruvananthapuram,695009,IN,765
Uttar Pradesh,Ghaziabad,201005,IN,766
Madhya Pradesh,Sidhi,486661,IN,767
Maharashtra,Pune,411036,IN,768
Maharashtra,Mumbai,400102,IN,769
Tamil Nadu,Chennai,600003,IN,770
Tripura,Agartala,799003,IN,771
West Bengal,"Durganagar ,Nimta South",700049,IN,772
Chhattisgarh,Durg,491001,IN,773
Uttar Pradesh,Gorakhpur,273001,IN,774
West Bengal,Karimpur,741152,IN,775
Haryana,Mustafabad,133103,IN,776
Tripura,Agartala,799006,IN,777
Kerala,Koothparamba,670612,IN,778
Kerala,Ernakulam,682017,IN,779
Kerala,Kattangal,673601,IN,780
Rajasthan,Sikar,332001,IN,781
Delhi,New Delhi,110023,IN,782
Karnataka,Bengaluru,560046,IN,783
Madhya Pradesh,Gwalior,474011,IN,784
Rajasthan,Dabi,323022,IN,785
Uttar Pradesh,Noida,201310,IN,786
Bihar,Arwal,804421,IN,787
Jharkhand,Pakaur,816107,IN,788
Kerala,Ernakulam,686664,IN,789
Tamil Nadu,Coimbatore,641041,IN,790
Telangana,Hyderabad,500080,IN,791
Andhra Pradesh,Phirangipuram,522529,IN,792
Jharkhand,Dhanbad,826001,IN,793
Rajasthan,Jaipur,302004,IN,794
Tamil Nadu,Chennai,600004,IN,795
Tamil Nadu,Punjaipuliampatti,638459,IN,796
Karnataka,Bengaluru,560093,IN,797
Tamil Nadu,Attur,636121,IN,798
West Bengal,Kolkata,700024,IN,799
Andhra Pradesh,Kadapa,516001,IN,800
Maharashtra,Mumbai,400093,IN,801
Uttar Pradesh,Badlapur,222125,IN,802
Rajasthan,Jaipur,302006,IN,803
Rajasthan,Udaipurudipur,313002,IN,804
Karnataka,Bangalore,560004,IN,805
Punjab,Adampur,144102,IN,806
Telangana,Sathupally,507303,IN,807
Karnataka,"Chamarajanagar, District And Subdistrict",571127,IN,808
Tamil Nadu,Krishnagiri,635103,IN,809
Karnataka,Tumakuru,572102,IN,810
Odisha,Bhubaneswar,751012,IN,811
Haryana,Gurugram,122101,IN,812
Maharashtra,Pune,411042,IN,813
Punjab,Ludhiana,141003,IN,814
Maharashtra,Pune,411060,IN,815
Uttar Pradesh,Unnao,209863,IN,816
Tamil Nadu,Chennai,600113,IN,817
Karnataka,Bangalore,560075,IN,818
Tamil Nadu,Chennai,600054,IN,819
Chhattisgarh,Kawardha,491995,IN,820
Gujarat,Vadodara,390009,IN,821
Maharashtra,Bhandara,441904,IN,822
Assam,Guwahati,781006,IN,823
Maharashtra,Aurangabad,431113,IN,824
Telangana,Hyderabad,500096,IN,825
Goa,Ponda,403401,IN,826
Rajasthan,Bhilwara,311001,IN,827
Maharashtra,Thane,400610,IN,828
Haryana,Sohna,122102,IN,829
Kerala,Kannamangalam Alappuzha District,690109,IN,830
Kerala,Kottayam,686006,IN,831
Maharashtra,Mumbai,400018,IN,832
Telangana,Hyderabad,500010,IN,833
Maharashtra,Darwha,445202,IN,834
Telangana,Hyderabad,500035,IN,835
Gujarat,Gandhinagar,382007,IN,836
Maharashtra,Pune,411005,IN,837
Haryana,Faridabad,121008,IN,838
Gujarat,Ahmedabad,380052,IN,839
Haryana,Gurugram,122006,IN,840
Kerala,Tirur,676107,IN,841
Tamil Nadu,Chennai,600110,IN,842
Karnataka,Bengaluru,560001,IN,843
Chandigarh,Chandigarh,160022,IN,844
Jharkhand,Ranchi,834008,IN,845
West Bengal,Berhampore,742101,IN,846
Maharashtra,Nagpur,440009,IN,847
Kerala,Kadungalloor,683110,IN,848
Maharashtra,Mumbai,400050,IN,849
Andhra Pradesh,Nellore,524003,IN,850
Bihar,Patna,801503,IN,851
Tamil Nadu,Kancheepuram,631502,IN,852
Uttar Pradesh,Gautam Buddha Nagar,201309,IN,853
Telangana,Hyderabad,500097,IN,854
Madhya Pradesh,Khandwa,450001,IN,855
Gujarat,Vadodara,391101,IN,856
Madhya Pradesh,Murwara Katni,483504,IN,857
Odisha,Sambalpur,768002,IN,858
Bihar,Majhaulia,845454,IN,859
Dadra and Nagar Haveli and Daman and Diu,Daman,396210,IN,860
Tamil Nadu,Madukkarai,641105,IN,861
Kerala,Karunagappally,690573,IN,862
Maharashtra,Navi Mumbai,400705,IN,863
Telangana,Hyderabad,500029,IN,864
Uttar Pradesh,Lucknow,226018,IN,865
Maharashtra,Kalyan West,421301,IN,866
Maharashtra,Sangli,415301,IN,867
West Bengal,Rishra,712249,IN,868
Maharashtra,Aurangabad,431003,IN,869
Karnataka,Bengaluru,560099,IN,870
Tamil Nadu,Chennai,600058,IN,871
Odisha,Berhampur,760001,IN,872
Maharashtra,Pune,411008,IN,873
Maharashtra,Pune,411007,IN,874
Haryana,Gurugram,122505,IN,875
Maharashtra,Nagpur,440027,IN,876
Assam,Guwahati,781036,IN,877
Odisha,Bhubaneswar,751024,IN,878
Delhi,New Delhi,110024,IN,879
Karnataka,Beltangadi,574224,IN,880
Andhra Pradesh,Pedaamiram,534204,IN,881
Andhra Pradesh,Guntur,522006,IN,882
Uttar Pradesh,Ghaziabad,201002,IN,883
Andhra Pradesh,Kadapa,516356,IN,884
Maharashtra,Aurangabad,431009,IN,885
Karnataka,Bengaluru,560049,IN,886
Uttar Pradesh,Bijpur,231223,IN,887
Bihar,Patna,800007,IN,888
Maharashtra,Wardha,442001,IN,889
Haryana,Gurugram,122009,IN,890
Haryana,Fatehabad,125050,IN,891
Jharkhand,Bokaro Steel City,827013,IN,892
Tamil Nadu,Chennai,600074,IN,893
Maharashtra,Kadegaon,415304,IN,894
Himachal Pradesh,Shimla,171005,IN,895
Telangana,Hyderabad,500064,IN,896
Assam,Guwahati,781028,IN,897
West Bengal,Konnagar,712235,IN,898
Maharashtra,Navi Mumbai,400706,IN,899
Kerala,Mulamthuruthy,682314,IN,900
Telangana,Secunderabad,500061,IN,901
Himachal Pradesh,Totu,171011,IN,902
Kerala,Udma,671319,IN,903
Andhra Pradesh,Nellore,524004,IN,904
Tamil Nadu,Rayagiri,627764,IN,905
Himachal Pradesh,Bilaspur,171102,IN,906
Delhi,New Delhi,110021,IN,907
West Bengal,Kolkata,700053,IN,908
Gujarat,Navsari,396445,IN,909
Punjab,Barnala,148109,IN,910
Karnataka,Mandya,571401,IN,911
West Bengal,Kolkata,700092,IN,912
Maharashtra,Dombivli(E),421203,IN,913
Madhya Pradesh,Gwalior,474020,IN,914
Tamil Nadu,Kanchipuram,600059,IN,915
Kerala,Kannur,670571,IN,916
West Bengal,Kolkata,700102,IN,917
Maharashtra,"Mumbai,Malad West,Malvani.",400095,IN,918
Gujarat,Vilayat Gidc,392020,IN,919
Telangana,Khammam,507002,IN,920
Karnataka,Mangaluru,575003,IN,921
Tamil Nadu,Sipcot Perundurai,638052,IN,922
West Bengal,Kolkata,700084,IN,923
Maharashtra,Pune,411038,IN,924
Tamil Nadu,Maraimalainagar,603209,IN,925
Karnataka,Mysuru,570017,IN,926
Bihar,Kishanganj,855115,IN,927
Kerala,Thiruvananthapuram,695581,IN,928
Bihar,Bettiah,845438,IN,929
Karnataka,Bangalore,560083,IN,930
West Bengal,Dist Alipurduar,735214,IN,931
Chhattisgarh,Barsur,494441,IN,932
Tamil Nadu,Chennai,602117,IN,933
Kerala,Panmana,691583,IN,934
Chhattisgarh,Sankra,492112,IN,935
Sikkim,Namchi,737126,IN,936
Gujarat,Ahemdabad,380058,IN,937
Uttarakhand,Sidcul Haridwar,249403,IN,938
Maharashtra,Boisar,401501,IN,939
Karnataka,Mysuru,570004,IN,940
Kerala,Thodupuzha,685595,IN,941
Tamil Nadu,Thiruvidaimarudur,612104,IN,942
Maharashtra,Thane,400605,IN,943
Jharkhand,Jhumri Tilaiya,825409,IN,944
Jammu & Kashmir,Leh,194101,IN,945
West Bengal,Durgapur,713206,IN,946
Jharkhand,Jamshedpur,831017,IN,947
Karnataka,Jsw Steel Plant Township,583123,IN,948
Haryana,Gurugram,122003,IN,949
Tamil Nadu,Pudupakkam,603103,IN,950
Uttar Pradesh,Mughalsarai,232101,IN,951
Telangana,Secunderabad,500025,IN,952
Kerala,Thiruvananthapuram,695003,IN,953
Tamil Nadu,"Colachal, Kanya Kumari District",629251,IN,954
Maharashtra,Mumbai,400013,IN,955
Haryana,Faridabad,121004,IN,956
Goa,Anjuna Bardez Go,403509,IN,957
West Bengal,"New Town, Kolkata",700159,IN,958
Karnataka,Bangalore,560043,IN,959
Maharashtra,Nashik,422001,IN,960
Uttar Pradesh,Varanas,221106,IN,961
West Bengal,Durgapur,713216,IN,962
Haryana,Gurugram,122004,IN,963
Karnataka,Bengaluru,560095,IN,964
Tamil Nadu,Chennai,600092,IN,965
Kerala,Edapally,682024,IN,966
Himachal Pradesh,Chamba,176310,IN,967
Maharashtra,Navi Mumbai,410218,IN,968
Tamil Nadu,Chennai,600001,IN,969
Kerala,"Vaduthala,Kochi",682023,IN,970
Madhya Pradesh,Betul Bazar,460004,IN,971
Tamil Nadu,Vennandur,637505,IN,972
Gujarat,Ahmedabad,380055,IN,973
Karnataka,Davanagere,577002,IN,974
Andhra Pradesh,Salur,535591,IN,975
Maharashtra,Satara,415002,IN,976
West Bengal,Baruipur,700144,IN,977
West Bengal,Debra,721140,IN,978
Gujarat,Ahmedabad,382330,IN,979
Tripura,Agartala,799010,IN,980
West Bengal,Egra,721429,IN,981
Maharashtra,Badlapur,421504,IN,982
Tamil Nadu,Coimbatore,641046,IN,983
Uttar Pradesh,Town.Budhana Village. Husainpur Kalan,251309,IN,984
West Bengal,Kolkata,700095,IN,985
Madhya Pradesh,Jabalpur,482003,IN,986
Jammu & Kashmir,Tral,192123,IN,987
Haryana,Panchkula,134114,IN,988
Uttar Pradesh,Lucknow,226008,IN,989
Telangana,Hyderabad,500004,IN,990
Maharashtra,Mumbai,400008,IN,991
Delhi,New Delhi,110025,IN,992
Uttar Pradesh,Najibabad,246763,IN,993
Uttar Pradesh,Greater Noida,201301,IN,994
Telangana,Hyderabad,500076,IN,995
Andhra Pradesh,Srungavarapukota,535145,IN,996
Tamil Nadu,Chennai,600126,IN,997
Chhattisgarh,Takhatpur,495330,IN,998
Haryana,Panchkula,134116,IN,999
Kerala,Maniyat,671310,IN,1000
Jammu & Kashmir,Jammu,180005,IN,1001
Gujarat,Ahmedabad,380060,IN,1002
Punjab,Jalandhar,144022,IN,1003
West Bengal,Medinipur,721101,IN,1004
Bihar,Bhagalpur,812001,IN,1005
Uttarakhand,Rishikesh,249201,IN,1006
Chhattisgarh,Bhilai,490006,IN,1007
West Bengal,Kolkata,700016,IN,1008
Maharashtra,Dobiwali,421201,IN,1009
Maharashtra,Wcl Umred,441204,IN,1010
Karnataka,Bangalore,560086,IN,1011
Odisha,Sundargarh,770002,IN,1012
Karnataka,Bengaluru,560061,IN,1013
Telangana,Sadasivpet,502291,IN,1014
Kerala,Thiruvananthapuram,695564,IN,1015
Gujarat,Vadodara,390008,IN,1016
Jharkhand,Jamshedpur,831013,IN,1017
Maharashtra,Mumbai,400002,IN,1018
Maharashtra,Pimpri Chinchwad,411019,IN,1019
Uttar Pradesh,Lucknowlucknow,226003,IN,1020
Gujarat,Dwarka,361335,IN,1021
Kerala,Kottayam,686536,IN,1022
Madhya Pradesh,Indore,452001,IN,1023
Maharashtra,Nagpur,440034,IN,1024
Jharkhand,Daltonganj,822101,IN,1025
Odisha,Bhubaneswar,751013,IN,1026
Tamil Nadu,Thoothukkudi,628004,IN,1027
Goa,Bambolim,403206,IN,1028
Chandigarh,Chandigarh,160030,IN,1029
Maharashtra,Mumbai,400025,IN,1030
Tamil Nadu,Kancheepuram,631501,IN,1031
Telangana,Hyderabad,500047,IN,1032
Haryana,Sonipat,131001,IN,1033
Maharashtra,Mumbai,400059,IN,1034
Kerala,Chentrappinni,680687,IN,1035
Maharashtra,Ratnagiri,415612,IN,1036
Karnataka,"Bangalore, Karnataka",560093,IN,1037
Jammu & Kashmir,Arnia,181131,IN,1038
Jharkhand,Jamshedpur,831004,IN,1039
Uttar Pradesh,Lucknow,226003,IN,1040
Tamil Nadu,Tirunelveli,627358,IN,1041
Maharashtra,Mumbai,400091,IN,1042
Gujarat,Pardi,396125,IN,1043
Uttar Pradesh,Etmadpur,283202,IN,1044
Uttar Pradesh,Greater Noida,201309,IN,1045
Madhya Pradesh,Isagarh,473335,IN,1046
Maharashtra,Nashik,422013,IN,1047
Uttar Pradesh,Moradabad,244001,IN,1048
Uttar Pradesh,Deoria,274602,IN,1049
Delhi,New Delhi,110002,IN,1050
Karnataka,Mangaluru,575029,IN,1051
Delhi,Joshi Road Karol Bagh New Delhi,110005,IN,1052
Uttar Pradesh,Kanpur,208001,IN,1053
Delhi,New Delhi,110062,IN,1054
Andhra Pradesh,Visakhapatnam,530026,IN,1055
Jharkhand,Jamshedpur,831009,IN,1056
Andhra Pradesh,Avanigadda,521121,IN,1057
Maharashtra,Raigarh Mh,410210,IN,1058
Telangana,Maheswaram Mandal,501359,IN,1059
Maharashtra,Thane West,400615,IN,1060
Tamil Nadu,Chennai,600123,IN,1061
West Bengal,Kharagpur,721126,IN,1062
Chandigarh,Chandigarh,160014,IN,1063
Maharashtra,Utekhol,402104,IN,1064
Himachal Pradesh,Shimla,171301,IN,1065
Karnataka,Mysore,570009,IN,1066
Andhra Pradesh,Anantapur,515001,IN,1067
Kerala,Thiruvananthapuram,695608,IN,1068
Kerala,Payyannur,670307,IN,1069
Maharashtra,Navi Mumbai,400708,IN,1070
Maharashtra,Karanja Lad,444105,IN,1071
Bihar,Samastipur,848101,IN,1072
Gujarat,Ahmedabad,380008,IN,1073
Maharashtra,Osmanabad,413501,IN,1074
Maharashtra,Mumbai,400028,IN,1075
Karnataka,Raichur,584102,IN,1076
Tamil Nadu,Andipatti Jakkampatti,625512,IN,1077
Goa,Margao,403709,IN,1078
West Bengal,Kolkata,700101,IN,1079
Karnataka,Karwar,581301,IN,1080
Andhra Pradesh,Nellore,524002,IN,1081
Haryana,Panchkula,134113,IN,1082
Madhya Pradesh,Jabalpur,482001,IN,1083
Tripura,Agartala,799001,IN,1084
Telangana,Hyderabad,500048,IN,1085
Delhi,New Delhi,110095,IN,1086
Andhra Pradesh,Vijayawada,520008,IN,1087
Bihar,Mahnar Bazar,844504,IN,1088
Jharkhand,Hazaribagh,825301,IN,1089
Bihar,Patna,800014,IN,1090
Andhra Pradesh,Vizianagaram A,535240,IN,1091
Tamil Nadu,Arakonam,631002,IN,1092
Karnataka,Industrial Area Devakathikoppa And Sidlipura,577204,IN,1093
Uttarakhand,Haridwar,249408,IN,1094
Karnataka,Puttur,574203,IN,1095
Karnataka,Tuchamakeri,571216,IN,1096
Odisha,Sambalpur,768005,IN,1097
Bihar,Siwan,841226,IN,1098
Maharashtra,Mumbai,400022,IN,1099
Maharashtra,"Kandivali (E), Mumbai",400101,IN,1100
West Bengal,Kolkata,700063,IN,1101
Telangana,Hyderabad,500051,IN,1102
Telangana,Jangaon,506167,IN,1103
Kerala,Ernakulam,682039,IN,1104
Rajasthan,Merta City,341510,IN,1105
Kerala,Ranni,689676,IN,1106
Karnataka,Bangalore,560047,IN,1107
Maharashtra,Digras,445203,IN,1108
Odisha,Cuttack,753008,IN,1109
Maharashtra,Mumbai,400056,IN,1110
Punjab,Jalandhar,144004,IN,1111
Andhra Pradesh,Eluru,534004,IN,1112
Tamil Nadu,Chennai,600018,IN,1113
Assam,North Guwahati,781031,IN,1114
Telangana,Ramagundam,505188,IN,1115
West Bengal,Kanchrapara,743145,IN,1116
Tamil Nadu,Dindigul,624703,IN,1117
Telangana,Hyderabad,500024,IN,1118
West Bengal,Hugli Chinsurah,712103,IN,1119
Uttarakhand,Dehradun,248002,IN,1120
Tamil Nadu,Chennai,600070,IN,1121
Rajasthan,Chirawa,333026,IN,1122
Karnataka,Hoovina Hadagalli,583219,IN,1123
West Bengal,Haldia,721607,IN,1124
Haryana,Ratia,125051,IN,1125
Kerala,Kakkanadu.Ernakulam,682030,IN,1126
Haryana,Indri,132041,IN,1127
Kerala,Thiruvananthapuram,695574,IN,1128
Unknown,Unknown,Unknown,IN,1129
Maharashtra,Thane,400601,IN,1130
Karnataka,Mudhol,587313,IN,1131
Rajasthan,Jodhpur,342010,IN,1132
Maharashtra,Aurangabad,431001,IN,1133
Delhi,New Delhi,110018,IN,1134
Odisha,Bhubaneswar,751002,IN,1135
Karnataka,Mysuru,570007,IN,1136
Andhra Pradesh,Nellore,524001,IN,1137
West Bengal,Burdwan,713102,IN,1138
Rajasthan,Jaipur,302001,IN,1139
Tamil Nadu,Tiruchirappalli,620017,IN,1140
Delhi,New Delhi,110089,IN,1141
Tamil Nadu,Chennai,600017,IN,1142
Gujarat,Ahmedabad,380059,IN,1143
Assam,Sibsagar,785640,IN,1144
Maharashtra,Mumbai,400060,IN,1145
Telangana,Mahabubnagar,509001,IN,1146
Andhra Pradesh,Rajahmundry,533103,IN,1147
Tamil Nadu,Chidambaram,608001,IN,1148
Maharashtra,Navi Mumbai,400701,IN,1149
Kerala,Vadakara,673506,IN,1150
West Bengal,Kharagpur,721305,IN,1151
Maharashtra,Pune,411017,IN,1152
West Bengal,Kolkata,700041,IN,1153
Tamil Nadu,Coimbatore,641034,IN,1154
Andhra Pradesh,Kakinada,533005,IN,1155
Telangana,Hyderabad,500018,IN,1156
Tamil Nadu,Thanjavur,614901,IN,1157
Odisha,Parlakhemundi,761200,IN,1158
West Bengal,Bangaon,743235,IN,1159
Gujarat,Bharuch,393130,IN,1160
Bihar,Katihar,854105,IN,1161
Karnataka,Mandya,571403,IN,1162
Andhra Pradesh,"Sattenapalli(Md),Guntur(Dt)",522403,IN,1163
Tamil Nadu,Mahindra World City,603002,IN,1164
West Bengal,Gobardanga,743252,IN,1165
Manipur,Imphal,795001,IN,1166
Tamil Nadu,Coimbatore,641004,IN,1167
Tamil Nadu,Chennai,600030,IN,1168
Bihar,Bihta Patna District,801103,IN,1169
Bihar,Patna,800004,IN,1170
Kerala,Thiruvananthapuram,695582,IN,1171
Maharashtra,Navi Mumbai,400703,IN,1172
Haryana,Gurugram,122016,IN,1173
Andhra Pradesh,Rajahmundry,533101,IN,1174
Gujarat,Ahmedabad,382470,IN,1175
Uttar Pradesh,Banda,210001,IN,1176
Maharashtra,Pimpri Chinchwad,411035,IN,1177
Jharkhand,Deoghar,815383,IN,1178
Kerala,Aluva,683511,IN,1179
Andhra Pradesh,Vijayawada,521108,IN,1180
Maharashtra,Navi Mumbai,410209,IN,1181
Madhya Pradesh,Indore,452016,IN,1182
Andhra Pradesh,Vijayawada,520002,IN,1183
Goa,South Goa,403715,IN,1184
Haryana,Dharuhera,123106,IN,1185
Haryana,Hisar,125001,IN,1186
Haryana,Ambala,133203,IN,1187
Karnataka,Bengaluru,560079,IN,1188
Delhi,Delhi,110096,IN,1189
Maharashtra,Pimpri Chinchwad,411044,IN,1190
Maharashtra,Pune,411030,IN,1191
Karnataka,Hubballi,580030,IN,1192
Uttar Pradesh,Budaun,243601,IN,1193
Sikkim,Upper Tadong,737102,IN,1194
Maharashtra,Mumbai,401208,IN,1195
Karnataka,Bengaluru,560082,IN,1196
Maharashtra,Ulhasnagar,421003,IN,1197
Gujarat,Vapi,396191,IN,1198
Andhra Pradesh,Visakhapatnam,530011,IN,1199
Maharashtra,Mumbai,400075,IN,1200
Odisha,Khordha,752055,IN,1201
Punjab,Ludhiana,141013,IN,1202
Maharashtra,Dhule,424002,IN,1203
Tamil Nadu,Chennai,600116,IN,1204
Delhi,New Delhi,110088,IN,1205
Delhi,New Delhi,110022,IN,1206
Gujarat,Surat,395002,IN,1207
Tamil Nadu,Coimbatore,641009,IN,1208
Maharashtra,Thane,400612,IN,1209
West Bengal,Ratanpota,711410,IN,1210
Haryana,Faridabad,121001,IN,1211
Manipur,Imphal,795005,IN,1212
Uttar Pradesh,Loni,201102,IN,1213
Tamil Nadu,Chennai,600011,IN,1214
Gujarat,Vadodara,390022,IN,1215
Kerala,Cheruthazham,670305,IN,1216
Tamil Nadu,Chennai,600062,IN,1217
Tamil Nadu,Gudiyatham,632602,IN,1218
Andhra Pradesh,Vinukonda,522647,IN,1219
Telangana,Hyderabad,500044,IN,1220
Bihar,Patna,800025,IN,1221
Uttarakhand,Rudrapur,263145,IN,1222
Telangana,Vikarabad,501101,IN,1223
Haryana,Gurugram,122010,IN,1224
Delhi,New Delhi,110064,IN,1225
Andhra Pradesh,Anakapalle,531031,IN,1226
Gujarat,Rajkot,360004,IN,1227
Chhattisgarh,Raipur,492001,IN,1228
Tamil Nadu,Chennai,600118,IN,1229
Kerala,Cheranallur,682023,IN,1230
Maharashtra,Thane,421204,IN,1231
Uttar Pradesh,Bareilly,243122,IN,1232
Maharashtra,Mumbai,400006,IN,1233
Jammu & Kashmir,Srinagar,190003,IN,1234
Maharashtra,Palam,431720,IN,1235
Kerala,Pathanamthitta,689546,IN,1236
Madhya Pradesh,Mauganj,486331,IN,1237
Jharkhand,Jamtara,815351,IN,1238
Andaman and Nicobar Islands,Port Blair,744102,IN,1239
Bihar,Paliganj,801110,IN,1240
Haryana,Hsiidc Sohna,122103,IN,1241
Tamil Nadu,Konavattam,632013,IN,1242
Rajasthan,Bikaner,334005,IN,1243
Punjab,Dera Bassi Industrial Area,140507,IN,1244
Andhra Pradesh,Nellore,524005,IN,1245
Tamil Nadu,Sulur,641402,IN,1246
Uttar Pradesh,Varanasi,221007,IN,1247
Tamil Nadu,Chennai,600023,IN,1248
Uttar Pradesh,Baheri,243201,IN,1249
Haryana,Gurugram,122011,IN,1250
Madhya Pradesh,Pipariya,461775,IN,1251
Karnataka,Belagavi,590001,IN,1252
Punjab,Gurdaspur,143521,IN,1253
Andhra Pradesh,Palacole,534250,IN,1254
Tamil Nadu,Vellichantai,629203,IN,1255
West Bengal,Mecheda,721137,IN,1256
Jharkhand,Jamshedpur,831012,IN,1257
Tamil Nadu,Thiruvallur,602001,IN,1258
Karnataka,Hassan (Amazon Arun),573201,IN,1259
Punjab,Mohali,160055,IN,1260
Tamil Nadu,Chennai,600051,IN,1261
Goa,Margao,403601,IN,1262
Maharashtra,Mumbai,400084,IN,1263
Uttarakhand,Dehradun,248140,IN,1264
Punjab,Jalandhar,144007,IN,1265
Tamil Nadu,Chennai,600006,IN,1266
Uttar Pradesh,Allahabad,211008,IN,1267
Assam,Tinsukia,786152,IN,1268
Haryana,Yamunanagar,135001,IN,1269
Chhattisgarh,Bhilai,490001,IN,1270
Odisha,Gunupur,765022,IN,1271
Tamil Nadu,Namakkal,637001,IN,1272
Assam,Lumding,782447,IN,1273
Tamil Nadu,Chennai,600008,IN,1274
Tripura,Agartala,799004,IN,1275
Tamil Nadu,Chennai,600056,IN,1276
Punjab,Firozpur,152002,IN,1277
Punjab,Mohali,160062,IN,1278
Haryana,Gurgaon,122103,IN,1279
West Bengal,Sukdal,713403,IN,1280
Maharashtra,Gondiya,441614,IN,1281
West Bengal,Burdwan,713104,IN,1282
Maharashtra,Mumbai,400086,IN,1283
Kerala,Pathanamthitta,689654,IN,1284
Karnataka,Mysore,570011,IN,1285
Bihar,Purnia,854303,IN,1286
Karnataka,Chitradurga,577501,IN,1287
Uttar Pradesh,Varanasi,221005,IN,1288
Punjab,Jalandhar,144002,IN,1289
Tamil Nadu,Bodinayakanur,625513,IN,1290
Uttar Pradesh,Obra Sonebhadra,231219,IN,1291
Maharashtra,Pimpri Chinchwad,411017,IN,1292
Delhi,New Delhi,110027,IN,1293
Tamil Nadu,Chennai,600119,IN,1294
Karnataka,Bengaluru,560062,IN,1295
Kerala,Kozhikode,673016,IN,1296
Maharashtra,Satara,415001,IN,1297
Karnataka,Maddur,571428,IN,1298
Tamil Nadu,Karur,639004,IN,1299
Odisha,Cuttack,753003,IN,1300
Karnataka,Sedam,585222,IN,1301
Uttarakhand,Kashipur,244713,IN,1302
Maharashtra,Pune,411020,IN,1303
Gujarat,Vadodara,390012,IN,1304
West Bengal,Asansol,713303,IN,1305
Jammu & Kashmir,Jammu,180010,IN,1306
Karnataka,Mysuru,570008,IN,1307
Tamil Nadu,Chennai,600069,IN,1308
Meghalaya,Shillong,793002,IN,1309
Tamil Nadu,Pudukkottai,613402,IN,1310
West Bengal,Kolkata,700060,IN,1311
Maharashtra,Jalgaon,425001,IN,1312
West Bengal,Kolkata,700085,IN,1313
Jharkhand,Giridih,815301,IN,1314
Kerala,Azhiyur,673310,IN,1315
Bihar,Kamtaul,847304,IN,1316
Madhya Pradesh,Mandla,481661,IN,1317
Tamil Nadu,Coimbatore,641038,IN,1318
Andhra Pradesh,Bhimavaram,534202,IN,1319
Chandigarh,Chandigar,160022,IN,1320
Maharashtra,Mumbai Dadar  West,400028,IN,1321
Rajasthan,Lachhmangarh,332311,IN,1322
Karnataka,Shivamogga,577201,IN,1323
Chhattisgarh,Bhatapara,493118,IN,1324
Karnataka,Hassan,573201,IN,1325
Uttar Pradesh,Jugauli,273164,IN,1326
Uttar Pradesh,Bareilly,243502,IN,1327
Odisha,Sambalpur,768106,IN,1328
Karnataka,Bengaluru,560045,IN,1329
Tamil Nadu,Chennai,600016,IN,1330
Maharashtra,Mumbai,400104,IN,1331
Tamil Nadu,Madurai,625014,IN,1332
Kerala,Ernakulam,682020,IN,1333
Delhi,New Delhi,110081,IN,1334
Punjab,Jalandhar,144001,IN,1335
Telangana,Ratnapur,505212,IN,1336
Maharashtra,Aurangabad,431005,IN,1337
West Bengal,Barasat,700126,IN,1338
Maharashtra,Nagpur,440002,IN,1339
Maharashtra,Mumbai,400051,IN,1340
Assam,Guwahati,781022,IN,1341
Chhattisgarh,Dongargarh,491445,IN,1342
Rajasthan,Jodhpur,342026,IN,1343
Uttar Pradesh,Fatehgarh,209601,IN,1344
Uttar Pradesh,Bindki,212635,IN,1345
Karnataka,Bangalore,560076,IN,1346
Gujarat,Vadodara,391330,IN,1347
Andhra Pradesh,Eluru,534005,IN,1348
Maharashtra,Mumbai,400071,IN,1349
Maharashtra,"Navi Mumbai,",400708,IN,1350
Karnataka,Bengaluru,562107,IN,1351
Telangana,Hyderabad,500092,IN,1352
Gujarat,Vadodara,391410,IN,1353
West Bengal,Kolkata,700038,IN,1354
Odisha,Pipili,752104,IN,1355
Punjab,Mohali,160059,IN,1356
Uttar Pradesh,Lucknow,226001,IN,1357
Uttar Pradesh,Bharwari,212201,IN,1358
Madhya Pradesh,Ujjain,456006,IN,1359
Jammu & Kashmir,Jammu,181123,IN,1360
Karnataka,Bidar,585401,IN,1361
Goa,Navelim,403707,IN,1362
Andhra Pradesh,Visakhapatnam,530052,IN,1363
Delhi,New Delhi,110076,IN,1364
Kerala,Krishnapuram,690533,IN,1365
Maharashtra,Navi Mumbai,410208,IN,1366
Andhra Pradesh,Visakhapatnam,531027,IN,1367
Andhra Pradesh,Narpala,515425,IN,1368
Maharashtra,Mumbai,400023,IN,1369
Karnataka,Mysore,570022,IN,1370
Rajasthan,Bikaner,334001,IN,1371
Goa,South Goa,403601,IN,1372
Bihar,Madhubani,847225,IN,1373
Karnataka,Bangalore,560103,IN,1374
Tamil Nadu,Ranipettai,632403,IN,1375
Maharashtra,Ahmadnagar,414003,IN,1376
Karnataka,Bengaluru,560030,IN,1377
Assam,Hailakandi,788151,IN,1378
Rajasthan,Gangapur City,322201,IN,1379
Telangana,Hyderabad,500027,IN,1380
West Bengal,New Town,700157,IN,1381
Maharashtra,Risod,444506,IN,1382
Gujarat,Vadodara,390013,IN,1383
Delhi,New Delhi,110041,IN,1384
Delhi,New Delhi,110011,IN,1385
Maharashtra,Nanded,431605,IN,1386
Gujarat,Surat,395001,IN,1387
Andhra Pradesh,Hyderabad,500032,IN,1388
Kerala,Thiruvananthapuram,695010,IN,1389
Bihar,Buxar,802101,IN,1390
Kerala,Mangattidam,670643,IN,1391
Karnataka,Bangalore,560066,IN,1392
Madhya Pradesh,Bhopal,462030,IN,1393
Telangana,"Phanigiri Road,Chaitanyapuri,Hyderabad",500060,IN,1394
Rajasthan,Jaipur,302017,IN,1395
Bihar,Supaul,852131,IN,1396
Tamil Nadu,Tirunelveli,627003,IN,1397
Tamil Nadu,Pallipalayam,638008,IN,1398
Delhi,New Delhi,110067,IN,1399
Gujarat,Ahmedabad,380061,IN,1400
Delhi,New Delhi-110075,110075,IN,1401
Delhi,New Delhi,110091,IN,1402
Madhya Pradesh,Jabalpur,482005,IN,1403
Maharashtra,Mumbai,400103,IN,1404
Delhi,New Delhi,110049,IN,1405
Delhi,New Delhi,110060,IN,1406
Kerala,Thrissur,680027,IN,1407
West Bengal,Howrah,711101,IN,1408
Uttarakhand,Kotdwara,246149,IN,1409
Rajasthan,Sriganganagar,335001,IN,1410
Madhya Pradesh,Gwalior,474009,IN,1411
Tamil Nadu,Chennai,600026,IN,1412
Rajasthan,Jaipur,302029,IN,1413
Maharashtra,Nashik,422002,IN,1414
Tamil Nadu,Tiruppur,641604,IN,1415
Karnataka,Karkal,574104,IN,1416
Karnataka,Bengaluru,562122,IN,1417
Madhya Pradesh,Bhopal,462001,IN,1418
Assam,Duliajan,786602,IN,1419
Tamil Nadu,Kanchipuram,600044,IN,1420
Maharashtra,Andheri,400059,IN,1421
Tamil Nadu,Orathanadu,614904,IN,1422
Gujarat,Gondal,360311,IN,1423
Uttar Pradesh,Gorakhpur,273008,IN,1424
Maharashtra,Pune,411015,IN,1425
Karnataka,Bengaluru,560004,IN,1426
Gujarat,Vadodara,390020,IN,1427
Kerala,Thiruvananthapuram,695543,IN,1428
Andhra Pradesh,Anantapur,515004,IN,1429
Madhya Pradesh,Bhopal,462016,IN,1430
West Bengal,Kolkata,700133,IN,1431
Karnataka,Narikombu,574231,IN,1432
Maharashtra,Phaltan,415523,IN,1433
Andhra Pradesh,Jangareddigudem,534447,IN,1434
Chhattisgarh,Korba,495454,IN,1435
Delhi,Delhi,110001,IN,1436
Delhi,New Delhi,110031,IN,1437
Tamil Nadu,Thoothukkudi,628002,IN,1438
Maharashtra,Navi Mumbai,400614,IN,1439
Haryana,Nilokheri,132117,IN,1440
Kerala,Pattambi,679303,IN,1441
Tamil Nadu,Chennai,600085,IN,1442
Jharkhand,Ranchi,834005,IN,1443
Kerala,Thrikkaruva,691602,IN,1444
Rajasthan,Banswara,327001,IN,1445
Gujarat,Surat,394101,IN,1446
Gujarat,Rajkot,360006,IN,1447
Maharashtra,Dapoli,415712,IN,1448
Uttar Pradesh,Gautam Buddha Nagar,201308,IN,1449
Karnataka,Bellary,583104,IN,1450
Andhra Pradesh,Tirupati,517501,IN,1451
Maharashtra,Mumbai,400070,IN,1452
Tamil Nadu,Chennai,600094,IN,1453
Andhra Pradesh,Eluru,534001,IN,1454
Tamil Nadu,Chennai,600075,IN,1455
Uttar Pradesh,Jhansi,284003,IN,1456
Tamil Nadu,Chennai,600047,IN,1457
West Bengal,Kolkata,700056,IN,1458
Telangana,Hyderabad,501301,IN,1459
Puducherry,Karaikal,609602,IN,1460
Gujarat,Vadodara,391740,IN,1461
Tamil Nadu,Tirupathur Sivaganga District,630211,IN,1462
Kerala,Vazhakkala,682021,IN,1463
Maharashtra,"Dhasai, Shahapur",421601,IN,1464
Uttar Pradesh,Bahraich,271801,IN,1465
Himachal Pradesh,Solan,173211,IN,1466
Andhra Pradesh,Bhimavaram,534239,IN,1467
Maharashtra,Pimpri Chinchwad,411026,IN,1468
Uttar Pradesh,Lucknow,226020,IN,1469
Jammu & Kashmir,Jammu,180001,IN,1470
Maharashtra,Nagpur,440008,IN,1471
Telangana,Hyderabad,500074,IN,1472
Kerala,Kottayam,686579,IN,1473
Andhra Pradesh,Koyyalagudem,534312,IN,1474
Maharashtra,Thane,421302,IN,1475
Kerala,Kottayam,686002,IN,1476
Karnataka,Chamarajanagar,571313,IN,1477
Maharashtra,Mumbai,400082,IN,1478
West Bengal,Kolkata,700052,IN,1479
Delhi,Delhi,110093,IN,1480
West Bengal,Kalimpong,734301,IN,1481
Maharashtra,Pune,412412,IN,1482
Gujarat,Bilimora,396321,IN,1483
Karnataka,Hubballi,580020,IN,1484
Kerala,Taliparamba,670581,IN,1485
Gujarat,Rajkot,360002,IN,1486
West Bengal,Kolkata,700040,IN,1487
Maharashtra,Shahada,425409,IN,1488
Andhra Pradesh,Uppalaguptam,533213,IN,1489
Maharashtra,Mumbai,400020,IN,1490
Bihar,Muzaffarpur,843119,IN,1491
Telangana,Warangal,506252,IN,1492
West Bengal,Serampore,712201,IN,1493
Telangana,Warangal,506002,IN,1494
Delhi,New Delhi,110046,IN,1495
Maharashtra,Pune,411027,IN,1496
Kerala,Palakkad,678556,IN,1497
Andhra Pradesh,Visakhapatnam,530051,IN,1498
Maharashtra,Varangaon,425305,IN,1499
Andhra Pradesh,Visakhapatnam,530007,IN,1500
Rajasthan,Bagru,303007,IN,1501
Telangana,Hyderabad,500039,IN,1502
Kerala,Pathanamthitta,689581,IN,1503
Maharashtra,Dhule,424001,IN,1504
Telangana,Armur,503224,IN,1505
Uttar Pradesh,Parasi/Anpara,231225,IN,1506
Kerala,Thiruvananthapuram,695125,IN,1507
Puducherry,Puducherry,605012,IN,1508
Tamil Nadu,Coimbatore,641005,IN,1509
Andhra Pradesh,Srikakulam,532001,IN,1510
Kerala,Chendamangalam,683594,IN,1511
Maharashtra,Nasik,422207,IN,1512
Bihar,Forbesganj,854318,IN,1513
Karnataka,Bangalore,560037,IN,1514
Telangana,Eddumailaram,502285,IN,1515
Gujarat,Ankleshwar,393001,IN,1516
Telangana,Secunderabad,500026,IN,1517
Bihar,Mirganj,841438,IN,1518
Kerala,Chengannur,689121,IN,1519
Kerala,Chockli,670672,IN,1520
Uttar Pradesh,Azamgarh,276128,IN,1521
Madhya Pradesh,Sheopur,476337,IN,1522
Uttar Pradesh,Lucknow,226006,IN,1523
Kerala,Kochi,682005,IN,1524
Maharashtra,Ambarnath,421501,IN,1525
Uttar Pradesh,Bhatni Bazar (Deoria),274701,IN,1526
Kerala,Ettumanoor,686631,IN,1527
Tamil Nadu,Chennai,600095,IN,1528
Andhra Pradesh,Guntur,522007,IN,1529
Haryana,Pataudi,122503,IN,1530
Jammu & Kashmir,Srinagar,190012,IN,1531
Gujarat,Vadodara,390007,IN,1532
West Bengal,Haldia,721657,IN,1533
Karnataka,Shivamogga,577205,IN,1534
Uttar Pradesh,Sultanpur,228001,IN,1535
Andhra Pradesh,Chittoor District,517123,IN,1536
Tamil Nadu,Chennai,603103,IN,1537
Kerala,Kakkanad,682039,IN,1538
Bihar,Vaishali,844114,IN,1539
Maharashtra,Kolhapur,416008,IN,1540
Delhi,New Delhi,110065,IN,1541
West Bengal,Kolkata,700023,IN,1542
Madhya Pradesh,Gwalior,474006,IN,1543
Karnataka,Belagavi,590016,IN,1544
Maharashtra,"Navi Mumbai,Thane",400614,IN,1545
Tamil Nadu,Coimbatore,641025,IN,1546
Karnataka,Bengaluru,560015,IN,1547
Tamil Nadu,Vellore,632014,IN,1548
Andaman and Nicobar Islands,Port Blair,744101,IN,1549
West Bengal,Bandel,712104,IN,1550
Tamil Nadu,"Ilayangudi, Sivagangai",630709,IN,1551
West Bengal,Panihati,700114,IN,1552
Karnataka,Bengaluru,560092,IN,1553
Kerala,Thrissur,680555,IN,1554
Telangana,Hyderabad,500038,IN,1555
Gujarat,Mahesana,384001,IN,1556
Maharashtra,Nagpur,440016,IN,1557
Karnataka,"Banaswadi, Bengaluru",560043,IN,1558
Gujarat,Gandhinagar,382355,IN,1559
Karnataka,Bengaluru,560073,IN,1560
Uttar Pradesh,Ghaziabad,201017,IN,1561
Tamil Nadu,Periyakulam,625601,IN,1562
Andhra Pradesh,Razam,532127,IN,1563
Bihar,Raxaul Bazar,845305,IN,1564
Tamil Nadu,Chennai,600044,IN,1565
Assam,Udalguri,784510,IN,1566
Uttar Pradesh,Kanpur,208002,IN,1567
Maharashtra,Ulhasnagar,421004,IN,1568
Haryana,Badli,124105,IN,1569
Telangana,Hyderabad,500059,IN,1570
Andhra Pradesh,Visakhapatnam,530017,IN,1571
Andhra Pradesh,Tirupati,517502,IN,1572
Gujarat,Bhabhar,385320,IN,1573
Kerala,Mattannur,670702,IN,1574
Gujarat,Ahmedabad,380007,IN,1575
Kerala,Thiruvananthapuram,695017,IN,1576
Kerala,Villiappally,673542,IN,1577
Telangana,Hyderabad,501218,IN,1578
Uttarakhand,Karnaprayag,246444,IN,1579
Maharashtra,Mumbai,400010,IN,1580
Odisha,Bhubaneswar,751020,IN,1581
Andhra Pradesh,Guntur Dist Ponnur,522124,IN,1582
Maharashtra,Mumbai,400004,IN,1583
Odisha,Bhubaneswar,751014,IN,1584
Karnataka,Bengaluru,560096,IN,1585
Madhya Pradesh,Bhopal,462022,IN,1586
Punjab,Bungal,145001,IN,1587
Kerala,Kadikkad,679561,IN,1588
Andhra Pradesh,Vijayawada,520013,IN,1589
West Bengal,Kolkata,700018,IN,1590
Tamil Nadu,Vellore,632009,IN,1591
Maharashtra,Mumbai,400055,IN,1592
Delhi,New Delhi,110070,IN,1593
Kerala,Palakkad,679551,IN,1594
Karnataka,Bengaluru,560038,IN,1595
Gujarat,Rajkot,360001,IN,1596
Tamil Nadu,Chennai,600048,IN,1597
Maharashtra,Ulhasnagar,421005,IN,1598
Kerala,Thalakkulathur,673303,IN,1599
Maharashtra,Navi Mumbai,400702,IN,1600
West Bengal,Kolkata,700082,IN,1601
West Bengal,Kolkata,700006,IN,1602
West Bengal,Kolkata,700141,IN,1603
Bihar,Patna,800020,IN,1604
Maharashtra,Nagpur,440026,IN,1605
Himachal Pradesh,Bhuntar,175125,IN,1606
West Bengal,Hooghly,712223,IN,1607
Gujarat,Vadodara,390002,IN,1608
Uttar Pradesh,Allahabad,211012,IN,1609
Odisha,Bhubaneswar,751022,IN,1610
Assam,Digboi,786171,IN,1611
Kerala,Ernakulam,682012,IN,1612
Telangana,Hyderabad,500019,IN,1613
Haryana,Gurugram,122015,IN,1614
Uttar Pradesh,Basti,272124,IN,1615
Haryana,Rewari,123401,IN,1616
West Bengal,Kolkata,700054,IN,1617
Tamil Nadu,Hosur,635109,IN,1618
Telangana,Secunderabad,500003,IN,1619
Telangana,Jagtial,505327,IN,1620
Assam,Cachar,788003,IN,1621
Rajasthan,Beawar,305901,IN,1622
Delhi,New Delhi,110015,IN,1623
Maharashtra,Butibori,441108,IN,1624
Maharashtra,Bhiwandi,421302,IN,1625
Maharashtra,Thane,421301,IN,1626
Karnataka,Jamkhandi,587301,IN,1627
Tamil Nadu,Chennai,600080,IN,1628
Kerala,Nedumangad,695541,IN,1629
Tamil Nadu,Chennai,600059,IN,1630
Chandigarh,Chandigarh,160011,IN,1631
Telangana,Hyderabad,501510,IN,1632
Chhattisgarh,Raipur,492010,IN,1633
Assam,Guwahati,781019,IN,1634
Rajasthan,Sri Ganganagar,335001,IN,1635
West Bengal,Chanchal,732123,IN,1636
Tamil Nadu,Chennai,600050,IN,1637
Gujarat,Vadodara,390001,IN,1638
Haryana,Kurukshetra,136118,IN,1639
Uttar Pradesh,Agra,282010,IN,1640
Kerala,Kochi,682002,IN,1641
Delhi,New Delhi,110055,IN,1642
Jammu & Kashmir,Srinagar,190001,IN,1643
Andhra Pradesh,Vizianagaram,535003,IN,1644
Jharkhand,Bokaro Steel City,827004,IN,1645
West Bengal,New Town,700136,IN,1646
West Bengal,Rajpur Sonarpur,700150,IN,1647
Tamil Nadu,Chennai,601301,IN,1648
Assam,Lala,788163,IN,1649
Chandigarh,Chandigarh,160002,IN,1650
Tamil Nadu,Madurai,625009,IN,1651
Kerala,Kottayam,686635,IN,1652
Telangana,Nalgonda,508001,IN,1653
Andhra Pradesh,Nellore,524413,IN,1654
West Bengal,Durgapur,713214,IN,1655
West Bengal,Coochbehar,736172,IN,1656
Rajasthan,Jodhpur,342005,IN,1657
Kerala,Kochi,682010,IN,1658
Maharashtra,Mumbai,401107,IN,1659
Puducherry,Pondycherry,605107,IN,1660
Goa,Margao,403602,IN,1661
Uttar Pradesh,Greater Noida,201310,IN,1662
Madhya Pradesh,Balaghat,481001,IN,1663
Karnataka,Amtady,574219,IN,1664
Delhi,New Delhi,110012,IN,1665
Karnataka,Haliyal,581329,IN,1666
Kerala,Kottayam,686016,IN,1667
Uttar Pradesh,Shahjahanpur,242001,IN,1668
Tamil Nadu,Chengalpattu,603004,IN,1669
Maharashtra,Allapalli,442703,IN,1670
Madhya Pradesh,Shahdol,484117,IN,1671
Uttar Pradesh,Bela Pratapgarh,230001,IN,1672
Uttar Pradesh,Ghaziabad,201016,IN,1673
Uttar Pradesh,Noida,201307,IN,1674
Himachal Pradesh,Una,174303,IN,1675
Manipur,Imphal West,795002,IN,1676
Maharashtra,Vasai Virar,401303,IN,1677
Chhattisgarh,Tamnar,496107,IN,1678
West Bengal,Durgapur,713205,IN,1679
Karnataka,Bengaluru,560058,IN,1680
Haryana,Gurgaon,122018,IN,1681
Jammu & Kashmir,Udhampur,182101,IN,1682
Maharashtra,Mumbai,400064,IN,1683
Telangana,Addakal,509382,IN,1684
Goa,Raia,403720,IN,1685
Telangana,Hyderabad,500060,IN,1686
Himachal Pradesh,Gagret Industrial Area,177205,IN,1687
Andhra Pradesh,Guntur,522410,IN,1688
Kerala,Pallichal,695020,IN,1689
Madhya Pradesh,Shivpuri,473551,IN,1690
Uttar Pradesh,Muzaffarnagar,251001,IN,1691
Karnataka,Bengaluru,560060,IN,1692
Tamil Nadu,Kanniyakumari,629702,IN,1693
Kerala,Thiruvananthapuram,695525,IN,1694
Tamil Nadu,Kanakammachathram,631204,IN,1695
Karnataka,Bangalore North,560016,IN,1696
Karnataka,"Mahadevapura, Bangalore",560048,IN,1697
Gujarat,Vadodara,390023,IN,1698
Andhra Pradesh,Piduguralla,522413,IN,1699
Tamil Nadu,Ramapuram Chennai,631204,IN,1700
Delhi,New Delhi,110051,IN,1701
West Bengal,"Damdim, Jalpaiguri",735209,IN,1702
Maharashtra,Pimpri Chinchwad,411027,IN,1703
Karnataka,Bangalore,560096,IN,1704
Kerala,Kalady,683574,IN,1705
Tamil Nadu,Coimbatore,641042,IN,1706
Bihar,Arrah,802301,IN,1707
West Bengal,Kolkata,700021,IN,1708
Kerala,Palai,686578,IN,1709
Uttar Pradesh,Lucknow,226028,IN,1710
Andhra Pradesh,Visakhapatnam,530022,IN,1711
Tamil Nadu,Chennai,603110,IN,1712
Assam,Titabor Town,785635,IN,1713
West Bengal,Kolkata,700080,IN,1714
Himachal Pradesh,Nalagarh,174101,IN,1715
Delhi,Delhi,110074,IN,1716
Haryana,Kanina,123027,IN,1717
Andhra Pradesh,Rajahmundry,533102,IN,1718
Gujarat,Jamnagar,361002,IN,1719
Gujarat,Bhachau,370140,IN,1720
Gujarat,Adalaj,382421,IN,1721
Rajasthan,Hanumangarh Junction,335512,IN,1722
Maharashtra,Pune,411058,IN,1723
West Bengal,Alipurduat,736121,IN,1724
Rajasthan,Churu,331001,IN,1725
Delhi,Delhi,110015,IN,1726
Kerala,Kottayam,686613,IN,1727
Ladakh,Leh,194101,IN,1728
Odisha,Cuttack,753014,IN,1729
Delhi,New Delhi,110053,IN,1730
Telangana,Ballepalle,509301,IN,1731
Haryana,Panipat,132103,IN,1732
Maharashtra,Mumbai,400057,IN,1733
Bihar,Sasaram,821115,IN,1734
Karnataka,Bengaluru,560041,IN,1735
Kerala,Trivandrum,695006,IN,1736
Andhra Pradesh,Vijayawada,520007,IN,1737
Tamil Nadu,Pollachi,642002,IN,1738
Karnataka,Bengaluru,560069,IN,1739
Andhra Pradesh,Rushikonda Apiic,530045,IN,1740
West Bengal,Bardhaman,713148,IN,1741
Tamil Nadu,Chennai,600097,IN,1742
Madhya Pradesh,Ratlam,457001,IN,1743
Chhattisgarh,Pandaria,491559,IN,1744
Telangana,Medak,502321,IN,1745
Andhra Pradesh,Srikakulam,532264,IN,1746
Karnataka,Bengaluru,560027,IN,1747
Maharashtra,Navi Mumbai,400709,IN,1748
Maharashtra,Gadhinglaj,416502,IN,1749
Maharashtra,Pimpri Chinchwad Pune,411027,IN,1750
Nagaland,Dimapur,797116,IN,1751
Karnataka,Bangalore,560046,IN,1752
Jharkhand,Dhanbad,826005,IN,1753
Andhra Pradesh,Uravakonda,515812,IN,1754
Maharashtra,Waluj Midc,431136,IN,1755
West Bengal,Kolkata,700003,IN,1756
Kerala,Kottakkal,676503,IN,1757
Kerala,Mukkom,673602,IN,1758
Tamil Nadu,Chennai,600035,IN,1759
Himachal Pradesh,Shimla,172031,IN,1760
Maharashtra,Thane,400608,IN,1761
Gujarat,Surat,395010,IN,1762
Chandigarh,Chandigarh,160101,IN,1763
Uttar Pradesh,Robertsganj,231216,IN,1764
Karnataka,Mysuru,570022,IN,1765
Odisha,Jatani,752050,IN,1766
Karnataka,Bangalore,560020,IN,1767
Uttar Pradesh,Deoband,247554,IN,1768
Karnataka,Irakasandra,572117,IN,1769
Delhi,New Delhi,110009,IN,1770
Kerala,Kozhikode,673006,IN,1771
Uttar Pradesh,Kanpur,208019,IN,1772
Andhra Pradesh,Eluru,534002,IN,1773
West Bengal,Durgapur,713213,IN,1774
Assam,Guwahati,781020,IN,1775
Karnataka,Bangalore,560068,IN,1776
Jharkhand,Jamshedpur,831011,IN,1777
Delhi,Shahdara,110032,IN,1778
Karnataka,Hunsur,571105,IN,1779
Karnataka,Dharwad,580001,IN,1780
Kerala,Ernakulam,682018,IN,1781
Kerala,"Venjarammoodu,Thiruvananthapuram",695607,IN,1782
Jharkhand,Gua,833213,IN,1783
Tamil Nadu,Tiruchirappalli,620006,IN,1784
Andhra Pradesh,Rayadurg,515865,IN,1785
Madhya Pradesh,Morena,476001,IN,1786
Jharkhand,Ranchi,835222,IN,1787
Uttar Pradesh,Bulandshahr,203001,IN,1788
Karnataka,Mysuru,570002,IN,1789
Kerala,Paravoor,691301,IN,1790
Gujarat,Dohad,389172,IN,1791
Uttar Pradesh,Fatehpur Fatehpur District,212601,IN,1792
Rajasthan,Jodhpur,342002,IN,1793
Karnataka,Mangaluru,574142,IN,1794
Kerala,Kottayam,686604,IN,1795
Kerala,Pattiom,670691,IN,1796
Karnataka,Dharwad,580006,IN,1797
Gujarat,Bilimora,396325,IN,1798
Karnataka,Hubballi,580021,IN,1799
Chhattisgarh,Kurud,493663,IN,1800
Kerala,Vilangad,673506,IN,1801
Maharashtra,Pune,411032,IN,1802
Chhattisgarh,Raipur,492006,IN,1803
West Bengal,Durgapur,713212,IN,1804
Puducherry,Puducherry,605014,IN,1805
Kerala,Kakkanad,682037,IN,1806
Telangana,Ramagundam,505215,IN,1807
Rajasthan,Jaipur,302025,IN,1808
Kerala,Kanhangad,671531,IN,1809
Madhya Pradesh,Indore,452009,IN,1810
Gujarat,Gandhinagar,382006,IN,1811
Telangana,Miryalaguda,508207,IN,1812
Kerala,Kottayam,686001,IN,1813
Uttar Pradesh,Muzzafarnagar,251202,IN,1814
Uttar Pradesh,Modinagar,201204,IN,1815
Uttar Pradesh,Varanasi,221003,IN,1816
Maharashtra,Akola,444001,IN,1817
Odisha,Sundargarh,770001,IN,1818
Uttar Pradesh,Ghaziabad,201011,IN,1819
Andhra Pradesh,Tallapudi,534340,IN,1820
Nagaland,Mokokchung,798601,IN,1821
Maharashtra,Mumbai -400064,400064,IN,1822
Kerala,Manjeri,676122,IN,1823
Telangana,Hyderabad,500091,IN,1824
Odisha,Berhampur,760006,IN,1825
Rajasthan,Tonk,304001,IN,1826
Gujarat,Ahmedabad,380013,IN,1827
Karnataka,Bangalore,560100,IN,1828
Maharashtra,Nashik,422006,IN,1829
Andhra Pradesh,Sulluru,524121,IN,1830
Uttar Pradesh,Gorakhpur,273016,IN,1831
Tamil Nadu,Chidambaram,608602,IN,1832
Madhya Pradesh,Bina,470113,IN,1833
Jharkhand,Jamshedpur,832401,IN,1834
Tamil Nadu,Chennai,600107,IN,1835
Telangana,Hyderabad,500045,IN,1836
Karnataka,Mangaluru,575025,IN,1837
Kerala,Aroor,688537,IN,1838
Andhra Pradesh,Vijayawada,520004,IN,1839
Andhra Pradesh,Visakhapatnam,530002,IN,1840
Uttar Pradesh,Kanpur,208011,IN,1841
Tamil Nadu,Chennai,600090,IN,1842
Tamil Nadu,Tiruttani,631209,IN,1843
Uttarakhand,Rishikesh,249204,IN,1844
Telangana,Sangareddy,502001,IN,1845
Uttar Pradesh,Hindalco Industries Ltd,231217,IN,1846
Gujarat,Vapi,396195,IN,1847
Uttar Pradesh,Saharanpur,247001,IN,1848
Delhi,Delhi,110092,IN,1849
Uttar Pradesh,Lucknow,227105,IN,1850
Karnataka,Bangalore,560085,IN,1851
Kerala,Mannarkad,678582,IN,1852
Bihar,Bettiyah,845438,IN,1853
West Bengal,Kolkata,700029,IN,1854
Maharashtra,Pimpri Chinchwad,411018,IN,1855
Gujarat,Lathi,365435,IN,1856
Rajasthan,Sikar,332030,IN,1857
Bihar,Sherghati,824211,IN,1858
Rajasthan,Jaipur,302016,IN,1859
Karnataka,Sulya,574239,IN,1860
Madhya Pradesh,Khargone,451442,IN,1861
Goa,Curchorem,403706,IN,1862
Tamil Nadu,Karur,639002,IN,1863
Tamil Nadu,Ooty,643206,IN,1864
Bihar,Saharsa,852201,IN,1865
Karnataka,Bengaluru,560053,IN,1866
Uttar Pradesh,Lucknow,226005,IN,1867
Kerala,Iroopara,695584,IN,1868
Tamil Nadu,"Avinashi, Tirupur",641654,IN,1869
Andaman and Nicobar Islands,Port Blair,744103,IN,1870
Bihar,Sitamarhi,847302,IN,1871
Maharashtra,Vasai(West),401202,IN,1872
Tamil Nadu,Mayiladuthurai,609003,IN,1873
Kerala,Neyyattinkara,695121,IN,1874
Maharashtra,Mumbai,400058,IN,1875
Himachal Pradesh,Kangra,176060,IN,1876
Kerala,Thodupuzha,686670,IN,1877
Andhra Pradesh,Kandukur,523105,IN,1878
Uttar Pradesh,Jaunpur,222002,IN,1879
Uttar Pradesh,Allahabad,211003,IN,1880
Karnataka,Derlakkatte,575018,IN,1881
Tamil Nadu,Tharamangalam,636502,IN,1882
Uttar Pradesh,Mathura,281123,IN,1883
Karnataka,Bantval,574279,IN,1884
Rajasthan,Chittaurgarh,312602,IN,1885
Gujarat,Anand,380001,IN,1886
West Bengal,Kolkata,700061,IN,1887
Jharkhand,Dhanbad,828130,IN,1888
Telangana,Medak,500090,IN,1889
Maharashtra,Basmath,431512,IN,1890
Manipur,Imphal East,795114,IN,1891
Tamil Nadu,Ambur,635802,IN,1892
Madhya Pradesh,Bhopal,462023,IN,1893
Tamil Nadu,"Vandipettai, Kurukupuram, Rasipuram, Namakkal",637401,IN,1894
Uttar Pradesh,Lucknow,226021,IN,1895
Haryana,Gurgaon,122011,IN,1896
Gujarat,Valsad,396001,IN,1897
West Bengal,Barrackpore,700120,IN,1898
Maharashtra,Sangamner,422605,IN,1899
Gujarat,Petlad,388450,IN,1900
Andhra Pradesh,Krishna District,521325,IN,1901
Gujarat,Mandvi Surat District,394160,IN,1902
Karnataka,Tumkur District,572138,IN,1903
Delhi,New Delhi,110035,IN,1904
West Bengal,Jagatdal,743124,IN,1905
West Bengal,Howrah,711106,IN,1906
Maharashtra,Mumbai,400054,IN,1907
Karnataka,Kalaburgi,585222,IN,1908
Chhattisgarh,"Kotra Road ,Raigarh",496001,IN,1909
Kerala,Chengannur,689520,IN,1910
Bihar,Danapur,801503,IN,1911
Madhya Pradesh,Balaghat,481556,IN,1912
Tamil Nadu,Chennai,602024,IN,1913
Haryana,Beri,124201,IN,1914
Goa,Mapusa,403510,IN,1915
Karnataka,Bangalore,560090,IN,1916
Sikkim,Gangtok,737101,IN,1917
Uttar Pradesh,Greater Noida,203207,IN,1918
Maharashtra,Kalamnuri,431702,IN,1919
Andhra Pradesh,Pedaparupudi,521148,IN,1920
Karnataka,Mangaluru,575030,IN,1921
Andhra Pradesh,Rayachoti,516269,IN,1922
Tamil Nadu,Guduvanchery,603202,IN,1923
Kerala,Kollam,691001,IN,1924
Maharashtra,Ichalkaranji,416121,IN,1925
Andaman and Nicobar Islands,South Andaman,744101,IN,1926
Andhra Pradesh,"Sabbavaram,Visakhapatnam",531035,IN,1927
Gujarat,Veraval,362265,IN,1928
Karnataka,Bengaluru,560026,IN,1929
Delhi,New Delhi,110001,IN,1930
Haryana,Karnal,136044,IN,1931
Uttar Pradesh,Ghaziabad,201003,IN,1932
Andhra Pradesh,Guntur,522002,IN,1933
West Bengal,Krishnapur Hugli District,712708,IN,1934
Uttar Pradesh,Ghaziabad,201013,IN,1935
Karnataka,Kollegal,571440,IN,1936
Maharashtra,Kalachowki Mumbai,400033,IN,1937
Uttar Pradesh,Sultanpur,228118,IN,1938
Gujarat,Surat,394107,IN,1939
Goa,Curtorim,403709,IN,1940
Assam,Guwahati,781021,IN,1941
Kerala,P.O.Chirakkal,670011,IN,1942
Maharashtra,Mumbai,400033,IN,1943
Uttar Pradesh,Ghazipur,232325,IN,1944
Andhra Pradesh,Rajam,532127,IN,1945
Chhattisgarh,Ambikapur,497001,IN,1946
Uttar Pradesh,Jhansi,284001,IN,1947
Uttar Pradesh,Sant Kabirnagar.,272125,IN,1948
Tamil Nadu,Tiruchirappalli,620004,IN,1949
Bihar,Saharsa,852107,IN,1950
Karnataka,Bangalore,560032,IN,1951
Uttar Pradesh,Bahjoi,244410,IN,1952
West Bengal,Kolkata,700071,IN,1953
Tamil Nadu,P.N.Patti,636402,IN,1954
Assam,Guwahati,781005,IN,1955
Kerala,Kozhikode,673010,IN,1956
Tamil Nadu,Chennai,600064,IN,1957
Maharashtra,Chandrapur,442401,IN,1958
Maharashtra,Dombivli-East,421204,IN,1959
Uttar Pradesh,Kanpur,208012,IN,1960
Kerala,Thiruvananthapuram,695035,IN,1961
Madhya Pradesh,Rajgarh Dhar District,454116,IN,1962
West Bengal,Kolkata,700104,IN,1963
West Bengal,Bally,711201,IN,1964
Uttar Pradesh,Lucknow,226202,IN,1965
Himachal Pradesh,Mandi,175012,IN,1966
West Bengal,Kolkata,700027,IN,1967
Kerala,Kanjikode Industrial Area,678622,IN,1968
Tamil Nadu,Chennai,600053,IN,1969
Telangana,Nakrekal,508211,IN,1970
Karnataka,Sagar,577401,IN,1971
Maharashtra,Kandivali (W),400067,IN,1972
Maharashtra,Mumbai 400023,400023,IN,1973
Delhi,New Delhihbjo,110019,IN,1974
Haryana,Bahadurgarh,124507,IN,1975
Karnataka,Bengaluru,560034,IN,1976
Kerala,Kochi,682011,IN,1977
Haryana,Mandi Dabwali,125104,IN,1978
Tamil Nadu,Chennai,600066,IN,1979
Andhra Pradesh,Peddapuram,533437,IN,1980
Andhra Pradesh,Nadim Tiruvuru,521235,IN,1981
Andhra Pradesh,Anantapur,515005,IN,1982
Andhra Pradesh,Chittoor,517102,IN,1983
Goa,Panaji,403002,IN,1984
Uttar Pradesh,Azamgarh,276001,IN,1985
Chhattisgarh,Bhilai,490023,IN,1986
Maharashtra,Kondhwa Khurd 48 .Pune  411048,411048,IN,1987
Odisha,Fci Township,759116,IN,1988
Punjab,Rajpura,140401,IN,1989
Goa,Vasco Da Gama,403726,IN,1990
Karnataka,Davanagere,577005,IN,1991
Karnataka,Vijapura,586101,IN,1992
Manipur,Thoubal,795138,IN,1993
Karnataka,Bidar,585402,IN,1994
Jammu & Kashmir,Jammu,180004,IN,1995
Uttar Pradesh,Allahabad,211006,IN,1996
Andhra Pradesh,Visakhapatnam,530001,IN,1997
Uttar Pradesh,Azamgarh,226001,IN,1998
Uttarakhand,"Post Office-Harrawala, Dehradun",248160,IN,1999
Kerala,Okkal,683550,IN,2000
Uttar Pradesh,Pipiganj,273165,IN,2001
Karnataka,Sirsi,581403,IN,2002
Odisha,Rourkela,769008,IN,2003
Maharashtra,Karad,415539,IN,2004
Delhi,Rajouri Garden,110027,IN,2005
Tamil Nadu,Chennai,603210,IN,2006
Bihar,Patna,801505,IN,2007
Tamil Nadu,Coimbatore,641022,IN,2008
Maharashtra,Mumbai-400064,400064,IN,2009
Telangana,Hyderabad,500082,IN,2010
Maharashtra,Mumbai,400061,IN,2011
Gujarat,Surat,395006,IN,2012
Madhya Pradesh,Bhopal,462041,IN,2013
Tamil Nadu,Nambiyur,638458,IN,2014
Gujarat,Jamnagar,361010,IN,2015
Haryana,Ambala Cantt,133001,IN,2016
Uttar Pradesh,Pratapgarh,230402,IN,2017
Maharashtra,Mumbai,400011,IN,2018
Karnataka,Tarikere,577228,IN,2019
Tamil Nadu,Cuddalore,608002,IN,2020
Kerala,Trivandrum,695002,IN,2021
Tamil Nadu,T Kallupatti,625702,IN,2022
Haryana,Hansi,125033,IN,2023
Chhattisgarh,Raipur,492013,IN,2024
Tamil Nadu,Chennai,600072,IN,2025
Karnataka,Bangalore,560098,IN,2026
Kerala,Kochi,682013,IN,2027
Goa,Chicalim,403710,IN,2028
Gujarat,Dhrangadhra,363310,IN,2029
Karnataka,Bengaluru,560081,IN,2030
Odisha,Bhubaneswar,752100,IN,2031
Jharkhand,Kanke,834006,IN,2032
Andhra Pradesh,Singarayakonda,523101,IN,2033
Andhra Pradesh,Attilli,534134,IN,2034
Uttarakhand,Selaqui,248011,IN,2035
Odisha,Bhubaneswar,751016,IN,2036
Gujarat,Rajkot,360005,IN,2037
Maharashtra,Pune,411021,IN,2038
Andhra Pradesh,Nellore,524366,IN,2039
Kerala,Kunnamkulam,680503,IN,2040
Punjab,Jalandhar Cant,144005,IN,2041
Kerala,Punalur,691305,IN,2042
Maharashtra,Nashik,422207,IN,2043
Maharashtra,Thane,400706,IN,2044
Karnataka,Malavalli,571430,IN,2045
Odisha,Jaleswar,756032,IN,2046
West Bengal,Kolkata,700108,IN,2047
West Bengal,Nadia,741313,IN,2048
Kerala,Meenachil,686585,IN,2049
Gujarat,Vyara,394650,IN,2050
Andhra Pradesh,Palacole,534260,IN,2051
West Bengal,Barrackpore,700123,IN,2052
Jammu & Kashmir,Vijaypur Koulpur,184120,IN,2053
West Bengal,Bankura,722202,IN,2054
Tamil Nadu,Ganguvarpatti,625203,IN,2055
Kerala,Shoranur,679121,IN,2056
Kerala,Pottore,680581,IN,2057
Goa,North Goa,403006,IN,2058
Odisha,Bargarh,768028,IN,2059
Maharashtra,Pimpri Chinchwad,411034,IN,2060
Delhi,New Delhi,110010,IN,2061
Delhi,New Delhi,110005,IN,2062
Karnataka,Mysuru,570009,IN,2063
Kerala,Kunnathunad,683565,IN,2064
West Bengal,Kolkata,700091,IN,2065
Tamil Nadu,Thiruverkadu,600077,IN,2066
Karnataka,Sirsi,581401,IN,2067
Tamil Nadu,Chennai,600029,IN,2068
Maharashtra,Mumbai,400043,IN,2069
Uttar Pradesh,Unnao,209801,IN,2070
Maharashtra,Amravati,444601,IN,2071
Maharashtra,Nagpur,440023,IN,2072
Maharashtra,Mumbai,400005,IN,2073
Uttar Pradesh,Kanpur,208025,IN,2074
Bihar,Munger,811201,IN,2075
Tamil Nadu,Erode,638505,IN,2076
Gujarat,Surat,395013,IN,2077
Gujarat,Anand,388355,IN,2078
Telangana,Adilabad,504001,IN,2079
Kerala,Thiruvananthapuram,695025,IN,2080
Maharashtra,Dombivli,421204,IN,2081
Gujarat,Gandhinagar,382424,IN,2082
Tamil Nadu,Coimbatore,641011,IN,2083
Maharashtra,Loni,413736,IN,2084
Himachal Pradesh,Mandi,175025,IN,2085
Goa,"Curtorim,South Goa",403709,IN,2086
Telangana,Hyderabad,500002,IN,2087
Uttar Pradesh,Varanasi,221001,IN,2088
West Bengal,Kolkata,700065,IN,2089
Maharashtra,"Kalyan - West, Thane",421301,IN,2090
Puducherry,Puducherry,605003,IN,2091
Karnataka,Hirekerur,581111,IN,2092
Uttar Pradesh,Hargaon,261121,IN,2093
Uttar Pradesh,Lakhimpur,262701,IN,2094
Madhya Pradesh,Indore,453555,IN,2095
Goa,Siolim,403517,IN,2096
Telangana,Hyderabad,500014,IN,2097
Kerala,Cochin,682037,IN,2098
Meghalaya,Jowai,793150,IN,2099
Himachal Pradesh,Kandaghat,173234,IN,2100
Karnataka,Bengaluru,560013,IN,2101
Gujarat,Prantij,383205,IN,2102
Gujarat,Surat,394518,IN,2103
Rajasthan,Jaipur,302015,IN,2104
Kerala,Thrissur,680651,IN,2105
Haryana,Ballabgarh,121004,IN,2106
Tamil Nadu,Nandivaram Guduvancheri,603202,IN,2107
Maharashtra,Ramtek,441106,IN,2108
Tamil Nadu,Tenkasi,627814,IN,2109
Uttar Pradesh,Sitapur,261001,IN,2110
Punjab,Phagwara,144401,IN,2111
Meghalaya,Shillong,793001,IN,2112
Maharashtra,Virar,401305,IN,2113
Tamil Nadu,Salem,636308,IN,2114
West Bengal,Asansol,713304,IN,2115
Andhra Pradesh,Dharmavaram,515671,IN,2116
Karnataka,Kariyangala,574219,IN,2117
Tamil Nadu,Chennai,600037,IN,2118
Tamil Nadu,Chennai,600021,IN,2119
Telangana,Hyderabad,500095,IN,2120
Tamil Nadu,Vellore,632007,IN,2121
Maharashtra,Pune,411011,IN,2122
Andhra Pradesh,Visakhapatnam,530020,IN,2123
Andhra Pradesh,East Vipparru,534328,IN,2124
Maharashtra,Pune,412115,IN,2125
Maharashtra,Kalyan,421202,IN,2126
Uttar Pradesh,Barhani Bazar,272201,IN,2127
Kerala,Chevvoor,680563,IN,2128
Tamil Nadu,Chennai,600007,IN,2129
Maharashtra,Udgir,413517,IN,2130
Odisha,Bhadrak,756115,IN,2131
Uttar Pradesh,Etawah,206001,IN,2132
Bihar,Nawada,805110,IN,2133
Maharashtra,Mumbai,400003,IN,2134
Madhya Pradesh,Raymond Chhindwara,480108,IN,2135
Maharashtra,Nashik,422010,IN,2136
Punjab,Behrampur,143532,IN,2137
Uttarakhand,Tanakpur,262309,IN,2138
Delhi,New Delhi,110087,IN,2139
Odisha,Cuttack,753007,IN,2140
Kerala,Kannur,670003,IN,2141
Rajasthan,Jaipur,302013,IN,2142
Tamil Nadu,Karaikkudi,630006,IN,2143
Odisha,Rourkela,769004,IN,2144
Gujarat,Ahmedabad,380006,IN,2145
Gujarat,Bharuch,392001,IN,2146
Tamil Nadu,Erode,638009,IN,2147
Goa,Verna,403722,IN,2148
Kerala,Beypore,673028,IN,2149
Tamil Nadu,Coimbatore,641015,IN,2150
Kerala,Kollam,691534,IN,2151
Tamil Nadu,Salem,636004,IN,2152
Goa,"Nuvem.   ( Do Not Ring The Door Bell, Call B4 Comg",403604,IN,2153
Jharkhand,Chakradharpur,833102,IN,2154
Madhya Pradesh,Ujjain,456001,IN,2155
Punjab,Pathankot,145001,IN,2156
Maharashtra,Daryapur Banosa,444803,IN,2157
Andhra Pradesh,Nandyal,518501,IN,2158
Maharashtra,Manwath,431505,IN,2159
Haryana,Palwal,121102,IN,2160
Gujarat,Shamlaji,385535,IN,2161
Maharashtra,Nandurbar,425412,IN,2162
Rajasthan,Alwar,301001,IN,2163
Andhra Pradesh,Buttayagudem,534448,IN,2164
Kerala,Oachira,690525,IN,2165
Kerala,Palakkad,680585,IN,2166
Uttar Pradesh,Rampur,244901,IN,2167
Delhi,New Delhi,110026,IN,2168
Goa,Bicholim,403504,IN,2169
Odisha,Jajapur,755001,IN,2170
Haryana,Bawal,123401,IN,2171
Tamil Nadu,Chennai,600034,IN,2172
Karnataka,Bengaluru,560109,IN,2173
West Bengal,Koyra,743294,IN,2174
Kerala,Thalassery,670101,IN,2175
Kerala,Koothattukulam,686662,IN,2176
Goa,Reis Magos,403114,IN,2177
Assam,Guwahati,781034,IN,2178
Karnataka,Hosapete,583201,IN,2179
Maharashtra,Pune,411009,IN,2180
Odisha,Bhubaneswar,751019,IN,2181
Maharashtra,Mumbai,400079,IN,2182
Madhya Pradesh,Satna,485005,IN,2183
Telangana,Kompally,501401,IN,2184
Karnataka,Bangalore,560093,IN,2185
Delhi,New Delhi,110048,IN,2186
Kerala,Pandakasala Chirayinkizh,695304,IN,2187
Tamil Nadu,Ayyampettai Thanjavur District,614201,IN,2188
Andhra Pradesh,Visakhapatnam,530040,IN,2189
Chhattisgarh,Banki Mongra,495447,IN,2190
Telangana,Secunderabad,500056,IN,2191
Rajasthan,Jodhpur,342008,IN,2192
Rajasthan,Jaipur,302026,IN,2193
Tamil Nadu,Tenkasi,627811,IN,2194
Chhattisgarh,New Raipur,492101,IN,2195
Goa,Sanguem,403410,IN,2196
Maharashtra,"Andheri East, Mumbai",400069,IN,2197
West Bengal,Kolkata,700107,IN,2198
Karnataka,Bhadravati,577301,IN,2199
Maharashtra,Anantpur,423702,IN,2200
Kerala,Kanjirappally,686506,IN,2201
Kerala,Kunnamkulam,680544,IN,2202
Kerala,Cherthala,688539,IN,2203
Karnataka,Kakkabe,571212,IN,2204
Gujarat,Nadiad,387002,IN,2205
Kerala,Cochin,682306,IN,2206
Maharashtra,Mumbai,400099,IN,2207
Andhra Pradesh,Eluru,534007,IN,2208
Maharashtra,Mumbai 400057,400057,IN,2209
Mizoram,Aizawl,796012,IN,2210
Rajasthan,Kota,324001,IN,2211
Chhattisgarh,Pali,495449,IN,2212
West Bengal,Kolkata,700153,IN,2213
West Bengal,Kalyani,741235,IN,2214
Karnataka,Bangalore,560073,IN,2215
Kerala,Thrissur,680001,IN,2216
Chhattisgarh,Gaurela,495117,IN,2217
Himachal Pradesh,Nahan,173001,IN,2218
Karnataka,Karkal,576112,IN,2219
Madhya Pradesh,Rampur,486775,IN,2220
West Bengal,Rajarhat,700136,IN,2221
Maharashtra,Panvel,410206,IN,2222
Maharashtra,Chiplun,415605,IN,2223
Maharashtra,Vasai Virar,401203,IN,2224
Gujarat,Padra,391445,IN,2225
Maharashtra,Lonavla,989898,IN,2226
Karnataka,Hubballi,580031,IN,2227
Kerala,Thiruvananthapuram,695014,IN,2228
Delhi,New Delhi,110057,IN,2229
Delhi,Delhi,110034,IN,2230
Kerala,Kottayam,686018,IN,2231
Maharashtra,Pimpri Chinchwad,411061,IN,2232
Himachal Pradesh,Palampur,176061,IN,2233
Kerala,Malappuram,673641,IN,2234
Tamil Nadu,Chennai,600014,IN,2235
Tamil Nadu,Chennai,600020,IN,2236
Kerala,Thiruvananthapuram,695012,IN,2237
Tamil Nadu,Kovilpatti,628501,IN,2238
West Bengal,Kolkata,700031,IN,2239
Karnataka,Mangaluru,575019,IN,2240
Assam,Dhemaji,787057,IN,2241
Goa,Town Mapusa,403507,IN,2242
Karnataka,Banglore,560072,IN,2243
Uttarakhand,Ramnagar,244715,IN,2244
Uttar Pradesh,Laharpur,261135,IN,2245
Rajasthan,Jaipur,302034,IN,2246
Bihar,Sitamarhi,843328,IN,2247
Andhra Pradesh,Visakhapatnam,530046,IN,2248
Goa,Cortalim,403710,IN,2249
Kerala,Thrissur,680588,IN,2250
Tamil Nadu,Ettaiyapuram,628902,IN,2251
West Bengal,Kolkata,700009,IN,2252
Maharashtra,Pune,412308,IN,2253
Andhra Pradesh,Kadapa,516003,IN,2254
Andhra Pradesh,Visakhapatnam,530049,IN,2255
Karnataka,Motebennur,581106,IN,2256
Andhra Pradesh,Vijayawada,521137,IN,2257
Assam,North Guwahati,781030,IN,2258
Jharkhand,Bokaro Steel City,827009,IN,2259
Andhra Pradesh,Vakadu(M),524415,IN,2260
Manipur,Imphal,795002,IN,2261
Haryana,Faridabad,121012,IN,2262
Uttar Pradesh,Gautam Buddh Nagar,201306,IN,2263
Rajasthan,Neem Ka Thana,332713,IN,2264
Maharashtra,Nashik,422008,IN,2265
Karnataka,Davanagere,577001,IN,2266
Kerala,Puzhathi,670005,IN,2267
Kerala,Pathanamthitta,689613,IN,2268
Rajasthan,Abu Road,307026,IN,2269
Goa,North Goa,403001,IN,2270
Uttar Pradesh,Ayodhya,224123,IN,2271
Uttar Pradesh,Gonda,271303,IN,2272
Tamil Nadu,Pudukkottai,622003,IN,2273
Tamil Nadu,Chennai,600130,IN,2274
Tamil Nadu,Kunnathur,638103,IN,2275
Uttarakhand,Dehradun,248007,IN,2276
Chhattisgarh,Raigarh,496001,IN,2277
Maharashtra,"Poyenge, Panvel, New Mumbai",410221,IN,2278
Gujarat,Una,362560,IN,2279
Rajasthan,Jaipur,302027,IN,2280
Telangana,Nizamabad,503202,IN,2281
Kerala,Meenangadi,673591,IN,2282
Jammu & Kashmir,Srinagar,190020,IN,2283
Bihar,Madhubani,847223,IN,2284
Gujarat,Okha,361350,IN,2285
Tamil Nadu,Salem,636030,IN,2286
Gujarat,Kachchh,370421,IN,2287
Karnataka,Hubballi,580032,IN,2288
Karnataka,Opposite To Sri Mookambika Temple Kollur,576220,IN,2289
Rajasthan,Jaipur,302002,IN,2290
Maharashtra,Amravati,444603,IN,2291
Uttar Pradesh,Lucknow,226303,IN,2292
Goa,Vasco Da Gama,403803,IN,2293
Kerala,Eranholi,670649,IN,2294
Uttar Pradesh,Chirgaon,284301,IN,2295
Uttar Pradesh,Ghaziabad,201201,IN,2296
Odisha,Bhubaneswar,751030,IN,2297
Rajasthan,Udaipur,313011,IN,2298
Goa,Panaji,403001,IN,2299
Tamil Nadu,"Thirunagar, Madurai",625006,IN,2300
Rajasthan,Sri Madhopur,332715,IN,2301
Tamil Nadu,Erode,638002,IN,2302
West Bengal,Bhadreswar,712124,IN,2303
Maharashtra,Pune-412207,412207,IN,2304
Delhi,Delhi,110085,IN,2305
Jharkhand,Ranchi,834010,IN,2306
West Bengal,Kolkata,700154,IN,2307
Delhi,New Delhi,110094,IN,2308
Madhya Pradesh,Bhopal,462042,IN,2309
Rajasthan,Riico Industrial Area Khushkhera,301707,IN,2310
Andhra Pradesh,Chodavaram,531036,IN,2311
Assam,Tinsukia,786125,IN,2312
Maharashtra,Nagpur,441404,IN,2313
West Bengal,Liluah,711204,IN,2314
Uttar Pradesh,Agra,282005,IN,2315
Karnataka,"Vinobanagar,Shimoga",577204,IN,2316
Punjab,Ludhiana,142022,IN,2317
Karnataka,Mudigere,577113,IN,2318
Telangana,Karimnagar,505451,IN,2319
West Bengal,Uttarpara Kotrung,712232,IN,2320
Maharashtra,Jalgaon,425002,IN,2321
Bihar,Ashiana Nagar Patna,800025,IN,2322
Rajasthan,Udaipur,313002,IN,2323
Andhra Pradesh,Chittoor,517390,IN,2324
Andhra Pradesh,Visakhapatnam,530012,IN,2325
Assam,Marigaon,782105,IN,2326
Goa,Canacona,403702,IN,2327
Uttar Pradesh,Sonbhadra,231219,IN,2328
Uttar Pradesh,Gonda,271319,IN,2329
Tamil Nadu,Pochampalli,635206,IN,2330
Kerala,Pallichal,695528,IN,2331
Maharashtra,Pimpri Chinchwad,412105,IN,2332
Karnataka,Munirabad Project Area,583233,IN,2333
Uttar Pradesh,Kathaura,229801,IN,2334
Karnataka,Bengaluru,560051,IN,2335
Tamil Nadu,Thiruvarur,610002,IN,2336
Odisha,Ganjam,761121,IN,2337
Kerala,Mannuthy,680651,IN,2338
Kerala,Thalassery,670741,IN,2339
Puducherry,Puducherry,605006,IN,2340
Rajasthan,Jodhpur,342004,IN,2341
Maharashtra,Sawantwadi,416510,IN,2342
Uttar Pradesh,Haldaur District Bijnor,246726,IN,2343
Karnataka,Virajpete,571250,IN,2344
Andhra Pradesh,Bhogapuram,535216,IN,2345
Tamil Nadu,Hosur,635126,IN,2346
Kerala,Kozhikode,673305,IN,2347
Andhra Pradesh,Madanapalli Chittoor,517319,IN,2348
Gujarat,Limkheda,389130,IN,2349
Jharkhand,Mihijam,815354,IN,2350
Telangana,Hyderabad,500040,IN,2351
Maharashtra,Shrirampur,413709,IN,2352
Tamil Nadu,Chennai,600122,IN,2353
Maharashtra,Mumbai,400009,IN,2354
Gujarat,Ahmedabad,380009,IN,2355
Uttar Pradesh,Greater Noida West,201318,IN,2356
Telangana,Hyderabad,500057,IN,2357
Uttar Pradesh,Ghaziabad,201302,IN,2358
Andhra Pradesh,Bobbili,535558,IN,2359
Meghalaya,Shillong,793006,IN,2360
Tamil Nadu,Vallam Thanjavur District,613403,IN,2361
Rajasthan,Tonk,305801,IN,2362
Andhra Pradesh,Visakhapatnam,530009,IN,2363
Maharashtra,Vasai Virar,401201,IN,2364
West Bengal,Koch Bihar,736101,IN,2365
Bihar,Amarpur,813101,IN,2366
Goa,Pomburpa,403523,IN,2367
Karnataka,Kumta,581330,IN,2368
Maharashtra,"Kalyan, Thane",421204,IN,2369
West Bengal,Kolkata,700026,IN,2370
Kerala,Taliparamba,670143,IN,2371
Maharashtra,Pune,411004,IN,2372
Mizoram,Aizawl,796001,IN,2373
Madhya Pradesh,Umaria Bandhawagarh,484661,IN,2374
Tamil Nadu,Chennai,600079,IN,2375
Kerala,Palakkad,679503,IN,2376
Maharashtra,Pune,412201,IN,2377
Tamil Nadu,Thanjavur,613001,IN,2378
Maharashtra,Sangli Miraj Kupwad,416416,IN,2379
Uttar Pradesh,Sareni,229212,IN,2380
Karnataka,Bengaluru,562123,IN,2381
Puducherry,Muthialpet,605003,IN,2382
Uttar Pradesh,"Vrindavan, Mathura",281121,IN,2383
Odisha,Cuttack,753010,IN,2384
Delhi,New Delhi,110056,IN,2385
Uttar Pradesh,"Tehsil - Sikandrabad, District - Bulandshahr",203202,IN,2386
West Bengal,Kharagpur,721301,IN,2387
Rajasthan,Nohar,335523,IN,2388
Telangana,Managuru,507125,IN,2389
Tamil Nadu,Nagercoil,629003,IN,2390
West Bengal,Howrah,711109,IN,2391
Kerala,Pathanamthitta,689548,IN,2392
Tamil Nadu,Singaperumalkoil,603204,IN,2393
Karnataka,Virajpete,571247,IN,2394
Rajasthan,Rawatbhata,323307,IN,2395
Kerala,Ernakulam,683541,IN,2396
Karnataka,Chitapur,585211,IN,2397
Rajasthan,Jaipur,302033,IN,2398
Telangana,Hyderabad,500065,IN,2399
Karnataka,"Marathahalli,Bengalore.",560037,IN,2400
Kerala,Kondotty,673647,IN,2401
Tamil Nadu,Tiruvallur,600068,IN,2402
Tamil Nadu,Kanchipuram,631501,IN,2403
Maharashtra,Dombivli,421201,IN,2404
Tamil Nadu,Chennai,600087,IN,2405
Andhra Pradesh,Guntur District,522409,IN,2406
Uttar Pradesh,Bareilly,243006,IN,2407
Haryana,Rewari,123106,IN,2408
West Bengal,Tamluk,721649,IN,2409
Uttar Pradesh,"Mogra Badshahpur, Jaunpur",222202,IN,2410
Andhra Pradesh,Alamuru,533233,IN,2411
Bihar,Patna,800006,IN,2412
Punjab,Mohali,140307,IN,2413
Maharashtra,Mangaon,402117,IN,2414
Goa,Orlim,403724,IN,2415
Maharashtra,Pune,411003,IN,2416
Gujarat,Di-Tapi,394641,IN,2417
Puducherry,Puducherry,605004,IN,2418
Goa,Marcela,403107,IN,2419
Gujarat,Ahmedabad,382345,IN,2420
Kerala,Edappal,679576,IN,2421
Tamil Nadu,Vedaranyam,614810,IN,2422
Karnataka,Shirthady,574236,IN,2423
Kerala,Enkakkad,680589,IN,2424
Karnataka,Bengaluru,560006,IN,2425
Maharashtra,Pune,411002,IN,2426
Maharashtra,Goregaon Mumbai,400062,IN,2427
Kerala,Thodupuzha,685585,IN,2428
West Bengal,Howrah,711108,IN,2429
Andhra Pradesh,Puttur,517583,IN,2430
Kerala,Palakkad,678001,IN,2431
Telangana,Qutubullapur,500055,IN,2432
Tamil Nadu,Thanjavur,613007,IN,2433
Maharashtra,Lonavala,410401,IN,2434
Uttar Pradesh,Gorakhpur,273015,IN,2435
Odisha,Sunabeda,763002,IN,2436
Tamil Nadu,Madurai,625003,IN,2437
Maharashtra,Dombvli West,421202,IN,2438
Bihar,Rosera,848210,IN,2439
Telangana,Sircilla,505301,IN,2440
Kerala,Oachira,690526,IN,2441
Madhya Pradesh,Chhindwara,480001,IN,2442
Madhya Pradesh,Pandhurna,480334,IN,2443
Maharashtra,Alandi Pune,412105,IN,2444
Kerala,Thiruvananthapuram,695026,IN,2445
Tamil Nadu,Vaniyambadi,635751,IN,2446
Maharashtra,Boisar,401504,IN,2447
Andhra Pradesh,Kurnool,518002,IN,2448
Tamil Nadu,Coimbatore,641008,IN,2449
Punjab,Mohali,160064,IN,2450
Odisha,Jharsuguda,768201,IN,2451
Puducherry,Puducherry,605007,IN,2452
Punjab,Amritsar,143105,IN,2453
Madhya Pradesh,Bhopal,462043,IN,2454
Goa,Vasco Da Gama,403711,IN,2455
West Bengal,Kolkata,700099,IN,2456
Kerala,Thenhippalam,673635,IN,2457
Odisha,Vedanta Jharsuguda,768202,IN,2458
Telangana,"Hyderabad,",500090,IN,2459
Maharashtra,Dombivali,421201,IN,2460
Madhya Pradesh,Indore,452015,IN,2461
Madhya Pradesh,Bhopal,462027,IN,2462
Karnataka,Davanagere,577004,IN,2463
Tamil Nadu,Chennai,600076,IN,2464
Kerala,Meppadi,673577,IN,2465
Kerala,Edacheri,673503,IN,2466
West Bengal,Siliguri,734001,IN,2467
Assam,Kokrajhar,783370,IN,2468
Kerala,Alamcode Vanchiyoor Thiruvananthapuram District,695102,IN,2469
Haryana,Panchkula,134109,IN,2470
Odisha,Bhadrak,756181,IN,2471
Karnataka,Nanjangud,571301,IN,2472
Delhi,North Delhi,110084,IN,2473
Karnataka,Manipal,576104,IN,2474
West Bengal,Bankura,722101,IN,2475
West Bengal,Champdani,712221,IN,2476
Delhi,New Delhi,110014,IN,2477
Uttar Pradesh,Islamnagar,243723,IN,2478
Karnataka,Ballari,583102,IN,2479
Punjab,Tarantaran,143401,IN,2480
Andhra Pradesh,Nandyal,518502,IN,2481
West Bengal,Jalpaiguri,735207,IN,2482
Himachal Pradesh,Mandi,175001,IN,2483
West Bengal,Kalyani,741245,IN,2484
Rajasthan,Chirawa,333028,IN,2485
Karnataka,Sirsi,581402,IN,2486
Himachal Pradesh,Mandi,175027,IN,2487
Tamil Nadu,Tindivanam,604001,IN,2488
Karnataka,Dharwad,580007,IN,2489
Kerala,Kondotty,673638,IN,2490
Karnataka,Karkala,574104,IN,2491
Punjab,Raikot,141109,IN,2492
Tamil Nadu,Chennai,600005,IN,2493
Tamil Nadu,Chennai,600045,IN,2494
West Bengal,Howrah,711112,IN,2495
Kerala,Thiruvananthapuram,695013,IN,2496
Meghalaya,Shillong,793004,IN,2497
Tamil Nadu,Sipcot Perundurai,638051,IN,2498
Andhra Pradesh,Yelamanchili,531055,IN,2499
Madhya Pradesh,Gwalior,474004,IN,2500
Odisha,Byasanagar,755019,IN,2501
Tamil Nadu,Chennai,600101,IN,2502
Karnataka,Dharwad,580004,IN,2503
Uttarakhand,Tehri,249001,IN,2504
Maharashtra,Nagpur,440012,IN,2505
Karnataka,Bangalore,560041,IN,2506
Kerala,Varapuzha,683517,IN,2507
Jammu & Kashmir,Srinagar,191121,IN,2508
Tamil Nadu,Hosurhosur,635109,IN,2509
Bihar,Katihar,855113,IN,2510
Tamil Nadu,Madurai,625016,IN,2511
Odisha,Baleshwar,756002,IN,2512
Maharashtra,Mumbai,400001,IN,2513
Karnataka,Udupi,576227,IN,2514
Andhra Pradesh,Kurnool,518006,IN,2515
Karnataka,Sringeri,577139,IN,2516
Uttar Pradesh,"Bela, Pratapgarh",230001,IN,2517
West Bengal,"Andul, Howrah",711302,IN,2518
Chhattisgarh,Vishrampur,497226,IN,2519
Maharashtra,Thane,400709,IN,2520
Odisha,Baripada,757002,IN,2521
Maharashtra,Mumbai,400087,IN,2522
West Bengal,Katwa,713518,IN,2523
Maharashtra,New Panvel,410206,IN,2524
Maharashtra,Kolhapur,416005,IN,2525
Andhra Pradesh,Guntur,522306,IN,2526
Kerala,Kalamassery,683503,IN,2527
Maharashtra,Ratnagiri,415605,IN,2528
Maharashtra,Thane,401208,IN,2529
Maharashtra,Mira Road East,401107,IN,2530
Tamil Nadu,Chennai,600102,IN,2531
Uttar Pradesh,Orai,285001,IN,2532
Maharashtra,Mumbai,400052,IN,2533
Andhra Pradesh,Kurnool,518001,IN,2534
Telangana,Secunderabad,500020,IN,2535
Tamil Nadu,Alwarkurichi,627412,IN,2536
Punjab,Kapurthala,144602,IN,2537
Madhya Pradesh,Indore,452006,IN,2538
Kerala,Chirakkal,670010,IN,2539
Tamil Nadu,Pandamangalam,637208,IN,2540
Kerala,Thrissur,680623,IN,2541
Andhra Pradesh,Naidupet-Nellore District,524126,IN,2542
Maharashtra,Pune,411043,IN,2543
Bihar,Harnaut,803110,IN,2544
Kerala,Thiruvananthapuram,695568,IN,2545
Tamil Nadu,Ilayangudi,630702,IN,2546
Andhra Pradesh,Madhurawada,530041,IN,2547
Madhya Pradesh,Pal Chaurai,480449,IN,2548
West Bengal,Kolkata,700106,IN,2549
Kerala,Chalakudy,680684,IN,2550
Andhra Pradesh,Guntur,522001,IN,2551
Kerala,Perinthalmanna,679322,IN,2552
Karnataka,Bangalore,560102,IN,2553
Andhra Pradesh,Gudur,524101,IN,2554
Maharashtra,Pune,411031,IN,2555
Haryana,Ambala,133001,IN,2556
Andhra Pradesh,Chilakaluripet,522616,IN,2557
Tamil Nadu,Chennai,600042,IN,2558
Gujarat,Vadodara 390019,390019,IN,2559
Uttar Pradesh,Lucknow,226014,IN,2560
Goa,Porvorim,403521,IN,2561
Tamil Nadu,Annur,641653,IN,2562
Madhya Pradesh,Nagod,485446,IN,2563
Telangana,Mancherial,504208,IN,2564
Maharashtra,Amravati,444606,IN,2565
Bihar,Purnia,854302,IN,2566
Uttar Pradesh,Khargupur,271204,IN,2567
Gujarat,Ahmedabad,380004,IN,2568
Maharashtra,Ozar,422207,IN,2569
Punjab,Ludhiana,141007,IN,2570
Goa,Arambol,403524,IN,2571
Maharashtra,New Mumbai,400708,IN,2572
Odisha,Cuttackcuttack,753014,IN,2573
Madhya Pradesh,Dahi,454365,IN,2574
Kerala,Ernakulam,682019,IN,2575
Maharashtra,Sawantwadi,416529,IN,2576
West Bengal,"Kidderpore, Kolkata,",700023,IN,2577
Jharkhand,Ara,829134,IN,2578
Uttar Pradesh,Siddhaur,225413,IN,2579
Odisha,Cuttack,753004,IN,2580
Maharashtra,Nallasopara,401209,IN,2581
Punjab,Zirakpur,160104,IN,2582
Karnataka,Bengaluru-97,560097,IN,2583
Maharashtra,Satara,415003,IN,2584
Kerala,Kannamangalam Alappuzha District,690508,IN,2585
Maharashtra,Mumbai,400014,IN,2586
Tamil Nadu,Vellore,632001,IN,2587
Maharashtra,Pune,411013,IN,2588
Himachal Pradesh,Shimla,171010,IN,2589
Goa,Taleigao,403002,IN,2590
Jammu & Kashmir,Kulgam,192231,IN,2591
Odisha,Rourkela,770032,IN,2592
Tamil Nadu,Tiruchirappalli,620021,IN,2593
Tamil Nadu,Thiruvarambu,629161,IN,2594
Uttarakhand,Srinagar Garhwal,246174,IN,2595
Kerala,Kannur,670002,IN,2596
Maharashtra,Nashik,422005,IN,2597
Odisha,Balangir,767001,IN,2598
Kerala,Thrissur,680021,IN,2599
West Bengal,Kolkata,700020,IN,2600
Madhya Pradesh,Laundi,471515,IN,2601
Tamil Nadu,Samayapuram,621105,IN,2602
Bihar,Darbhanga,846005,IN,2603
Delhi,Laxmi Nagar New Delhi,110092,IN,2604
Madhya Pradesh,Chhatarpur,471001,IN,2605
Tamil Nadu,Coimbatore,641114,IN,2606
Chhattisgarh,Bhilai  490020,490020,IN,2607
Assam,Nagaon,782002,IN,2608
Karnataka,Bengaluru,560054,IN,2609
Chandigarh,Chandigarh,160047,IN,2610
Tamil Nadu,Vadakkanandal,606207,IN,2611
Delhi,New Delhi,110044,IN,2612
Jharkhand,Deoghar,814113,IN,2613
Karnataka,Bengaluru,560005,IN,2614
Uttar Pradesh,Puranpur,262122,IN,2615
Maharashtra,Sevagram,442102,IN,2616
Tamil Nadu,Krishnagiri,635001,IN,2617
Andhra Pradesh,Kavali Industrial Area,524203,IN,2618
Kerala,Mala,680732,IN,2619
Assam,Guwahati,781001,IN,2620
Maharashtra,Ichalkaranji,416115,IN,2621
Maharashtra,Bopodi Pune,411020,IN,2622
Karnataka,Ballari,583101,IN,2623
Karnataka,Gadag Betigeri,582101,IN,2624
Maharashtra,Mumbai,400094,IN,2625
Kerala,Perumbavoor,683546,IN,2626
Tamil Nadu,Arani,632301,IN,2627
Andhra Pradesh,Bhimavaram,534201,IN,2628
Tamil Nadu,Chennai,600061,IN,2629
West Bengal,Kolkata,700036,IN,2630
Maharashtra,Karjat Raigarh District,410201,IN,2631
Maharashtra,Pune,411062,IN,2632
Kerala,Kalpetta,673122,IN,2633
Tamil Nadu,Chennai,600049,IN,2634
Maharashtra,Pune,411016,IN,2635
Maharashtra,Pune,412307,IN,2636
Gujarat,Anand,388001,IN,2637
Kerala,"Tirur, Malappuram",676102,IN,2638
Himachal Pradesh,Nagrota Bagwan,176047,IN,2639
Kerala,Puthencruz,682308,IN,2640
Maharashtra,Pune,411051,IN,2641
Ladakh,"Leh, Alt No 9419844047",194101,IN,2642
Karnataka,Hubballi,580028,IN,2643
Karnataka,Karwar,581308,IN,2644
Haryana,Sonipat,131021,IN,2645
Bihar,Rajgir,803116,IN,2646
Himachal Pradesh,Shimla,171006,IN,2647
West Bengal,Howrah,711110,IN,2648
Tamil Nadu,Coimbatore,641029,IN,2649
Mizoram,Lunglei,796701,IN,2650
West Bengal,Contai,721401,IN,2651
Kerala,Kayamkulam,690502,IN,2652
Delhi,New Delhi,110043,IN,2653
West Bengal,Uttarpara Kotrung,712233,IN,2654
Punjab,Mohali,140308,IN,2655
Odisha,Bhubaneswar,751031,IN,2656
Rajasthan,Nasirabad,305601,IN,2657
Kerala,Kozhikode,673003,IN,2658
Tamil Nadu,Solamadevi Tiruppur District,642113,IN,2659
Odisha,Koraput,763008,IN,2660
Jammu & Kashmir,Jammu,180002,IN,2661
Tamil Nadu,Coimbatore,641018,IN,2662
Karnataka,Bangalore,560048,IN,2663
Punjab,Amritsar,143002,IN,2664
Madhya Pradesh,Barhi,483770,IN,2665
Maharashtra,Nandurbar District,425410,IN,2666
Gujarat,"At Post Unai,Ta Vansda Di Navsari",396590,IN,2667
Kerala,Pappinivattom,680685,IN,2668
Karnataka,Udupi,576101,IN,2669
Andhra Pradesh,Amalapuram,533201,IN,2670
Rajasthan,Ajmer,305004,IN,2671
Kerala,"Padamugal, Kakkanad,Kochi",682030,IN,2672
Uttar Pradesh,Meerut,250103,IN,2673
Kerala,Poothakkulam,691302,IN,2674
Andhra Pradesh,Nagireddipalle,516150,IN,2675
Bihar,Ramnagar,845103,IN,2676
Goa,Aldona,403508,IN,2677
Maharashtra,Mumbai,400083,IN,2678
Gujarat,Surat,395003,IN,2679
Tamil Nadu,Alanthurai,641114,IN,2680
Maharashtra,Nilje Dombivli East,421204,IN,2681
Kerala,Chirayinkeezhu,695304,IN,2682
Odisha,Cuttack,754202,IN,2683
Uttar Pradesh,Unnao,226401,IN,2684
Maharashtra,Jalgaon,425003,IN,2685
Goa,Saligao,403511,IN,2686
Karnataka,Krishnaraja Sagara,571607,IN,2687
Uttar Pradesh,Noida Sector 76,201306,IN,2688
Delhi,Burari,110084,IN,2689
Jharkhand,"Bit Campus Mesra, Ranchi",835215,IN,2690
Karnataka,Nipani,591237,IN,2691
Andhra Pradesh,Parvathipuram,535463,IN,2692
Assam,Bongaigaon,783381,IN,2693
Kerala,Thiruvananthapuram,695024,IN,2694
Maharashtra,Amravati,444605,IN,2695
Chhattisgarh,Pendra,495119,IN,2696
Delhi,Delhi,110095,IN,2697
Telangana,Hyderabad,500030,IN,2698
West Bengal,Siliguri,734010,IN,2699
Meghalaya,Tura,794101,IN,2700
Andhra Pradesh,Visakhapatnam,530018,IN,2701
Uttar Pradesh,Ayodhya Faizabad,224123,IN,2702
Tamil Nadu,Chennai,600127,IN,2703
Odisha,Rayagada Rayagada District,765001,IN,2704
Telangana,"Secunderabad, Hyderabad",500015,IN,2705
Rajasthan,Jaipur,302039,IN,2706
Uttarakhand,Nainital,263140,IN,2707
Kerala,Erattupetta,686581,IN,2708
Kerala,Palakkad,678008,IN,2709
Karnataka,Mysore District,571302,IN,2710
Uttar Pradesh,Dindaspur,221405,IN,2711
Kerala,Perinthalmanna,679326,IN,2712
Meghalaya,Shillong,793017,IN,2713
Jammu & Kashmir,Awantipora,192122,IN,2714
Gujarat,Vadodara,391310,IN,2715
Telangana,Jallaram,505211,IN,2716
Kerala,Kottayam,686504,IN,2717
Haryana,Sohna,122103,IN,2718
Andhra Pradesh,Tirupati (Rural),517502,IN,2719
West Bengal,Rishra,712248,IN,2720
Telangana,Secunderabad,500014,IN,2721
Kerala,Alangad Via,683511,IN,2722
Delhi,Vipin Garden,110059,IN,2723
Gujarat,Jamnagar,361005,IN,2724
Tamil Nadu,Erode,638001,IN,2725
Tamil Nadu,Madurai,625020,IN,2726
Haryana,Faridabad,121009,IN,2727
Puducherry,Pondicherry,607402,IN,2728
Kerala,Payyanur,670307,IN,2729
Gujarat,Ahmedabad,382418,IN,2730
Goa,Mapusa,403507,IN,2731
Maharashtra,Bhatkuli,444602,IN,2732
West Bengal,Durgapur,713203,IN,2733
Delhi,Jagat Puri,110093,IN,2734
Bihar,Patna,800010,IN,2735
Karnataka,Dandeli,581325,IN,2736
Punjab,Ludhiana,141010,IN,2737
Uttar Pradesh,Amethi,227409,IN,2738
Uttar Pradesh,Sikandrabad,203205,IN,2739
West Bengal,Binpur I,721504,IN,2740
Haryana,Sohna Road,122102,IN,2741
Telangana,Vemulawada,505302,IN,2742
Assam,Golaghat,785610,IN,2743
Kerala,"Eravipuram,Kollam",691011,IN,2744
Tamil Nadu,Coimbatore,642114,IN,2745
Maharashtra,Thane,400603,IN,2746
Uttar Pradesh,Mahmudabad,261203,IN,2747
Himachal Pradesh,Bhota,176041,IN,2748
Tamil Nadu,Chennai,600081,IN,2749
Kerala,Eramalloor,688537,IN,2750
Odisha,Rairangpur,757043,IN,2751
Uttar Pradesh,Bulandshahr,203411,IN,2752
Assam,Tinsukia,786126,IN,2753
Kerala,Mannarkad,678597,IN,2754
Dadra and Nagar Haveli and Daman and Diu,Silvassa,396230,IN,2755
Maharashtra,Near Vighnaharta Ganesh Mandir,400709,IN,2756
Chhattisgarh,Kondagaon,494226,IN,2757
Odisha,Bhubaneswar,751025,IN,2758
Telangana,Hyderbad,500078,IN,2759
Uttar Pradesh,Dewa,225301,IN,2760
Kerala,Udma,671318,IN,2761
Delhi,New Delhi,110077,IN,2762
Kerala,Kodungallur,680663,IN,2763
Telangana,Warangal,506003,IN,2764
Tamil Nadu,Nandivaram Guduvancheri,603203,IN,2765
West Bengal,Siliguri,734004,IN,2766
Rajasthan,Kota,324005,IN,2767
Tamil Nadu,Tiruvallur,602024,IN,2768
Maharashtra,Khed,415621,IN,2769
West Bengal,Kolkata,700002,IN,2770
Delhi,Delhi,110009,IN,2771
Chhattisgarh,Malkharoda,495691,IN,2772
Kerala,Kalamassery,682024,IN,2773
Karnataka,Virajpet,571218,IN,2774
Andhra Pradesh,Anantapur,515002,IN,2775
Tamil Nadu,Pudukkottai,622001,IN,2776
Uttar Pradesh,Lucknow,226030,IN,2777
Telangana,Hyderabad,500078,IN,2778
West Bengal,Uttar Bagdogra,734014,IN,2779
Maharashtra,Aurangabad,431136,IN,2780
Karnataka,Bengaluru,560071,IN,2781
Maharashtra,Latur,413512,IN,2782
West Bengal,Kolkata,700077,IN,2783
Andhra Pradesh,Dharmavaram,515672,IN,2784
Tamil Nadu,Coimbatore,641026,IN,2785
Himachal Pradesh,Kangra,176001,IN,2786
Goa,"Camurlim, Bardez",403507,IN,2787
Kerala,Thodupuzha,685584,IN,2788
Maharashtra,Tumsar,441912,IN,2789
Odisha,Digapahandi,761012,IN,2790
Maharashtra,Talegaon Midc,410507,IN,2791
Maharashtra,Telhara,444108,IN,2792
Kerala,Ernakulam,682023,IN,2793
Uttarakhand,Rudrapur,263153,IN,2794
Bihar,Vaishali,844111,IN,2795
Bihar,Chapra,841301,IN,2796
Andhra Pradesh,Pileru,517214,IN,2797
Goa,North Goa,403508,IN,2798
Karnataka,Bangalore,560060,IN,2799
Rajasthan,Bhilwara,311022,IN,2800
Uttar Pradesh,Lucknow,227202,IN,2801
Maharashtra,Navi Mumbai,400704,IN,2802
Uttar Pradesh,Pilibhit,262001,IN,2803
Uttarakhand,Hardwar,249404,IN,2804
Chhattisgarh,Korba,495450,IN,2805
Kerala,Pinarayi,670741,IN,2806
Gujarat,Karamsad - Anand,388325,IN,2807
Karnataka,Bangalore,560025,IN,2808
Uttar Pradesh,Nagina,246762,IN,2809
Maharashtra,Pirangut,412115,IN,2810
West Bengal,Serampore,712202,IN,2811
Maharashtra,Mumbai,400090,IN,2812
Uttar Pradesh,Kasganj,207123,IN,2813
Odisha,Subdega,770014,IN,2814
West Bengal,Krishnanagar,741103,IN,2815
Karnataka,Bangalore,560070,IN,2816
Karnataka,Arsikere,573103,IN,2817
Odisha,Bhubaneswar,751017,IN,2818
Maharashtra,Pune,411061,IN,2819
Tamil Nadu,Salem,636006,IN,2820
Kerala,Neduva,676303,IN,2821
Maharashtra,Kalyan East,421306,IN,2822
Karnataka,Bengaluru,562110,IN,2823
Maharashtra,Kolhapur,416012,IN,2824
Maharashtra,Nallasopara(West),401203,IN,2825
Tamil Nadu,Maduvankarai/Chennai,600032,IN,2826
Maharashtra,Nanded Waghala,431602,IN,2827
Andhra Pradesh,Jammalamadugu,516434,IN,2828
Rajasthan,Jhalawar,326001,IN,2829
Uttar Pradesh,Lalitpur,284403,IN,2830
Kerala,Nedumangad,695610,IN,2831
Uttar Pradesh,Gorakhpur,273412,IN,2832
Tamil Nadu,Madurai,625107,IN,2833
Bihar,Samastipur,848208,IN,2834
Madhya Pradesh,Itarsi,461115,IN,2835
Maharashtra,Shikrapur,412208,IN,2836
Maharashtra,Dombivli East,421201,IN,2837
Karnataka,Bengaluru,560025,IN,2838
Maharashtra,Lonavala,412106,IN,2839
Tamil Nadu,Thoothukkudi,628001,IN,2840
Karnataka,Gundlupet,571111,IN,2841
Kerala,Pallikkunnu,670004,IN,2842
Karnataka,Raichur,584104,IN,2843
Karnataka,Bengaluru,562157,IN,2844
Odisha,Bhubaneswar,752101,IN,2845
Gujarat,Vapi Valsad,396195,IN,2846
Assam,Nagaon,782003,IN,2847
Gujarat,Madhapar,370020,IN,2848
Kerala,Thazhakara,690509,IN,2849
Kerala,Attingal,695101,IN,2850
Karnataka,Bengaluru,560003,IN,2851
Karnataka,Bengaluru,560012,IN,2852
West Bengal,"Asansol, West Barddhaman",713304,IN,2853
West Bengal,"Rahara Bazar,Khardah",700118,IN,2854
Tamil Nadu,Kumaragiri,628103,IN,2855
Kerala,Chowwara,683580,IN,2856
Delhi,Delhi,110062,IN,2857
Maharashtra,Pune,411053,IN,2858
Kerala,Kasaragod,671541,IN,2859
Punjab,Batala,143505,IN,2860
Uttar Pradesh,Kanpur,208022,IN,2861
Rajasthan,Kota,324010,IN,2862
Punjab,Ajnala,143102,IN,2863
Punjab,"Rayya, Amritsar",143112,IN,2864
Chhattisgarh,Patan,491111,IN,2865
Maharashtra,Mumbai,400034,IN,2866
Andhra Pradesh,Atreyapuram,533236,IN,2867
Tamil Nadu,Coimbatore,641023,IN,2868
Gujarat,Ahmadabad,382424,IN,2869
Maharashtra,Kolhapur,416003,IN,2870
Odisha,Kendujhar,758002,IN,2871
Bihar,Madhepura,852113,IN,2872
Himachal Pradesh,Jhakhri,172201,IN,2873
Uttar Pradesh,Dhampur,246761,IN,2874
Gujarat,Kodinar,362715,IN,2875
Chhattisgarh,Nai Ledri,497448,IN,2876
Assam,Karimganj,788737,IN,2877
Tamil Nadu,Salem,636008,IN,2878
Kerala,Kottayam,686502,IN,2879
Odisha,Baleshwar,756111,IN,2880
Kerala,Ettumanoor,686630,IN,2881
Karnataka,Tumakuru,572104,IN,2882
Bihar,Muzaffarpur,842001,IN,2883
Odisha,Baripada,757084,IN,2884
Bihar,Dehri,821305,IN,2885
West Bengal,Howrah,711102,IN,2886
Chhattisgarh,Dhamtari,493773,IN,2887
Tamil Nadu,Kanchipadi,631204,IN,2888
Madhya Pradesh,Indore,452013,IN,2889
Uttar Pradesh,Kanpur,208006,IN,2890
Maharashtra,Ahmadnagar,414001,IN,2891
Tamil Nadu,Chennai,600013,IN,2892
Tamil Nadu,Tiruvallur,600019,IN,2893
Karnataka,Arsikere,573125,IN,2894
Odisha,Rourkela,769042,IN,2895
Maharashtra,Nagpur,440010,IN,2896
Punjab,Barnala,148101,IN,2897
Jharkhand,Dhanbad,826004,IN,2898
Kerala,Chungam,686041,IN,2899
Uttar Pradesh,Agra,282006,IN,2900
Haryana,Bhiwani,127021,IN,2901
Punjab,Garhshankar,144527,IN,2902
Maharashtra,Ulhasnagar 421004,421004,IN,2903
Odisha,Jajpur,755001,IN,2904
Tamil Nadu,Rameswaram,623526,IN,2905
Haryana,Panchkula,134112,IN,2906
Jammu & Kashmir,Srinagar,190006,IN,2907
Karnataka,Malur,563137,IN,2908
Andhra Pradesh,Nidadavole,534305,IN,2909
Jharkhand,Jamshedpur,831006,IN,2910
Kerala,"Ernakulam, Kolenchery",682311,IN,2911
West Bengal,Bandipur,700113,IN,2912
Telangana,Hyderabad,500037,IN,2913
Goa,Calapor,403206,IN,2914
Madhya Pradesh,Vindhya Nagar Ntpc Township,486890,IN,2915
West Bengal,Barasat,700124,IN,2916
Kerala,Kottayam,686637,IN,2917
Madhya Pradesh,Biaora,465674,IN,2918
Tamil Nadu,Kanchipuram,600073,IN,2919
Punjab,Mohali,140301,IN,2920
Puducherry,Puducherry,605010,IN,2921
Kerala,Manalur,680613,IN,2922
Tamil Nadu,Chennai,600032,IN,2923
Bihar,Lakhisarai,811311,IN,2924
West Bengal,Madhyamgram,700129,IN,2925
West Bengal,Kolkata,700001,IN,2926
Odisha,Fci Township,759103,IN,2927
Arunachal Pradesh,Namsai,792103,IN,2928
Maharashtra,Pune,411035,IN,2929
Andhra Pradesh,Secunderabad,500015,IN,2930
Kerala,Pala,686577,IN,2931
Sikkim,Rangpo,737136,IN,2932
West Bengal,Durgapur,713204,IN,2933
Puducherry,Puducherry,605005,IN,2934
Jharkhand,Bermo,829127,IN,2935
Maharashtra,Vasai Virar,401305,IN,2936
Gujarat,Chalthan,394305,IN,2937
West Bengal,Krishnanagar,741102,IN,2938
Tamil Nadu,Virudhachalam,606001,IN,2939
Odisha,Nabarangapur,764059,IN,2940
Gujarat,Bhavnagar,364001,IN,2941
Tamil Nadu,Chennai,600039,IN,2942
Tamil Nadu,Kanniyakumari District,629162,IN,2943
Delhi,N.Delhi,110018,IN,2944
Kerala,Mayyil,670602,IN,2945
Maharashtra,Mumbai,400026,IN,2946
Andhra Pradesh,Tirupati,517503,IN,2947
Kerala,Malappuram,676501,IN,2948
Kerala,Chalakudy,680697,IN,2949
Karnataka,Bengaluru 560066,560066,IN,2950
West Bengal,Mirik,734214,IN,2951
Andhra Pradesh,Nallapadu,522005,IN,2952
Karnataka,Belagavi,590003,IN,2953
Uttar Pradesh,Kanpur,208003,IN,2954
West Bengal,Nadia,741506,IN,2955
Goa,Colvale,403513,IN,2956
Andhra Pradesh,Narasaraopet,522601,IN,2957
Punjab,Ropar,140113,IN,2958
Andhra Pradesh,Visakhapatnam,530013,IN,2959
Karnataka,Hatti Gold Mines,584115,IN,2960
Karnataka,Hubballi,580024,IN,2961
West Bengal,Manteswar,713422,IN,2962
Chhattisgarh,Kharsia,496661,IN,2963
Kerala,Vadakara,673104,IN,2964
Tamil Nadu,Chennai.,600095,IN,2965
Odisha,Anugul,759145,IN,2966
Madhya Pradesh,Amarkantak,484886,IN,2967
Uttar Pradesh,Niyotni,209841,IN,2968
Kerala,Thiruvananthapuram,695002,IN,2969
West Bengal,Andal,713321,IN,2970
Maharashtra,Dombivli,421202,IN,2971
Jammu & Kashmir,Jammu,180013,IN,2972
Uttar Pradesh,Dadri,201008,IN,2973
Delhi,Delhi,110006,IN,2974
Jammu & Kashmir,Srinagar,190018,IN,2975
Tamil Nadu,Madurai,625002,IN,2976
West Bengal,Tufanganj,736159,IN,2977
Uttar Pradesh,Bhatpar Rani,274702,IN,2978
Andaman and Nicobar Islands,Prothrapur,744102,IN,2979
Karnataka,Bangalore North,560097,IN,2980
Karnataka,Bangalore,560010,IN,2981
Maharashtra,Pune,412409,IN,2982
Delhi,"Mahavir Enclave,Delhi",110045,IN,2983
Andhra Pradesh,Vuyyuru,521165,IN,2984
Telangana,Secunderabad,500067,IN,2985
Maharashtra,Pen,402107,IN,2986
Kerala,Moonniyur,676317,IN,2987
Maharashtra,"Pune, Maharashtra",411057,IN,2988
West Bengal,Krishnanagar,741101,IN,2989
Maharashtra,Saoner,411005,IN,2990
Jharkhand,Koderma,825409,IN,2991
Kerala,Eravu,680620,IN,2992
Maharashtra,Nagpur,440014,IN,2993
Karnataka,Bangalore,560038,IN,2994
Tamil Nadu,"Ranipet, Vellore",632406,IN,2995
Kerala,"Puthoor ,Kollam",691507,IN,2996
Manipur,Imphal West,795003,IN,2997
Maharashtra,Mumbai,400706,IN,2998
Maharashtra,Chikhli,443201,IN,2999
Maharashtra,"Shirgaon, Badlapur East",421503,IN,3000
Haryana,Kaithal,136027,IN,3001
Tamil Nadu,Namakkal,637215,IN,3002
Tamil Nadu,Coimbatore,642109,IN,3003
Himachal Pradesh,Solan,173214,IN,3004
Uttarakhand,Dehradun,248008,IN,3005
Tamil Nadu,Chennai 42,600042,IN,3006
West Bengal,Dhanyakuria,743428,IN,3007
Kerala,Vadakara,673101,IN,3008
Haryana,Mahendragarh,123029,IN,3009
Andhra Pradesh,Visakhapatnam,530043,IN,3010
Haryana,Badshahpur Gurgaon,122101,IN,3011
Tamil Nadu,Nagojanahalli,635204,IN,3012
Uttar Pradesh,Unchahar,229406,IN,3013
Karnataka,Mysuru,570030,IN,3014
Karnataka,Gangawati,583227,IN,3015
Gujarat,Vadodara,392140,IN,3016
Kerala,Cheranallur,682034,IN,3017
Nagaland,Dimapur,797115,IN,3018
Andhra Pradesh,Kavali,524201,IN,3019
Meghalaya,Shillong,793010,IN,3020
Tamil Nadu,Puvalur,621712,IN,3021
Tamil Nadu,Zamin Uthukuli,642004,IN,3022
Andhra Pradesh,Vijayawada,520012,IN,3023
Rajasthan,Riico Industrial Area Neemrana,301705,IN,3024
Uttar Pradesh,Gautam Buddha Nagar,201306,IN,3025
West Bengal,Kolkata,700068,IN,3026
Goa,Taleigao  Panaji,403002,IN,3027
Maharashtra,Dombivli-E,421203,IN,3028
Haryana,"Sector 53, Golf Course Road, Gurugram",122001,IN,3029
Telangana,Gajwel,502278,IN,3030
Assam,Howli,781316,IN,3031
Maharashtra,Nagpur,440025,IN,3032
West Bengal,Kolkata,700066,IN,3033
Kerala,Elanji P.O,686665,IN,3034
Himachal Pradesh,Manali,175131,IN,3035
West Bengal,Suri,731101,IN,3036
Maharashtra,Dombivali East,421204,IN,3037
Kerala,Ottappalam,679101,IN,3038
Maharashtra,Pune Kalyani Nagar,411006,IN,3039
Maharashtra,Kolhapur,416207,IN,3040
Maharashtra,Raigarh,410210,IN,3041
Himachal Pradesh,Dharamsala,176215,IN,3042
Odisha,Ganjam,761008,IN,3043
Kerala,Thiruvananthapuram,695030,IN,3044
Gujarat,Palanpur,385001,IN,3045
Andhra Pradesh,Guntur,500025,IN,3046
Rajasthan,Kota,324002,IN,3047
Maharashtra,Malwan,416606,IN,3048
West Bengal,Kolkata,700103,IN,3049
Uttar Pradesh,Kanpur,208008,IN,3050
Uttar Pradesh,Chakmano,276306,IN,3051
Haryana,Gurgaon,122002,IN,3052
Uttar Pradesh,Sikanderpur Ballia District,277303,IN,3053
Maharashtra,Thane,400602,IN,3054
Kerala,Taliparamba Kannur,670141,IN,3055
Maharashtra,Sangli Miraj Kupwad,416414,IN,3056
Kerala,Kanjiramattom,682315,IN,3057
Odisha,Puri,752001,IN,3058
Tamil Nadu,Paravai,625402,IN,3059
Karnataka,Bangalore,560034,IN,3060
Puducherry,Puducherry,607403,IN,3061
Tamil Nadu,Coimbatore,641664,IN,3062
Tamil Nadu,Thiruvarur,610104,IN,3063
Tamil Nadu,Narasimhanaickenpalayam,641031,IN,3064
Madhya Pradesh,Khargone,451001,IN,3065
Karnataka,Hubballi,580026,IN,3066
Kerala,Thrissur,680022,IN,3067
Maharashtra,Ahmadnagar,414002,IN,3068
Bihar,Nawkothi,851130,IN,3069
Odisha,Bishama Katak,765019,IN,3070
Goa,Calangute,403516,IN,3071
Andhra Pradesh,"Ramachandra Puram, East Godavari",533255,IN,3072
Maharashtra,"Chandur Railway, Dist - Amravati",444904,IN,3073
Gujarat,Bharuch,392130,IN,3074
Uttar Pradesh,Agra,282007,IN,3075
Kerala,Pallippuram Thiruvananthapuram District,695301,IN,3076
Delhi,Narela,110040,IN,3077
Delhi,Delhi,110081,IN,3078
Karnataka,Sindhnur,584128,IN,3079
Karnataka,Bengaluru -50015,560015,IN,3080
Arunachal Pradesh,Naharlagun,791110,IN,3081
Andhra Pradesh,Sricity,517541,IN,3082
Jammu & Kashmir,Budgam,191111,IN,3083
Punjab,Ropar,140001,IN,3084
Gujarat,Idar,383430,IN,3085
Himachal Pradesh,Shimla,171013,IN,3086
Kerala,Vellanikkara,680656,IN,3087
West Bengal,Kolaghat,721151,IN,3088
Kerala,Ernakulam,682315,IN,3089
Karnataka,Gulbarga,585314,IN,3090
Gujarat,Bhavnagar,364003,IN,3091
Kerala,Kechery,680501,IN,3092
Uttar Pradesh,Gulaothi,203408,IN,3093
Delhi,South West Delhi,110037,IN,3094
Karnataka,Bangalore,560003,IN,3095
Tripura,Agartala,799008,IN,3096
Maharashtra,Nandurbar,425426,IN,3097
Maharashtra,Mmbai,400022,IN,3098
Assam,Silchar,788101,IN,3099
Karnataka,Bantval,574323,IN,3100
Gujarat,Surat,394155,IN,3101
Maharashtra,Nevasa,414605,IN,3102
Madhya Pradesh,Panagar,483220,IN,3103
Chandigarh,Chandigarh,160023,IN,3104
Uttar Pradesh,Kanpur Nagar,208024,IN,3105
Karnataka,Alnavar,581103,IN,3106
Kerala,"Cepz Po, Kakkanad ,Kochi",682037,IN,3107
Kerala,Thiruvananthapuram,695015,IN,3108
Uttar Pradesh,Mathura,281001,IN,3109
Odisha,Rourkela,769005,IN,3110
West Bengal,Kandi,742138,IN,3111
Uttar Pradesh,Ghaziabad,201007,IN,3112
Andhra Pradesh,Hanuman Junction,521105,IN,3113
Himachal Pradesh,Shimla,171001,IN,3114
Uttar Pradesh,Ikauna,271845,IN,3115
West Bengal,Nebadhai Duttapukur,743248,IN,3116
Haryana,Manesar,122050,IN,3117
Rajasthan,Hanumangarh,335511,IN,3118
Gujarat,Ahmedabad,382424,IN,3119
Tamil Nadu,Palani,624601,IN,3120
West Bengal,Kolkata,700079,IN,3121
Andhra Pradesh,Macherla,522426,IN,3122
Assam,Guwahati,781016,IN,3123
Rajasthan,Tonk,304801,IN,3124
Madhya Pradesh,Bhopal,462026,IN,3125
Uttarakhand,Dehradun,248171,IN,3126
West Bengal,Siliguri,734009,IN,3127
Karnataka,Bangalore,560022,IN,3128
Kerala,Thrissur District,680588,IN,3129
Uttarakhand,Kaladhungi Haldwani,263139,IN,3130
Karnataka,Bengaluru,560090,IN,3131
Chandigarh,Chandigarh,160018,IN,3132
Kerala,Chittur Thathamangalam,678554,IN,3133
Kerala,Pathanapuram,691533,IN,3134
Tamil Nadu,Mayiladuthurai,609001,IN,3135
Telangana,Nizamabad,503175,IN,3136
Kerala,Kunnathunad,683562,IN,3137
Rajasthan,Suratgarh,335805,IN,3138
Kerala,Thaikattussery,688526,IN,3139
Uttarakhand,Dehradun,248003,IN,3140
Assam,Nagaon,782427,IN,3141
Telangana,Hyderabad,500023,IN,3142
Punjab,Dasuya,144205,IN,3143
Karnataka,Gokak,591307,IN,3144
Kerala,Pappanamcode Thiruvananthapuram,695018,IN,3145
Andhra Pradesh,Podalakur,524345,IN,3146
Tamil Nadu,Pattukkottai,614602,IN,3147
West Bengal,Kolkata,700097,IN,3148
Gujarat,Surat,395004,IN,3149
Tamil Nadu,Pudupattinam,603102,IN,3150
Tamil Nadu,Tiruchirappalli,620020,IN,3151
Maharashtra,Pune,412101,IN,3152
Uttar Pradesh,Ntpc Dadri,201008,IN,3153
Maharashtra,Mumbai.,400003,IN,3154
Uttar Pradesh,Allahabad,211011,IN,3155
Assam,Guwahati,781012,IN,3156
Kerala,Palakkad,678004,IN,3157
Maharashtra,Bhusawal,425201,IN,3158
Goa,Varca,403721,IN,3159
Maharashtra,Mumbai,400024,IN,3160
Uttarakhand,Ranikhet,263645,IN,3161
West Bengal,Habra,743272,IN,3162
West Bengal,Dhola,743399,IN,3163
Andhra Pradesh,Sakhinetipalli,533251,IN,3164
Jharkhand,Deoghar,814112,IN,3165
Uttar Pradesh,Farrukhabad,209625,IN,3166
Tamil Nadu,Ettimadai,641112,IN,3167
Chhattisgarh,Mungeli,495334,IN,3168
Kerala,Kudukkimotta,670592,IN,3169
Rajasthan,Pilani Town,333031,IN,3170
Bihar,Begusarai,851101,IN,3171
Madhya Pradesh,Gwalior,474003,IN,3172
Tamil Nadu,Vellore,632002,IN,3173
Rajasthan,Kishangarh,305801,IN,3174
Maharashtra,Gokul Shirgaon Midc,416234,IN,3175
Tamil Nadu,Koothappar,620013,IN,3176
Tamil Nadu,Tirupur,641604,IN,3177
Andhra Pradesh,Mangalagiri,522503,IN,3178
West Bengal,Kolkata,700047,IN,3179
Gujarat,Ahmedabad,382405,IN,3180
Telangana,Medak,502032,IN,3181
Uttar Pradesh,Lucknow,226024,IN,3182
West Bengal,Durgapur,713211,IN,3183
Bihar,Gopalganj,841428,IN,3184
Punjab,Ludhiana,141002,IN,3185
Gujarat,Gandhidham,370201,IN,3186
Gujarat,Surat,395005,IN,3187
Tamil Nadu,Kumarapalayam,638183,IN,3188
Arunachal Pradesh,Itanagar,791111,IN,3189
Maharashtra,"Kalewadi,Pune",411017,IN,3190
Maharashtra,Nagpur,440017,IN,3191
Gujarat,Ahmedabad,382350,IN,3192
Rajasthan,Makrana,341505,IN,3193
Jammu & Kashmir,Bhalwal,181122,IN,3194
Uttar Pradesh,Sahibabad,201005,IN,3195
West Bengal,Chopra,733207,IN,3196
Rajasthan,Mandawa,333701,IN,3197
Kerala,Ernakulam,682021,IN,3198
Tamil Nadu,Mailladudurai,609811,IN,3199
Rajasthan,Kota,324003,IN,3200
West Bengal,Balurghat,733101,IN,3201
Uttar Pradesh,Jaunpur,222138,IN,3202
Delhi,North West Delhi,110052,IN,3203
Kerala,Palakkadpalakkad,678592,IN,3204
Gujarat,Surendranagar,363001,IN,3205
Karnataka,Ullal,574199,IN,3206
Maharashtra,Ahmednagar,414001,IN,3207
Goa,Vasco Da Gama,403801,IN,3208
Kerala,Ernakulam,682015,IN,3209
Madhya Pradesh,Sagar,470002,IN,3210
Jharkhand,"Gobindpur,Dhanbad",828109,IN,3211
Tamil Nadu,Thanjavur,614803,IN,3212
Gujarat,Surat,394440,IN,3213
Uttar Pradesh,Jaunpurjaunpur,222001,IN,3214
Andhra Pradesh,Vijayawada,520001,IN,3215
Tamil Nadu,Attayampatti,637501,IN,3216
Madhya Pradesh,Badi,464665,IN,3217
Uttar Pradesh,Kanpur,208021,IN,3218
Andaman and Nicobar Islands,Prothrapur,744105,IN,3219
Uttar Pradesh,Ganj Dundwara,207242,IN,3220
Odisha,Nuapatna,754035,IN,3221
Haryana,Gurugramgurgaon,122001,IN,3222
Tamil Nadu,Tirunelveli,627002,IN,3223
Delhi,New Delhi,110042,IN,3224
Karnataka,Kgf,563115,IN,3225
Maharashtra,Nerul,400706,IN,3226
Haryana,Pehowa,136128,IN,3227
Madhya Pradesh,Indore,452018,IN,3228
Tamil Nadu,Bhuvanagiri,608602,IN,3229
Rajasthan,Balotra,344022,IN,3230
Tamil Nadu,Coimbatore,641012,IN,3231
Bihar,Purnia,854304,IN,3232
Tamil Nadu,Sirkali,609110,IN,3233
West Bengal,Kolkata,700064,IN,3234
Uttarakhand,Ranikhet,263652,IN,3235
Andaman and Nicobar Islands,Port Blair,744105,IN,3236
Gujarat,Ahmedabad,380005,IN,3237
Gujarat,Vadodara,390024,IN,3238
Karnataka,Mysuru,570019,IN,3239
Maharashtra,Thane,401202,IN,3240
Gujarat,Kalol Panch Mahals District,389330,IN,3241
Kerala,Palakkad,678005,IN,3242
Odisha,Bhubaneswar,751023,IN,3243
Maharashtra,Mumbai,400062,IN,3244
Kerala,Chalakudy,680731,IN,3245
Assam,Guwahati,781024,IN,3246
Punjab,Saila  Khurd,144529,IN,3247
Tamil Nadu,Coimbatore,641048,IN,3248
Karnataka,Tiptur,572201,IN,3249
Himachal Pradesh,Solan,173212,IN,3250
Maharashtra,Thane West,400601,IN,3251
Odisha,Bhawanipatna,766001,IN,3252
West Bengal,Siliguri,734426,IN,3253
Kerala,Kalliasseri,670562,IN,3254
Tamil Nadu,Othakadai,625107,IN,3255
Gujarat,Ahmedabad,380014,IN,3256
West Bengal,New Town - Kolkata,700157,IN,3257
Goa,"Carona, Aldona",403523,IN,3258
Andhra Pradesh,Kurnool,518380,IN,3259
Tamil Nadu,Chennai,600060,IN,3260
Karnataka,Mandya District,571448,IN,3261
Odisha,Berhampur,760005,IN,3262
Gujarat,Hajira,394516,IN,3263
Tamil Nadu,Sholavandan,625214,IN,3264
Uttar Pradesh,Lucknow,226004,IN,3265
Telangana,Vicarabad,501102,IN,3266
Punjab,Fazilka,152123,IN,3267
West Bengal,"New Town, Kolkata",700157,IN,3268
Karnataka,Kalaburgi,585102,IN,3269
Karnataka,T Narsipura,571124,IN,3270
Jharkhand,Patratu,829119,IN,3271
Tamil Nadu,Tirupur,641687,IN,3272
Madhya Pradesh,Rewa,486006,IN,3273
West Bengal,Kolkata,700046,IN,3274
Madhya Pradesh,Bhopal,462039,IN,3275
Assam,Chariduar,784105,IN,3276
Karnataka,Bangalore,560072,IN,3277
Kerala,Kallara/ Kottayam,686611,IN,3278
Tamil Nadu,Chennai,600129,IN,3279
Kerala,Ernakulam,682036,IN,3280
Goa,Nuvem,403713,IN,3281
Tamil Nadu,Oragadam Industrial Area,603204,IN,3282
Haryana,Gurgaon,122009,IN,3283
Telangana,Hyderabad (500034),500034,IN,3284
Tamil Nadu,Tiruppur,641602,IN,3285
Maharashtra,Mumbai,400036,IN,3286
Karnataka,Tumakuru,572101,IN,3287
Uttarakhand,Nainital,263002,IN,3288
Kerala,"Karukachal, Kottayam",686540,IN,3289
Uttar Pradesh,Muzaffarnagar,251309,IN,3290
Tamil Nadu,Thanjavur,613005,IN,3291
Odisha,Attabira Dist- Bargarh,768027,IN,3292
Uttarakhand,Dehradun,248195,IN,3293
Haryana,Sirsa,125055,IN,3294
Jharkhand,Jamshedpur,831018,IN,3295
Gujarat,Bansda,396580,IN,3296
Andhra Pradesh,Pulivendula,516390,IN,3297
Punjab,Mohali,160071,IN,3298
Maharashtra,Karad,415110,IN,3299
Gujarat,Dediapada,393041,IN,3300
Telangana,Hyderabad,502313,IN,3301
West Bengal,Dakshin Jhapardaha,711405,IN,3302
Karnataka,Kumta,581319,IN,3303
Bihar,Vaishali,844113,IN,3304
Kerala,Kuruvattur,673012,IN,3305
Kerala,Kollam,691004,IN,3306
Kerala,Thodupuzha,685587,IN,3307
Uttar Pradesh,Chandpur,246725,IN,3308
Tamil Nadu,Usilampatti,625532,IN,3309
Sikkim,Mangan,737116,IN,3310
Maharashtra,Pimpri Chinchwad,411057,IN,3311
Gujarat,Ahmedabad,382475,IN,3312
Tamil Nadu,Dindigul,624002,IN,3313
Kerala,Trivandrum,695301,IN,3314
Karnataka,"Belgaum,",590001,IN,3315
Tamil Nadu,Coimbatore,641101,IN,3316
Haryana,"Plot No.7,Sector 47,Gurgaon",122018,IN,3317
West Bengal,Durgapur,713209,IN,3318
Tamil Nadu,Thanjavur,614904,IN,3319
Karnataka,Davangere,577006,IN,3320
Kerala,Thekkumkara,680123,IN,3321
Jammu & Kashmir,Akhnoor,181201,IN,3322
Karnataka,Bengaluru,560065,IN,3323
Maharashtra,Shrirampur,413725,IN,3324
Kerala,Tirur,676105,IN,3325
Punjab,Amritsar,143003,IN,3326
Andaman and Nicobar Islands,Ferrargunj,744103,IN,3327
Maharashtra,Sindkhed Raja,443203,IN,3328
Karnataka,Bangalore,560056,IN,3329
Assam,Chapar,783371,IN,3330
Kerala,Kozhikode,673007,IN,3331
Telangana,Hyderabad,500007,IN,3332
West Bengal,Chandannagar,712136,IN,3333
Uttar Pradesh,Maunath Bhanjan,275101,IN,3334
West Bengal,Kolkata,700139,IN,3335
Tamil Nadu,Villupuram,606203,IN,3336
Kerala,Pallipuram,683515,IN,3337
Kerala,Thrissur District,680507,IN,3338
Gujarat,Ahmedabad,382415,IN,3339
Kerala,Kannur,670001,IN,3340
Maharashtra,Mumbai,400065,IN,3341
Telangana,Adilabad,504107,IN,3342
Madhya Pradesh,Jabalpur,482008,IN,3343
Uttarakhand,Vikasnagar,248198,IN,3344
Tamil Nadu,Madurai,625018,IN,3345
Kerala,Thrissur,680724,IN,3346
Andhra Pradesh,Rampachodavaram,533288,IN,3347
Punjab,Nabha,147201,IN,3348
Himachal Pradesh,Dharmsala,176057,IN,3349
Jharkhand,Bachra,829209,IN,3350
West Bengal,Darjeeling,734102,IN,3351
Karnataka,Bengalur,560102,IN,3352
Kerala,Kasaragod,671542,IN,3353
Uttar Pradesh,Saidabad Allahabad,221508,IN,3354
Maharashtra,Daund,413801,IN,3355
Andhra Pradesh,Nellore,524406,IN,3356
Maharashtra,Warthi,441905,IN,3357
Haryana,Faridabad,121006,IN,3358
Maharashtra,Shrivardhan,402110,IN,3359
Andhra Pradesh,Guntur,522411,IN,3360
Maharashtra,Jamner,424206,IN,3361
Punjab,Faridkot,151203,IN,3362
Tamil Nadu,Karur,624706,IN,3363
Gujarat,Jetpur Gujarat,360370,IN,3364
Tamil Nadu,Aruppukottai,626101,IN,3365
Andhra Pradesh,Palakonda,532440,IN,3366
Telangana,Secunderabad,500015,IN,3367
Gujarat,Surat,395017,IN,3368
West Bengal,Kolkata,700152,IN,3369
West Bengal,Uttarpara Kotrung,712258,IN,3370
Assam,Guwahati,781008,IN,3371
Gujarat,Bhavnagar,364210,IN,3372
Uttar Pradesh,Aligarh,202137,IN,3373
Odisha,Nayagarh,752069,IN,3374
Maharashtra,"Shahunagar, Dharavi,Mumbai",400017,IN,3375
Punjab,Bathinda,151004,IN,3376
Andhra Pradesh,Visakhapatnam,530032,IN,3377
Jammu & Kashmir,Magam,193401,IN,3378
Punjab,Kharar,140301,IN,3379
Kerala,Kannur,670006,IN,3380
Bihar,Vaishali,844101,IN,3381
Gujarat,Near Bptp Astaire Garden/M3M Escala,122101,IN,3382
Uttar Pradesh,Kanpur,208026,IN,3383
Maharashtra,Navi Mumbai,410221,IN,3384
Uttar Pradesh,Khailar,284120,IN,3385
Kerala,Kottayam,686542,IN,3386
Haryana,Hisar,125005,IN,3387
Gujarat,Kadodara,394327,IN,3388
Assam,Dokmoka,782441,IN,3389
Assam,Golaghat,785621,IN,3390
West Bengal,Laskarpara,736207,IN,3391
Maharashtra,"Andheri West, Mumbai",400053,IN,3392
Uttar Pradesh,Varanasi,221201,IN,3393
Jammu & Kashmir,Srinagar,190005,IN,3394
Delhi,Rohini,110089,IN,3395
Assam,Sonapur Gaon,782402,IN,3396
Kerala,Changanacherry,686105,IN,3397
Tamil Nadu,Cuddalore,607001,IN,3398
Himachal Pradesh,Baddi Industrial Area,173205,IN,3399
West Bengal,Kaliachak ; Golapgonj,732201,IN,3400
Delhi,New Delhidelhi,110048,IN,3401
Kerala,Udumbanchola,685571,IN,3402
Kerala,Thalassery,670103,IN,3403
Maharashtra,Thane West,400607,IN,3404
Punjab,Gurdaspur,143533,IN,3405
Maharashtra,Pune,412114,IN,3406
Kerala,Kothamangalam,686691,IN,3407
Kerala,Punnapara,688005,IN,3408
Gujarat,Jetpur Navagadh,360370,IN,3409
Delhi,New Delhi,110028,IN,3410
Karnataka,Bangalore,560067,IN,3411
Tamil Nadu,Tambaram,600131,IN,3412
Uttar Pradesh,Varanai,221002,IN,3413
Bihar,"Danapur,Patna,Bihar",801503,IN,3414
Tamil Nadu,"Sulur Taluk, Coimbatore",641658,IN,3415
Kerala,Calicut,673028,IN,3416
Maharashtra,Nasik,422401,IN,3417
Andhra Pradesh,Gannavaram,521102,IN,3418
Maharashtra,Pimpri,411018,IN,3419
Uttar Pradesh,Greter Noida,201310,IN,3420
West Bengal,Belda,721424,IN,3421
Uttar Pradesh,Sikandra Rao,204214,IN,3422
Kerala,Malappuram,679338,IN,3423
Odisha,Barbil,758035,IN,3424
Karnataka,Raichur,584101,IN,3425
Maharashtra,Chandrapur,442403,IN,3426
Tamil Nadu,Chennai,600114,IN,3427
Uttar Pradesh,Gautam Buddh Nagar,201308,IN,3428
Delhi,New Delhi,110032,IN,3429
Jammu & Kashmir,Kathua,184101,IN,3430
Tamil Nadu,Kumbakonam,612302,IN,3431
Karnataka,Chikamagulur District,580001,IN,3432
Maharashtra,"Andheri East, Mumbai",400059,IN,3433
Uttar Pradesh,Maunath Bhanjan,233226,IN,3434
Maharashtra,Mumbai,400027,IN,3435
Karnataka,Mangaluru,575016,IN,3436
Chandigarh,Chandigarh,160016,IN,3437
Haryana,Ambala,134003,IN,3438
Uttar Pradesh,Lucknow,226007,IN,3439
West Bengal,Titagarh,700119,IN,3440
Kerala,Thiruvananthapuram,695043,IN,3441
Andhra Pradesh,Sattenapalle,522403,IN,3442
Madhya Pradesh,Mhow,453441,IN,3443
Haryana,Ambala,133006,IN,3444
Rajasthan,Baran,325205,IN,3445
Kerala,Thiruvananthapuram,695029,IN,3446
Tamil Nadu,Salem,636003,IN,3447
Karnataka,Bengaluru,561203,IN,3448
Andhra Pradesh,Kadiri,515591,IN,3449
Kerala,Thiruvananthapuram,695583,IN,3450
Karnataka,Bangalore,560023,IN,3451
Uttar Pradesh,Khair,202138,IN,3452
Kerala,Idukki Township,685602,IN,3453
Gujarat,Chandkheda,382424,IN,3454
Delhi,East Delhi,110032,IN,3455
Assam,Silchar,788002,IN,3456
Kerala,Palakkad,678551,IN,3457
Tamil Nadu,Walajabad,631605,IN,3458
Uttar Pradesh,Maholi,261141,IN,3459
Madhya Pradesh,Nasrullaganj,466331,IN,3460
Odisha,Gourdanda,756019,IN,3461
Tamil Nadu,Erode,638401,IN,3462
Kerala,Kottayam,686515,IN,3463
Rajasthan,Bikaner,334003,IN,3464
Gujarat,Ahmedabad,382443,IN,3465
Kerala,Kottayam,686005,IN,3466
Rajasthan,Dausa,303303,IN,3467
Telangana,Hyderabad,509325,IN,3468
Tamil Nadu,Kovilpatti,628502,IN,3469
Delhi,New Delhi,110013,IN,3470
Gujarat,Surat,394150,IN,3471
Tamil Nadu,Kanchipuram,603202,IN,3472
Tamil Nadu,Naduvaneri,637504,IN,3473
Karnataka,Bengaluru,560020,IN,3474
West Bengal,Panihati,700056,IN,3475
Haryana,Rai  Industrial Area,131029,IN,3476
Telangana,Warangal,506007,IN,3477
Madhya Pradesh,Betul,460001,IN,3478
Sikkim,Singtam,737134,IN,3479
Maharashtra,Khed,415722,IN,3480
West Bengal,Asansol,713301,IN,3481
Uttar Pradesh,Aligarh,202002,IN,3482
Maharashtra,Tuljapur,413601,IN,3483
Mizoram,Aizawl,796009,IN,3484
Kerala,Kidangoor,686572,IN,3485
Telangana,Ramagundam,505209,IN,3486
Punjab,Adampur,144106,IN,3487
Uttar Pradesh,Etawah,206130,IN,3488
Madhya Pradesh,Indore,452011,IN,3489
Uttar Pradesh,Gorakhpur,273013,IN,3490
Delhi,Najafgarh,110043,IN,3491
Uttar Pradesh,Partapgarh,230402,IN,3492
Kerala,Perintalmanna,679357,IN,3493
Uttar Pradesh,Gaur City 1,201301,IN,3494
Gujarat,Umbergaon,396171,IN,3495
West Bengal,Haripal,712405,IN,3496
Gujarat,Junagadh,362001,IN,3497
Karnataka,Bellary,583101,IN,3498
Maharashtra,Sangamner,422608,IN,3499
Karnataka,Mysuru,570015,IN,3500
Kerala,Thottada,670007,IN,3501
Kerala,Kozhikode,673304,IN,3502
Maharashtra,Parbhani,431401,IN,3503
Andhra Pradesh,Nellore,524320,IN,3504
Odisha,Bhubaneswar,751010,IN,3505
Telangana,Shamshabad,501218,IN,3506
Andhra Pradesh,Chirala,523166,IN,3507
Maharashtra,Khopoli,410203,IN,3508
Andhra Pradesh,Thallarevu,533463,IN,3509
Andhra Pradesh,Kakinada,533006,IN,3510
Karnataka,Saligrama,576221,IN,3511
Karnataka,Puttur Dk,574210,IN,3512
Bihar,Biharsharif,803101,IN,3513
Kerala,Kozhikode,673005,IN,3514
Uttar Pradesh,Kanpur,208007,IN,3515
Assam,Tezpur,784506,IN,3516
Uttarakhand,Haridwar,249405,IN,3517
Uttar Pradesh,Padrauna,274304,IN,3518
Rajasthan,Jaipur,302028,IN,3519
West Bengal,Sodepur,700110,IN,3520
Kerala,Calicut Kunnamangalam,673571,IN,3521
Kerala,Balaramapuram,695501,IN,3522
West Bengal,Chakdaha,741255,IN,3523
Karnataka,"Madikeri, Coorg",571214,IN,3524
Maharashtra,Shirur,412210,IN,3525
Rajasthan,Dhariawad,313605,IN,3526
Dadra and Nagar Haveli and Daman and Diu,Alok City,396230,IN,3527
Uttar Pradesh,Varanasi,221405,IN,3528
Karnataka,Holalkere,577526,IN,3529
Andhra Pradesh,Hyderabad,500091,IN,3530
Maharashtra,Pune,411026,IN,3531
Kerala,Mavoor,673601,IN,3532
Andhra Pradesh,Kurnool,518004,IN,3533
Gujarat,Chhota Udaipur,391165,IN,3534
Bihar,Muzaffarpurindia,842001,IN,3535
Rajasthan,Jaisalmer,345001,IN,3536
Kerala,Ulliyeri,673323,IN,3537
Uttar Pradesh,Greater Noida West,201306,IN,3538
Karnataka,Urgadur. Shivamogga,577203,IN,3539
Gujarat,Gandhinagar,382022,IN,3540
Assam,Barpeta Road,781315,IN,3541
Maharashtra,Pimple Saudagar,411017,IN,3542
Tamil Nadu,Thanjavur,613401,IN,3543
West Bengal,Medinipur,721102,IN,3544
Telangana,Hyderabad,501511,IN,3545
Kerala,Irinjalakuda,680125,IN,3546
Maharashtra,Mohopada,410222,IN,3547
Delhi,East Delhi,110092,IN,3548
Jammu & Kashmir,Srinagar,190021,IN,3549
Uttar Pradesh,Gorakhpur,273014,IN,3550
Telangana,Nereducharla,508218,IN,3551
Uttar Pradesh,Varanasi,221008,IN,3552
West Bengal,Uttar Bagdogra,734424,IN,3553
Maharashtra,"Roadpali, Kalamboli",410218,IN,3554
Andhra Pradesh,Nakkapalle,531081,IN,3555
Tamil Nadu,Kanchipuram,600016,IN,3556
Kerala,Thrissur,680581,IN,3557
West Bengal,Garulia,743133,IN,3558
Haryana,Gurgaon,122017,IN,3559
Tamil Nadu,Coimbatore,641003,IN,3560
Maharashtra,Thane.  Mumbra,400612,IN,3561
Andhra Pradesh,Bayyanagudem,534312,IN,3562
Uttar Pradesh,Agra,282003,IN,3563
Rajasthan,Alwar,301028,IN,3564
Tripura,Agartala,799007,IN,3565
Andhra Pradesh,Visakhapatnam,530028,IN,3566
Kerala,Kadirur,670642,IN,3567
Andhra Pradesh,Kadapa,516269,IN,3568
Assam,Nagaon,782001,IN,3569
Karnataka,Malur Industrial Area,563130,IN,3570
Odisha,Debagarh,768108,IN,3571
Uttar Pradesh,Lucknow,226015,IN,3572
Kerala,Thalassery,670661,IN,3573
Gujarat,Ahmedabad,380002,IN,3574
Maharashtra,Palghar,401404,IN,3575
Maharashtra,Mumbai,400021,IN,3576
Tamil Nadu,Theni,625605,IN,3577
Kerala,Muvattupuzha,686673,IN,3578
Andaman and Nicobar Islands,Portblair,744101,IN,3579
Maharashtra,Umred,441203,IN,3580
Tamil Nadu,Chennai,600109,IN,3581
Uttar Pradesh,Deoria,274404,IN,3582
Haryana,Pinjore,134102,IN,3583
Maharashtra,Sakoli,441802,IN,3584
Odisha,Badmal,767070,IN,3585
Gujarat,Vadodara,390015,IN,3586
West Bengal,Asansol,713305,IN,3587
West Bengal,Hugli Chinsurah,712202,IN,3588
Punjab,Nakodar,144040,IN,3589
Uttar Pradesh,Gorakhpur,273003,IN,3590
Tamil Nadu,Kumbakonam,612605,IN,3591
Uttarakhand,Doiwala,248140,IN,3592
West Bengal,Uluberia,711316,IN,3593
Uttarakhand,Sidcul Haridwar,249402,IN,3594
Karnataka,Hassan,573112,IN,3595
Maharashtra,Thane 400602,400602,IN,3596
Madhya Pradesh,Indore,452012,IN,3597
Uttar Pradesh,Jhansi,284002,IN,3598
Maharashtra,Nerul Navi Mumbai,400706,IN,3599
Uttar Pradesh,Vrindavan,281121,IN,3600
Karnataka,Bengaluru,560052,IN,3601
Karnataka,Tumakuru,572103,IN,3602
Tamil Nadu,Vadakarai Keezhpadugai,627812,IN,3603
Kerala,Edathirinji,680122,IN,3604
Kerala,Tiruvalla,689621,IN,3605
Andhra Pradesh,Vijayawada,522501,IN,3606
Gujarat,Surat,394510,IN,3607
Karnataka,Belagavi,590010,IN,3608
Uttarakhand,Haldwani Golapar,263139,IN,3609
Odisha,Paradip,754141,IN,3610
Andhra Pradesh,Pentapadu,534166,IN,3611
Kerala,Manjeri,676121,IN,3612
Himachal Pradesh,Nurpur,176201,IN,3613
Haryana,Sonipat,131029,IN,3614
Jammu & Kashmir,Nagrota,181221,IN,3615
Assam,Chekonidhara,785008,IN,3616
Karnataka,Bhatkal-Uttara Kannada,581320,IN,3617
Rajasthan,Sirohi,307001,IN,3618
Punjab,Kotkapura,151204,IN,3619
Andhra Pradesh,Chirala,523187,IN,3620
Andhra Pradesh,Cumbum,523333,IN,3621
Karnataka,Bangalore,560079,IN,3622
Andhra Pradesh,Peravali,534330,IN,3623
Uttar Pradesh,Gorakhpur,273009,IN,3624
Karnataka,Puttur,574201,IN,3625
Maharashtra,Kalyan,421003,IN,3626
Uttar Pradesh,Amethi,227816,IN,3627
Assam,Dalgaon,784116,IN,3628
Himachal Pradesh,Kangra,176059,IN,3629
Kerala,Chethipuzha,686536,IN,3630
Assam,Jorhat,785004,IN,3631
Assam,Panchgram,788802,IN,3632
Maharashtra,Nagpur,440001,IN,3633
Maharashtra,Ratnagiri,416702,IN,3634
West Bengal,Panihati,700115,IN,3635
West Bengal,Tribeni,712503,IN,3636
Rajasthan,Dhaulpur,328001,IN,3637
Uttar Pradesh,Sohawal,224188,IN,3638
West Bengal,Kolkata,700015,IN,3639
Uttarakhand,Rishikesh,249202,IN,3640
Maharashtra,Nashik,422011,IN,3641
Kerala,Cherthala,688529,IN,3642
Uttar Pradesh,Varanasivaranasi,221001,IN,3643
Kerala,"Lms Junction,Attingal,Trivandrum",695101,IN,3644
Delhi,Delhi,110058,IN,3645
Telangana,Warangal,506342,IN,3646
Madhya Pradesh,Prithvipur,472336,IN,3647
Uttarakhand,Champawat,262524,IN,3648
Himachal Pradesh,Sihunta/Samote,176207,IN,3649
Maharashtra,Raigarh,410206,IN,3650
Kerala,Nilambur,676542,IN,3651
Tamil Nadu,Cheyyur,603319,IN,3652
Punjab,Nayagaon,160103,IN,3653
Uttarakhand,Mussoorie,248179,IN,3654
Rajasthan,"Chhabra, Baran",325220,IN,3655
Uttar Pradesh,Etah,207001,IN,3656
Maharashtra,Kalyan,421102,IN,3657
Karnataka,"Krishnarajpet, Krishnarajpet Tq.,Mandya Dist.",571426,IN,3658
Assam,Sibsagar,785662,IN,3659
Haryana,Ferozepur Jhirka,122104,IN,3660
Uttar Pradesh,Firozabad,283203,IN,3661
Kerala,Kunnamangalam,673571,IN,3662
West Bengal,Siliguri,734011,IN,3663
Andhra Pradesh,Gokavaram,533286,IN,3664
Maharashtra,"Aundh, Pune",411007,IN,3665
Odisha,Rayagada,765001,IN,3666
Karnataka,Mysuru,571617,IN,3667
Karnataka,Belgaum,590006,IN,3668
Andhra Pradesh,Anantapur,515721,IN,3669
Karnataka,Bangalore,560055,IN,3670
Tamil Nadu,Chennai,600055,IN,3671
Goa,Chimbel,403006,IN,3672
Karnataka,Mysuru,570020,IN,3673
Haryana,Tohana,125120,IN,3674
Karnataka,Kuvettu,574217,IN,3675
Bihar,Jamui,811303,IN,3676
Tamil Nadu,Tiruchirappalli,620008,IN,3677
Madhya Pradesh,Ordnance Factory Itarsi Township,461111,IN,3678
West Bengal,Barasat,700125,IN,3679
Punjab,Samrala,141114,IN,3680
Maharashtra,Mumbaimumbai,400071,IN,3681
Karnataka,Kundapura,576235,IN,3682
Bihar,Madhubani,847211,IN,3683
Maharashtra,Dahanu,401601,IN,3684
Karnataka,Bangalore,562107,IN,3685
Tamil Nadu,Musiri,621211,IN,3686
Uttar Pradesh,Basti,272170,IN,3687
Kerala,Kannur,670102,IN,3688
Kerala,Aluva,683101,IN,3689
Uttar Pradesh,Mirzapur Chitavanpur,231001,IN,3690
West Bengal,Nabadwip,741302,IN,3691
Maharashtra,Pimpri Chinchwad,411012,IN,3692
Madhya Pradesh,Bhopal,462008,IN,3693
Karnataka,Udupi,576114,IN,3694
Punjab,Karoran,160103,IN,3695
Uttar Pradesh,Lucknow,226013,IN,3696
Maharashtra,Pune,411039,IN,3697
Tamil Nadu,Srivilliputhur,626125,IN,3698
Kerala,"Nadathara, Thrissur",680751,IN,3699
Goa,South Goa,403602,IN,3700
Kerala,Nilambur,679329,IN,3701
Maharashtra,Thane,400614,IN,3702
Karnataka,Ballari,583104,IN,3703
Tamil Nadu,Erode,638004,IN,3704
Jharkhand,Dhanbad,828204,IN,3705
Maharashtra,Selu,431503,IN,3706
Kerala,Angamaly,683572,IN,3707
Tamil Nadu,Chennai,600057,IN,3708
Karnataka,Thirthahalli,577226,IN,3709
Assam,Tezpur,784501,IN,3710
Kerala,Ernakulam,682032,IN,3711
Kerala,Mulavukad,682504,IN,3712
Goa,Panjim,403002,IN,3713
Bihar,Slepur,841501,IN,3714
Kerala,Kakkanad,682030,IN,3715
Telangana,Khammam,507001,IN,3716
Andhra Pradesh,Jaggampeta,533435,IN,3717
Maharashtra,Plaghar,401208,IN,3718
Delhi,New Delhi,110047,IN,3719
Jammu & Kashmir,Udhampur,182121,IN,3720
Goa,Orgao,403107,IN,3721
Tamil Nadu,Coimbatore,641017,IN,3722
Telangana,Secunderabadsecunderabad,501301,IN,3723
Andhra Pradesh,Visakhapatnam,530044,IN,3724
Madhya Pradesh,Jabalpur,482004,IN,3725
West Bengal,Patiram,733133,IN,3726
Kerala,Palakkad,678572,IN,3727
Karnataka,Talikota,586214,IN,3728
Maharashtra,Bhandara,441915,IN,3729
Delhi,Delhi,110091,IN,3730
Tamil Nadu,Nagapattinam,611001,IN,3731
Bihar,Bhagalpur,813210,IN,3732
Kerala,Thiruvananthapuram,695542,IN,3733
Tamil Nadu,Mathigiri Hosur,635110,IN,3734
Gujarat,Surat,394185,IN,3735
Kerala,Thrissur [No Need To Call Me].,680555,IN,3736
Delhi,Delhi 110085,110085,IN,3737
Tamil Nadu,Paramathy Velur,638182,IN,3738
Tamil Nadu,Tirunelveli-Town,627006,IN,3739
Telangana,Peddapalle,505172,IN,3740
Tamil Nadu,Sivakasi,626123,IN,3741
Uttar Pradesh,Jalalabad Muzaffarnagar District,247772,IN,3742
Gujarat,Surat,394716,IN,3743
Kerala,Aroor,688534,IN,3744
Assam,Jorhat,785101,IN,3745
Maharashtra,Junnar,412411,IN,3746
Kerala,Adichanalloor,691537,IN,3747
Delhi,New Delhi,110037,IN,3748
Gujarat,Surat,394326,IN,3749
Bihar,Bikramganj,802212,IN,3750
Kerala,Quilandy,673306,IN,3751
Odisha,Jagasinghpur,754103,IN,3752
Assam,Guwahati,781014,IN,3753
Uttar Pradesh,Ghaziabadcounty,201014,IN,3754
Karnataka,Puttur,574202,IN,3755
Delhi,East Arjun Nagar,110032,IN,3756
Meghalaya,Umling,793101,IN,3757
Tamil Nadu,Pappireddipatti,636905,IN,3758
Mizoram,Aizawl,796005,IN,3759
Assam,Laharighat,782127,IN,3760
Telangana,Warangal,506013,IN,3761
Andhra Pradesh,Vizianagaram,535580,IN,3762
Manipur,Bishnupur,795126,IN,3763
Kerala,Kollam,689695,IN,3764
Delhi,Delhi,110078,IN,3765
Jharkhand,Maithon,828207,IN,3766
Gujarat,"Sargasan, Gandhinagar",382421,IN,3767
Uttarakhand,Bhimtaal,263136,IN,3768
Jharkhand,Ramgarh Cantonment Civil Township,829122,IN,3769
Tamil Nadu,Thoothukudi 628008,628008,IN,3770
Kerala,Moonniyur,676311,IN,3771
Karnataka,Bellary,583103,IN,3772
Uttar Pradesh,Pipraich,273152,IN,3773
Himachal Pradesh,Hamirpur,176110,IN,3774
Maharashtra,Thakurli,421201,IN,3775
Andhra Pradesh,Mandavalli,521345,IN,3776
Jharkhand,Dhanbad,828127,IN,3777
Kerala,Palakkad,678503,IN,3778
West Bengal,Kolkata,700037,IN,3779
Telangana,Luxettipet,504215,IN,3780
Uttar Pradesh,Barabanki,225412,IN,3781
Andhra Pradesh,Muddanur,516380,IN,3782
Telangana,Narayanpet,509210,IN,3783
Kerala,Tirurangadi,676306,IN,3784
Assam,Moranhat,785670,IN,3785
Andhra Pradesh,Anaparthy,533342,IN,3786
Rajasthan,Jaipur,302003,IN,3787
Karnataka,Brahmavar,576213,IN,3788
Karnataka,Hubballi,580022,IN,3789
Gujarat,Bhuj,370001,IN,3790
Sikkim,Jorethang,737121,IN,3791
Uttar Pradesh,Infront Of Power House Bidhuna,206243,IN,3792
Jammu & Kashmir,Srinagar,190011,IN,3793
Maharashtra,Vasai,401207,IN,3794
Madhya Pradesh,Agar Malwa,465441,IN,3795
Uttar Pradesh,Gonda,271002,IN,3796
Haryana,Narnaul,123001,IN,3797
Odisha,Jharsuguda,768204,IN,3798
West Bengal,Kolkata,700109,IN,3799
Uttar Pradesh,Gonda,271001,IN,3800
Rajasthan,Modak,326517,IN,3801
Karnataka,Nandi,562101,IN,3802
Maharashtra,Vasai Virar,401207,IN,3803
Tamil Nadu,Tiruvallur,600095,IN,3804
Tamil Nadu,Neyveli,607802,IN,3805
Karnataka,Bengaluru,560104,IN,3806
Himachal Pradesh,Dalhousie,176304,IN,3807
Uttar Pradesh,Greater Noida,201009,IN,3808
Sikkim,Gangtok,737103,IN,3809
Karnataka,Mangalore,575007,IN,3810
Karnataka,Bangalore,562106,IN,3811
Karnataka,Mysuru,570029,IN,3812
Madhya Pradesh,Chanderi,473446,IN,3813
Kerala,Palakkad,679303,IN,3814
Kerala,Cherthala,688524,IN,3815
Uttar Pradesh,Agra,282004,IN,3816
Uttar Pradesh,"Kosi Kalan , Mathura",281403,IN,3817
Maharashtra,Solapur,413003,IN,3818
Tamil Nadu,Karamadai,641104,IN,3819
Kerala,Cheruthuruthi,679531,IN,3820
Maharashtra,Thane,401504,IN,3821
Bihar,Ekangar Sarai,801301,IN,3822
Bihar,Bhagalpur,812002,IN,3823
Karnataka,Chintamani,563125,IN,3824
Maharashtra,Kalwan,423501,IN,3825
Maharashtra,Vasai Virar,401205,IN,3826
Kerala,Kollam,691015,IN,3827
West Bengal,Kolkata,700157,IN,3828
Kerala,Palakkad,678575,IN,3829
Goa,Panjim,403001,IN,3830
Tamil Nadu,Coimbatore,641002,IN,3831
Andhra Pradesh,Kurnool,518124,IN,3832
Jammu & Kashmir,Rehambal,182121,IN,3833
Delhi,West Delhi,110018,IN,3834
Rajasthan,Udaipur,342001,IN,3835
Telangana,Hyderabad,500046,IN,3836
Tamil Nadu,Surandai,627859,IN,3837
Himachal Pradesh,Shimla,171002,IN,3838
Tamil Nadu,Madurai,625017,IN,3839
Jharkhand,Jamshedpur,831003,IN,3840
Maharashtra,Pimpri Chinchwad,412114,IN,3841
Bihar,Muzaffarpur,843101,IN,3842
Haryana,Kaithal,136020,IN,3843
West Bengal,Phulia,741402,IN,3844
Odisha,Rourkela,769001,IN,3845
Haryana,Mahendragarh District,123028,IN,3846
Jammu & Kashmir,Hiranagar,184142,IN,3847
Gujarat,Limdi,389180,IN,3848
Karnataka,Sidlaghatta,562102,IN,3849
Kerala,Kochi,682001,IN,3850
Rajasthan,Churu,331701,IN,3851
Madhya Pradesh,Burhanpur,450331,IN,3852
Kerala,Kozhikode,673524,IN,3853
Maharashtra,Kalyan,421001,IN,3854
Telangana,Bhainsa,504103,IN,3855
Maharashtra,Nagpur,440004,IN,3856
Telangana,Metapally,505325,IN,3857
Karnataka,Mangaluru,575015,IN,3858
Maharashtra,Malegaon,423203,IN,3859
West Bengal,Bhadreswar,712125,IN,3860
Bihar,Hajipur,844101,IN,3861
Uttar Pradesh,Kanpur,208014,IN,3862
Assam,Biswanath Chariali,784176,IN,3863
Tamil Nadu,Kumbakonam,612001,IN,3864
Tamil Nadu,Sholingur,631102,IN,3865
Kerala,"Kakkanad,Ernakulam",682030,IN,3866
Karnataka,Sulya,574232,IN,3867
West Bengal,Siliguri,734003,IN,3868
Maharashtra,Naigoan East,401208,IN,3869
Madhya Pradesh,Jhingurda,486889,IN,3870
Bihar,Muzaffarpur,842004,IN,3871
Andaman and Nicobar Islands,Port Blair,744112,IN,3872
Maharashtra,Vasai,401203,IN,3873
Uttar Pradesh,Kanpur,208010,IN,3874
Gujarat,Gandhinagar,382010,IN,3875
Kerala,Kunnamkulam,680523,IN,3876
Bihar,Kharagpur,811213,IN,3877
Himachal Pradesh,Jutogh,171011,IN,3878
Maharashtra,Mumbai,410206,IN,3879
Tamil Nadu,Nagercoil,629001,IN,3880
Rajasthan,Chittaurgarh,312001,IN,3881
Andhra Pradesh,Chinnamandeam,516214,IN,3882
Uttar Pradesh,Gorakhpur,273408,IN,3883
Maharashtra,"Pimple Saudagar,  Pune",411027,IN,3884
Kerala,Vadanappally,680614,IN,3885
Tamil Nadu,Tirunelveli,627357,IN,3886
Maharashtra,Nanded,431601,IN,3887
Uttar Pradesh,Milak,244701,IN,3888
Rajasthan,Fatehpur,332301,IN,3889
Kerala,Koipady,671321,IN,3890
Bihar,Gaya,823003,IN,3891
Odisha,Kesinga,766012,IN,3892
West Bengal,Kharagpur,721306,IN,3893
Kerala,Thiruvananthapuram,695573,IN,3894
Maharashtra,Bhandara,441918,IN,3895
Delhi,New Delhi,110006,IN,3896
Telangana,Karimnagar,505467,IN,3897
Odisha,Puri,752108,IN,3898
Uttar Pradesh,Maunath Bhanjan,275202,IN,3899
Uttar Pradesh,Lucknow,226011,IN,3900
Uttar Pradesh,Tirwaganj,209732,IN,3901
Maharashtra,Vasai East,401208,IN,3902
Bihar,Patna,800009,IN,3903
Maharashtra,Mangalvedha,413305,IN,3904
Uttar Pradesh,Saharanpur,251307,IN,3905
West Bengal,Debra,721126,IN,3906
Karnataka,Gonikoppal,571213,IN,3907
Tamil Nadu,Dindigul,624701,IN,3908
Tamil Nadu,Karaikkudi,630001,IN,3909
Chhattisgarh,Jagdalpur,494001,IN,3910
Telangana,Kalwakurthy,509324,IN,3911
Assam,North Lakhimpur,787001,IN,3912
Delhi,Delhi,110032,IN,3913
Odisha,Rasol,759021,IN,3914
Chhattisgarh,Balrampur,497118,IN,3915
West Bengal,Rishra,712250,IN,3916
Kerala,Perumbavoor,683542,IN,3917
Assam,Silchar,788004,IN,3918
Kerala,Ernakulam,682025,IN,3919
Uttar Pradesh,Azamgarh,276136,IN,3920
Andhra Pradesh,Hindupur,515201,IN,3921
Maharashtra,Thane West,400606,IN,3922
West Bengal,Bidhan Nagar,700091,IN,3923
Karnataka,Hanagandi,587315,IN,3924
Delhi,New Delhii,110009,IN,3925
Telangana,Secunderabad,500062,IN,3926
Bihar,Naugachhia,853204,IN,3927
Uttar Pradesh,Agra,283105,IN,3928
Punjab,Patiala,147002,IN,3929
West Bengal,Howrah,711104,IN,3930
Kerala,Thrissur,680002,IN,3931
Telangana,"Hanamkond, Warangal",506009,IN,3932
Tamil Nadu,Tiruchirappalli,620026,IN,3933
Assam,Sanpara,781125,IN,3934
Himachal Pradesh,Kullu,172002,IN,3935
Karnataka,Devanahalli,562110,IN,3936
Karnataka,Udupi,576105,IN,3937
Haryana,Gurgaon,122003,IN,3938
Kerala,Thrissur,680301,IN,3939
Kerala,Cheruthazham,670501,IN,3940
Andhra Pradesh,Visakhapatnam,530004,IN,3941
Karnataka,Koppal,583231,IN,3942
Punjab,Ludhiana,141123,IN,3943
Himachal Pradesh,Shahpur,176208,IN,3944
Madhya Pradesh,Indore,452020,IN,3945
Odisha,Athmallik,759125,IN,3946
Gujarat,Palitana,364270,IN,3947
Kerala,Changanacheri,686536,IN,3948
Andhra Pradesh,Hyderabad,500089,IN,3949
West Bengal,North Barrackpur,700131,IN,3950
Telangana,Adilabad,504251,IN,3951
Karnataka,Kumta,581343,IN,3952
Chhattisgarh,Chikhal Kasa,491228,IN,3953
Kerala,Palakkad,678613,IN,3954
Karnataka,Bengaluru,562130,IN,3955
Kerala,Ettumanoor,686632,IN,3956
Karnataka,Bengalur,560061,IN,3957
Andhra Pradesh,Tuni,533401,IN,3958
Maharashtra,Solapur,413002,IN,3959
Telangana,Jammikunta,505122,IN,3960
Uttar Pradesh,"Tilhar, 9717754694",242307,IN,3961
Maharashtra,Jaysingpur,416101,IN,3962
Uttar Pradesh,Moradabad,244102,IN,3963
Tamil Nadu,Thiruvarur,610107,IN,3964
Bihar,Aurangabad,824101,IN,3965
Kerala,Karuvanthuruthy,673634,IN,3966
Andhra Pradesh,Hindupur,515212,IN,3967
Maharashtra,Pune,411025,IN,3968
West Bengal,Suri,731102,IN,3969
Kerala,Alappuzha,688504,IN,3970
Uttar Pradesh,Lucknow,227101,IN,3971
Tamil Nadu,Madura,625017,IN,3972
West Bengal,Tarakeswar,712410,IN,3973
West Bengal,Sukhchar,700115,IN,3974
Uttar Pradesh,Varanasi,221011,IN,3975
Uttarakhand,Dhanaulti,249145,IN,3976
Maharashtra,Pune 16,411016,IN,3977
Chhattisgarh,Wadrafnagar,497225,IN,3978
Maharashtra,Alibag,402201,IN,3979
Andhra Pradesh,Ongole,523002,IN,3980
Karnataka,Srinivaspur,563135,IN,3981
Odisha,Ganjam,761037,IN,3982
Karnataka,Banglore,560016,IN,3983
Jharkhand,Chaibasa,833201,IN,3984
Kerala,Paripally,691574,IN,3985
Maharashtra,Nallasopara East,401209,IN,3986
Kerala,Kodungallur,680682,IN,3987
Telangana,Nalgonda,508373,IN,3988
Tamil Nadu,Trichirapalli,621216,IN,3989
Haryana,Faridabad,121101,IN,3990
Kerala,Attingal,695103,IN,3991
Bihar,Dighwara,841207,IN,3992
Jharkhand,Patratu,829118,IN,3993
Tamil Nadu,Manalmedu,609202,IN,3994
Maharashtra,Chopda,425107,IN,3995
Odisha,Bhawanipatna,766029,IN,3996
Gujarat,Godhra,389001,IN,3997
Uttar Pradesh,Mirzapur Cum Vindhyachal,231312,IN,3998
Telangana,Zahirabad,502220,IN,3999
Rajasthan,Banswara,327604,IN,4000
Andhra Pradesh,Atmakur Sri Potti Sriramulu,524322,IN,4001
West Bengal,Kolkata,700096,IN,4002
Kerala,Kollam,691601,IN,4003
Uttar Pradesh,Kanpur,208015,IN,4004
Kerala,Alapuzhya,689509,IN,4005
Madhya Pradesh,Vindhya Nagar,486886,IN,4006
Maharashtra,Aurangabad,431007,IN,4007
Himachal Pradesh,Una,177209,IN,4008
Kerala,Kottayam,686541,IN,4009
Karnataka,Shivamogga,577422,IN,4010
Kerala,Ottapalam,679515,IN,4011
Andhra Pradesh,Vijayawada,520011,IN,4012
Andhra Pradesh,Kanigiri,523230,IN,4013
Odisha,Bhubaneswar,751007,IN,4014
Gujarat,Ahmedabad 380013,380013,IN,4015
Tamil Nadu,Thirunageswaram,612204,IN,4016
Telangana,Kodad,508206,IN,4017
Andhra Pradesh,Guntur,522509,IN,4018
Maharashtra,Badlapur East,421503,IN,4019
Jharkhand,Jamshedpur,831014,IN,4020
Karnataka,Bengaluru,560018,IN,4021
Kerala,Pathanamthitta,689547,IN,4022
Assam,Hailakandi,788155,IN,4023
Maharashtra,Kankavli,416602,IN,4024
Tamil Nadu,Nagercoil,629004,IN,4025
Maharashtra,Shahapur Thane District,421601,IN,4026
Uttar Pradesh,Meerut,250110,IN,4027
Andhra Pradesh,Renigunta,517520,IN,4028
Kerala,Kudlu,671124,IN,4029
Kerala,Kalpetta,673121,IN,4030
Kerala,Kuthiathode,688540,IN,4031
Kerala,Kannur,670012,IN,4032
Maharashtra,District Pune,412405,IN,4033
West Bengal,Barasat,700127,IN,4034
Kerala,Uppala,671322,IN,4035
Karnataka,Mysuru,570026,IN,4036
Kerala,"Champakulam, Alappuzhaa",688505,IN,4037
Kerala,Parassala,695502,IN,4038
Assam,Namrup,786623,IN,4039
Madhya Pradesh,Barwani,451551,IN,4040
West Bengal,Haora,711302,IN,4041
Uttarakhand,Uttarkashi,249151,IN,4042
Telangana,Hyderabad,500061,IN,4043
Maharashtra,Akola,444005,IN,4044
Delhi,New Delhi,110080,IN,4045
Uttar Pradesh,Parasi,231225,IN,4046
Kerala,Thrissur,680123,IN,4047
Maharashtra,"Ravet, Pune",412101,IN,4048
Kerala,Palakkad,679514,IN,4049
Kerala,Vadakara,673308,IN,4050
Karnataka,Vijapura,586103,IN,4051
West Bengal,Bagnan,711303,IN,4052
Telangana,Hyderabad,509217,IN,4053
Telangana,Hyderabad,500026,IN,4054
Goa,Tiswadi,403104,IN,4055
Odisha,Rayagada Rayagada District,765002,IN,4056
Kerala,Kannur,670663,IN,4057
Delhi,Delhi,110060,IN,4058
Gujarat,Jamnagar,361001,IN,4059
Kerala,Neyyattinkara,695126,IN,4060
Karnataka,Aland,585302,IN,4061
Gujarat,Gandhidham,370205,IN,4062
Kerala,Thrissur,680005,IN,4063
Uttarakhand,Corbett,244715,IN,4064
Tamil Nadu,Vellore,632006,IN,4065
Kerala,Mannar,689623,IN,4066
Kerala,Puzhakkal,680553,IN,4067
Uttar Pradesh,Allahabad,211007,IN,4068
Uttar Pradesh,Gautam Budh Nagar,201305,IN,4069
Kerala,Kottamkara,691005,IN,4070
Kerala,Chemancheri,673304,IN,4071
Odisha,Kendrapara,754213,IN,4072
Maharashtra,Gondiya,441601,IN,4073
Chhattisgarh,Jashpurnagar,496331,IN,4074
West Bengal,Bhanger,743502,IN,4075
Tamil Nadu,Madurai,625005,IN,4076
Kerala,Vengara,676304,IN,4077
Kerala,Kottayam,686513,IN,4078
Kerala,Changanacherry,686537,IN,4079
Maharashtra,"Wagholi ,Pune",412207,IN,4080
Kerala,Kuttippuram,679571,IN,4081
Kerala,Ernakulam,682028,IN,4082
Punjab,Patiala,147003,IN,4083
Gujarat,Kalol Gandhinagar District,382721,IN,4084
Bihar,Raghunathpur,854317,IN,4085
Gujarat,Surendranagar,363030,IN,4086
Karnataka,Bengalure,560040,IN,4087
Jharkhand,Dumka,814101,IN,4088
Chhattisgarh,Raipur,492099,IN,4089
Karnataka,"Yelahanka, Bangalore",560064,IN,4090
Tamil Nadu,Karur,620009,IN,4091
Assam,New Guwahati Tiniali,781020,IN,4092
Uttar Pradesh,Allahabad,211019,IN,4093
Himachal Pradesh,Hamirpur,177027,IN,4094
Jharkhand,Bachra,829201,IN,4095
Delhi,North Delhi,110009,IN,4096
Telangana,Medchal,501401,IN,4097
Odisha,Soro,756045,IN,4098
Rajasthan,Sri Ganganagar,335002,IN,4099
Bihar,Jehanabad,804408,IN,4100
Kerala,Kasargod,671531,IN,4101
Andhra Pradesh,Kondapi,523279,IN,4102
Kerala,Thiruvananthapuram,695019,IN,4103
Karnataka,Puttur,574259,IN,4104
Odisha,Pattamundai,754215,IN,4105
Gujarat,Sayan,394150,IN,4106
Kerala,Dharmadom,670106,IN,4107
Kerala,Ernakulam,686667,IN,4108
Gujarat,"Nana Kapaya, Mundra",370421,IN,4109
Maharashtra,Nagpur,441108,IN,4110
Haryana,Yamunanagar,135003,IN,4111
Kerala,Thiruvananthapuram,695607,IN,4112
Telangana,Hyderabad,500025,IN,4113
Karnataka,Bengaluru,560063,IN,4114
Uttar Pradesh,Gorakhpur,273005,IN,4115
Kerala,Thiruvananthapuram,695313,IN,4116
Goa,Margao,403716,IN,4117
Madhya Pradesh,Baihar,481111,IN,4118
Kerala,"Thrikkodithanam P O, Changanacherry",686105,IN,4119
Himachal Pradesh,Bcs New Shimla,171009,IN,4120
Gujarat,Lalpur,361142,IN,4121
Odisha,"Balipatna, Khurda",752102,IN,4122
West Bengal,Matla,743329,IN,4123
Karnataka,Kolar,563146,IN,4124
Kerala,Kollam,691016,IN,4125
Andhra Pradesh,Vijayawada,521134,IN,4126
Andhra Pradesh,Gurzala,522415,IN,4127
West Bengal,Kolkata,700094,IN,4128
Karnataka,Karkal,576121,IN,4129
Odisha,Berhampur,760008,IN,4130
Andhra Pradesh,Tanuku,534211,IN,4131
Telangana,",Hyderabad",500038,IN,4132
Maharashtra,Nanded Waghala,431601,IN,4133
Telangana,Adilabad,504104,IN,4134
West Bengal,Kolkata,700140,IN,4135
Maharashtra,Pune,412210,IN,4136
Andhra Pradesh,Chittoor,517237,IN,4137
Uttar Pradesh,Sumerpur,210502,IN,4138
Tamil Nadu,Vanjipalayam,641663,IN,4139
Gujarat,Rajkot,360007,IN,4140
Tamil Nadu,Vellore,632059,IN,4141
Kerala,Koithoorkonam,695584,IN,4142
Andhra Pradesh,Guntur,522004,IN,4143
Gujarat,Ahmedabad,382445,IN,4144
Tamil Nadu,Kodaikanal,624101,IN,4145
Tamil Nadu,Coimbatore,641044,IN,4146
Uttar Pradesh,Jhinjhak,209302,IN,4147
Bihar,Khagaria,851204,IN,4148
Andhra Pradesh,Kuppam,517425,IN,4149
Madhya Pradesh,Bhainsdehi,460225,IN,4150
Punjab,Zirakpur,160004,IN,4151
Kerala,Thiruvananthapuram,695018,IN,4152
Assam,Udalguri,784509,IN,4153
Delhi,New Delhi,110020,IN,4154
Karnataka,Beltangadi,574240,IN,4155
Karnataka,Udupi,576103,IN,4156
Rajasthan,Antah,325209,IN,4157
Uttar Pradesh,Parichha,284305,IN,4158
Karnataka,Sulya,574327,IN,4159
Tamil Nadu,Villupuram.,605602,IN,4160
Telangana,Bhadrachalam,507111,IN,4161
Karnataka,Mangaluru,575014,IN,4162
West Bengal,Kajora,713338,IN,4163
Uttar Pradesh,"Bhojipura, Bareilly",243202,IN,4164
Andhra Pradesh,Vizianagaram,535001,IN,4165
Uttar Pradesh,Sarai Mir,223227,IN,4166
West Bengal,Hooghly,712101,IN,4167
Kerala,Shoranur,679122,IN,4168
Gujarat,Ahmedabad,380050,IN,4169
Madhya Pradesh,Khajuraho,471606,IN,4170
Karnataka,Bangalore,560071,IN,4171
Madhya Pradesh,Sihora,483225,IN,4172
Bihar,Madhubani,847236,IN,4173
Maharashtra,Bhiwandi,421305,IN,4174
Tamil Nadu,Kanchipuram,602106,IN,4175
Jammu & Kashmir,Reasi,182311,IN,4176
Punjab,Samana,147101,IN,4177
Kerala,Thiruvananthapuram,695311,IN,4178
Kerala,Mananthavady,670645,IN,4179
Telangana,Nizamabad,503225,IN,4180
Maharashtra,Korochi,416116,IN,4181
Madhya Pradesh,Gwalior,474002,IN,4182
Rajasthan,Ramganjmandi,326519,IN,4183
Punjab,Moga,142001,IN,4184
Bihar,Rajgir,803109,IN,4185
Kerala,Kottayam,686606,IN,4186
Andhra Pradesh,Chittoor,517619,IN,4187
Uttarakhand,Haridwar,249407,IN,4188
Gujarat,Kadi,382715,IN,4189
Maharashtra,Murud,402401,IN,4190
Odisha,Balimela,764051,IN,4191
Andhra Pradesh,Adoni,518302,IN,4192
Chhattisgarh,Pandripani,496242,IN,4193
Andhra Pradesh,Guntur,522213,IN,4194
Uttar Pradesh,Ghazipur,275204,IN,4195
Delhi,East Delhi,110031,IN,4196
Uttar Pradesh,Kanpur,209217,IN,4197
Kerala,"Thiruvalla , Pathanamthitta (District)",689108,IN,4198
Karnataka,Kalaburgi,585103,IN,4199
Bihar,Chakia Pipra,845416,IN,4200
Karnataka,Bangalore,560092,IN,4201
Maharashtra,Nanded,431606,IN,4202
Bihar,Bhagalpur,812005,IN,4203
Karnataka,Ilkal,587125,IN,4204
Uttarakhand,Jhabrera,247665,IN,4205
Kerala,Wayanad,670721,IN,4206
Andhra Pradesh,Kakinada,533002,IN,4207
Telangana,"Kataram, Jayashankar Bhupalapally District",505503,IN,4208
Jharkhand,Sindri Dhanbad,828122,IN,4209
Gujarat,Lunawada,389230,IN,4210
Maharashtra,"Goregaon West, Mumbai",400062,IN,4211
Assam,Bokajan,782490,IN,4212
Uttar Pradesh,Kora Jahanabad,212659,IN,4213
Madhya Pradesh,Bijuri,484440,IN,4214
Madhya Pradesh,Bhind,477001,IN,4215
Assam,Guwahati,781009,IN,4216
Uttar Pradesh,Westparasi,231225,IN,4217
Kerala,Edathala,683561,IN,4218
Karnataka,Mangalore,575002,IN,4219
Gujarat,Kodinar,362725,IN,4220
Maharashtra,Mulund W,400080,IN,4221
Meghalaya,Shillong,793014,IN,4222
Andhra Pradesh,Hyderabad,502032,IN,4223
Tamil Nadu,Tirunelvelli Dist,627105,IN,4224
Maharashtra,Pune,410506,IN,4225
Uttar Pradesh,Modinagar,201201,IN,4226
Tamil Nadu,Attayampatti,636308,IN,4227
Maharashtra,Nagpur,440033,IN,4228
Kerala,Punnapara,688004,IN,4229
Gujarat,Surat,395008,IN,4230
Kerala,Palakkad,678014,IN,4231
Maharashtra,Rajgurunagar Khed,410505,IN,4232
Telangana,Secunderabad 500094,500094,IN,4233
Karnataka,Bangalore,560062,IN,4234
Tamil Nadu,Ramanathapuram,623503,IN,4235
Bihar,Patna,804453,IN,4236
Meghalaya,Tura,794001,IN,4237
Kerala,Karivellur,670521,IN,4238
Andhra Pradesh,Srikakulam,532401,IN,4239
Andhra Pradesh,Visakhapatnam,530003,IN,4240
Andhra Pradesh,Pamur,523108,IN,4241
Kerala,Pavaratty,680507,IN,4242
Karnataka,Harihar,577601,IN,4243
Rajasthan,Banasthali,304022,IN,4244
Madhya Pradesh,Neemuch,458441,IN,4245
Kerala,Kalamassery Ph No: 9074200347,682024,IN,4246
Andhra Pradesh,Kakinada,533001,IN,4247
Karnataka,Basavana Bagevadi,586203,IN,4248
Assam,Guwahati,781013,IN,4249
Rajasthan,Jodhpur,342025,IN,4250
West Bengal,Kolkata,700025,IN,4251
Gujarat,Bardoli,394601,IN,4252
Uttar Pradesh,Gorakhpur,273012,IN,4253
Uttar Pradesh,Bewar,205301,IN,4254
Jharkhand,Jamshedpur,831008,IN,4255
Maharashtra,Indapur,413106,IN,4256
Jammu & Kashmir,Maralia,181101,IN,4257
Maharashtra,Nanded Waghala,431605,IN,4258
Telangana,Secunderabad,500016,IN,4259
Punjab,Muktsar,152026,IN,4260
Kerala,Varkala,695312,IN,4261
Telangana,Warangal,506006,IN,4262
Odisha,Sambalpur,768006,IN,4263
Karnataka,Dandeli(Uttar Kannada),581325,IN,4264
Maharashtra,Ambarnath West,421501,IN,4265
Assam,Numaligarh Refinery Township,785699,IN,4266
Uttar Pradesh,Greater Noida West,201308,IN,4267
Tamil Nadu,Tiruchirappalli,620011,IN,4268
Karnataka,Belgaum,591124,IN,4269
Telangana,"Medipally ,Hyderabad",500039,IN,4270
Andhra Pradesh,Mahabubnagar,509001,IN,4271
Assam,Guwahati,781171,IN,4272
Tamil Nadu,Thiruthangal,626130,IN,4273
Himachal Pradesh,Yol,176052,IN,4274
Andhra Pradesh,Visakhapatnam,530045,IN,4275
Tamil Nadu,Sivaganga,630561,IN,4276
Maharashtra,Pune,412105,IN,4277
Assam,Sipajhar,784145,IN,4278
Uttarakhand,Bandia,263148,IN,4279
Odisha,Ntpc Kaniha Township,759147,IN,4280
Maharashtra,Patoda,414204,IN,4281
Jammu & Kashmir,Srinagar,190023,IN,4282
Kerala,Thalassery,670104,IN,4283
Maharashtra,Panchgani,412805,IN,4284
Madhya Pradesh,Nepanagar,450331,IN,4285
Haryana,Gurugram.,122001,IN,4286
Karnataka,Bangalore,560094,IN,4287
Andhra Pradesh,Pamidi,515775,IN,4288
Kerala,Edavanakad,682502,IN,4289
Goa,Mormugao,403726,IN,4290
Uttar Pradesh,Noida,201009,IN,4291
Kerala,Perumbavoor,683544,IN,4292
Odisha,Balasore,756019,IN,4293
Kerala,Muvattupuzha,682316,IN,4294
Odisha,Bhuban,759024,IN,4295
Haryana,Faridabad,121007,IN,4296
Karnataka,Bangalore,560008,IN,4297
Telangana,Kothakota,509381,IN,4298
Kerala,Ayoor,691533,IN,4299
West Bengal,Panihati,700049,IN,4300
Kerala,Ulliyeri,673321,IN,4301
Maharashtra,"Goregaon - East, Mumbai",400063,IN,4302
Kerala,Thrissur,680007,IN,4303
Uttar Pradesh,Kanpur,208005,IN,4304
Andhra Pradesh,Kadapa,516350,IN,4305
Maharashtra,Thane,401501,IN,4306
Haryana,Faridabad,121013,IN,4307
Kerala,Ernakulam District,683108,IN,4308
Bihar,Munger,813212,IN,4309
Maharashtra,Sangameshwar,415804,IN,4310
Punjab,Jalandhar,144302,IN,4311
Rajasthan,Kishangarh Ajmer District,305802,IN,4312
Tamil Nadu,Sivagiri Virdhunagar District,626121,IN,4313
Odisha,Bundia,768225,IN,4314
Karnataka,Dharwad,580002,IN,4315
Kerala,Meenadom,686516,IN,4316
Maharashtra,Nagpur,440021,IN,4317
Tamil Nadu,Kanniyakumari,629180,IN,4318
West Bengal,Chandrakona,721201,IN,4319
Odisha,Venketraipur,761002,IN,4320
Telangana,Jillelaguda,500079,IN,4321
Odisha,Baragaon,770016,IN,4322
Assam,Tinsukia District,786148,IN,4323
Uttarakhand,Pithoragarh,262530,IN,4324
Goa,Goa Velha,403204,IN,4325
Maharashtra,Thane,421201,IN,4326
Andhra Pradesh,Guntur,522034,IN,4327
Andhra Pradesh,Guntur,522259,IN,4328
Jharkhand,Ranchi,835217,IN,4329
Kerala,Kollam,691333,IN,4330
Telangana,Khammam,507165,IN,4331
Madhya Pradesh,Nowrozabad,484555,IN,4332
Andhra Pradesh,Gudivada Krishna District,521301,IN,4333
Kerala,Ponnani,679584,IN,4334
Kerala,Vellangallur,680662,IN,4335
Andhra Pradesh,Vizianagaram,535216,IN,4336
Bihar,Hajipur,844102,IN,4337
Tamil Nadu,Tiruchirappalli,620007,IN,4338
Assam,Bihpuria,784161,IN,4339
Maharashtra,Thane,421202,IN,4340
Maharashtra,Manmad,423104,IN,4341
Uttar Pradesh,Noida,201306,IN,4342
Tamil Nadu,Coimbatore,641028,IN,4343
Maharashtra,Mumbai,400007,IN,4344
Maharashtra,Dombivali West - 421202,421202,IN,4345
Maharashtra,Lavasa,412112,IN,4346
Karnataka,Davanagere,577003,IN,4347
Jharkhand,Giridih,815311,IN,4348
Bihar,Gopalganj,841423,IN,4349
Tamil Nadu,Sipcot Thoothukudi,628008,IN,4350
Rajasthan,Chhoti Sadri,312604,IN,4351
Kerala,Feroke,673631,IN,4352
Telangana,Pothreddipalle,502295,IN,4353
Madhya Pradesh,Indore,453331,IN,4354
Maharashtra,Chakan,410501,IN,4355
West Bengal,Rajpur Sonarpur,700148,IN,4356
Assam,Cachar,788004,IN,4357
Maharashtra,Chandrapur,442501,IN,4358
Chhattisgarh,Janjgir,495668,IN,4359
Telangana,Koratla,505326,IN,4360
Goa,Pernem,403512,IN,4361
Gujarat,Vadodara,391340,IN,4362
Kerala,Eranholi,670107,IN,4363
Kerala,Thiruvananthapuram,695040,IN,4364
West Bengal,Puruliya,723101,IN,4365
Rajasthan,Sujangarh,331507,IN,4366
Kerala,Chelakkara,680586,IN,4367
Karnataka,Bangalore,560017,IN,4368
Maharashtra,Kohlapur,416118,IN,4369
Tamil Nadu,Chennai,600027,IN,4370
Uttar Pradesh,Tilhar,242307,IN,4371
Kerala,Malappuram,676503,IN,4372
Telangana,Dubbak,502108,IN,4373
West Bengal,Haora,711101,IN,4374
Tamil Nadu,Tiruvannamalai,606901,IN,4375
Karnataka,Udupi,576106,IN,4376
West Bengal,Kalimpong,734311,IN,4377
Assam,Golaghat,785699,IN,4378
Uttar Pradesh,Jaunpur,222141,IN,4379
Maharashtra,Pimpri Chinchwad,411039,IN,4380
Karnataka,Raghunalhi Bcmc Layout,560062,IN,4381
Telangana,Khammam,507209,IN,4382
Kerala,Tirur,676101,IN,4383
Goa,Porvorim Bardez,403511,IN,4384
Kerala,"Ponkunnam, Kottayam District",686504,IN,4385
Telangana,Suryapet,508213,IN,4386
Uttar Pradesh,Aliganj,207247,IN,4387
Kerala,Palai,686575,IN,4388
Rajasthan,Madanganj-Kishangarh  Ajmer,305801,IN,4389
Kerala,Thrippunithura,682309,IN,4390
Rajasthan,Jaipur,302005,IN,4391
Tamil Nadu,"Maduravoyal,Chennai",600095,IN,4392
Odisha,Sambalpur,768200,IN,4393
Chhattisgarh,Bhilai,491107,IN,4394
Kerala,Alappuzha,690517,IN,4395
West Bengal,Polba Dadpur,712305,IN,4396
Maharashtra,Bhiwandi,421311,IN,4397
Kerala,Thiruvalla,689115,IN,4398
Tamil Nadu,Chennai,603203,IN,4399
Goa,Seraulim,403708,IN,4400
Delhi,Delhi,110088,IN,4401
Maharashtra,"Ambarnath, West",421501,IN,4402
Bihar,Sonepur,841101,IN,4403
Karnataka,Mangalore,575001,IN,4404
Tamil Nadu,Chennai,603211,IN,4405
Andhra Pradesh,Srikalahasti,517644,IN,4406
Andhra Pradesh,Nuzvid,521201,IN,4407
Assam,Silchar,788001,IN,4408
Maharashtra,Thane,401303,IN,4409
Karnataka,Chikballapur,562101,IN,4410
Kerala,Kuthuparamba,670643,IN,4411
Maharashtra,Amravati,444602,IN,4412
Tamil Nadu,Kanchipuram,600100,IN,4413
Maharashtra,Dombivali,421202,IN,4414
Kerala,Kalamassery,682030,IN,4415
Bihar,Darbhanga,846004,IN,4416
Tamil Nadu,Gudalur The Nilgiris District,643212,IN,4417
Assam,Bakulia,782482,IN,4418
West Bengal,Konnagar,712246,IN,4419
Uttar Pradesh,Greater Noida,201307,IN,4420
West Bengal,Kolkata,700049,IN,4421
Jharkhand,Jamshedpur,831001,IN,4422
West Bengal,Ichapur,743144,IN,4423
Punjab,Sanaur,147103,IN,4424
Kerala,Kollam,691011,IN,4425
West Bengal,Jamuria,713336,IN,4426
Karnataka,Bangalore,560097,IN,4427
West Bengal,Kolkata,700135,IN,4428
Karnataka,Honavar,581361,IN,4429
Chhattisgarh,Bilaspur,495006,IN,4430
Maharashtra,Bhayandar East,401105,IN,4431
Assam,Silchar,788006,IN,4432
Kerala,Varkala,695143,IN,4433
Maharashtra,Satara,415205,IN,4434
Bihar,Patna,801113,IN,4435
Uttar Pradesh,Shamli,251305,IN,4436
Gujarat,Unai,396590,IN,4437
Andhra Pradesh,Narasannapeta,532421,IN,4438
Karnataka,Bengaluru,560039,IN,4439
Tamil Nadu,Tiruppur,641606,IN,4440
Madhya Pradesh,Jhabua,457661,IN,4441
Jharkhand,Barkakana,829103,IN,4442
Karnataka,Haveri,581116,IN,4443
Chhattisgarh,Raigarh Town,496001,IN,4444
Maharashtra,Warud,444906,IN,4445
Gujarat,Anand,388430,IN,4446
Tamil Nadu,Gummidipoondi,601201,IN,4447
Telangana,"Jillelguda , Meerpet , Hyderabad",500097,IN,4448
Kerala,Puthur,680317,IN,4449
Gujarat,Petlad,388480,IN,4450
Karnataka,Bengaluru,562149,IN,4451
Karnataka,Guledgudda,587203,IN,4452
Himachal Pradesh,Kangra,176103,IN,4453
Andhra Pradesh,Guntur,522414,IN,4454
Tamil Nadu,Town,605102,IN,4455
Kerala,Cherthala,688530,IN,4456
Andhra Pradesh,Anakapalle,531011,IN,4457
Telangana,Palwancha,507115,IN,4458
Delhi,Vikas Puri,110018,IN,4459
Maharashtra,Amravati,444604,IN,4460
Uttar Pradesh,Katra Shahjahanpur District,242301,IN,4461
Jammu & Kashmir,Jammu,181205,IN,4462
Tamil Nadu,Madurai,625012,IN,4463
Jammu & Kashmir,Srinagar,190019,IN,4464
Karnataka,Bengaluru,560080,IN,4465
Delhi,Narela Delhi,110040,IN,4466
Karnataka,Mangaluru,575013,IN,4467
Rajasthan,Kotputli,303108,IN,4468
Tamil Nadu,Vikramasingapuram,627428,IN,4469
Punjab,Sangrur,148001,IN,4470
Rajasthan,Nawalgarh,333304,IN,4471
Karnataka,Belagavi,591242,IN,4472
West Bengal,Khardah,700118,IN,4473
Uttar Pradesh,Noida,201313,IN,4474
Kerala,Kunjathur,671323,IN,4475
Telangana,Khammam,507302,IN,4476
Madhya Pradesh,Damoh,470661,IN,4477
Kerala,Chattukappara,670592,IN,4478
Kerala,Edappally,682024,IN,4479
Kerala,Mavoor,673602,IN,4480
Gujarat,Visnagar,384315,IN,4481
Maharashtra,Nagpur,440018,IN,4482
Gujarat,Ahemadabad,380028,IN,4483
Uttarakhand,Bazpur,262401,IN,4484
Karnataka,Vijayapura,562135,IN,4485
Maharashtra,Brahmapuri,441206,IN,4486
Karnataka,Banganlore,560064,IN,4487
Tamil Nadu,Hosur / Krishnagiri District,635103,IN,4488
Tamil Nadu,Tirunelveli,627011,IN,4489
Maharashtra,Kolhapur,416213,IN,4490
Delhi,New Delhi,110040,IN,4491
Uttarakhand,Dehradun,248013,IN,4492
Odisha,Boudh,762016,IN,4493
Manipur,Motbung,795107,IN,4494
Tamil Nadu,Karamadai,641019,IN,4495
West Bengal,Nazra,743375,IN,4496
Kerala,Kannur,670561,IN,4497
Gujarat,Vadodara,391320,IN,4498
Telangana,Tandur,501141,IN,4499
Haryana,Gurugram,122051,IN,4500
Madhya Pradesh,Mandsaur,458002,IN,4501
Uttar Pradesh,Khairabad Mau District,276403,IN,4502
Telangana,Hyderabad,500088,IN,4503
Nagaland,Niuland,797112,IN,4504
West Bengal,Kolkata 700104,700104,IN,4505
Jammu & Kashmir,Anantnag,192101,IN,4506
Punjab,Naya Nangal,140126,IN,4507
Maharashtra,"Baramati,Pune",413102,IN,4508
West Bengal,Bankura,722150,IN,4509
Tamil Nadu,Coimbatore,641001,IN,4510
West Bengal,Ghatal,721212,IN,4511
Uttar Pradesh,Khalilabad,272175,IN,4512
Uttar Pradesh,Hathras,204101,IN,4513
Tamil Nadu,Arasur,641407,IN,4514
Maharashtra,Kamptee,441001,IN,4515
Odisha,Ganjam,760004,IN,4516
Maharashtra,Kolhapur,416505,IN,4517
Andhra Pradesh,Kakinada,533004,IN,4518
Bihar,Gaya,823002,IN,4519
Delhi,Delhi,110084,IN,4520
Andhra Pradesh,Annavaram,533406,IN,4521
Odisha,Dharamgarh,766015,IN,4522
Kerala,Ponjassery Perumbavoor,683547,IN,4523
Maharashtra,"Devgad, Sindhudurg",416811,IN,4524
Kerala,Kattappana,685515,IN,4525
Himachal Pradesh,Bhunter,175125,IN,4526
Assam,Silchar,788005,IN,4527
Andhra Pradesh,Guntur,522111,IN,4528
Bihar,Purnia,854326,IN,4529
Delhi,City,110062,IN,4530
Assam,Nalbari,781353,IN,4531
Tamil Nadu,Vellore,632602,IN,4532
Karnataka,Bidadi,562109,IN,4533
West Bengal,Kolkata,700067,IN,4534
Kerala,Pathanamthitta,689646,IN,4535
Goa,Goa Velha,403104,IN,4536
Madhya Pradesh,Seoni,480888,IN,4537
Karnataka,Gadag,582103,IN,4538
Andhra Pradesh,"Nallapadu, Guntur",522005,IN,4539
Assam,Bokajan,782480,IN,4540
Uttar Pradesh,Lakhimpur,261506,IN,4541
Andhra Pradesh,Tadpatri,515411,IN,4542
Madhya Pradesh,Bhopal,462003,IN,4543
Tamil Nadu,Virudhunagar,626001,IN,4544
Tamil Nadu,Tiruvannamalai,606601,IN,4545
Tamil Nadu,Vellakoil,638111,IN,4546
Andhra Pradesh,"Tekkali, Srikakulam",532201,IN,4547
West Bengal,Birbhum,731213,IN,4548
Tamil Nadu,Aralvaimozhi,629301,IN,4549
Chhattisgarh,Pathalgaon,496118,IN,4550
Karnataka,Haveri,581205,IN,4551
Karnataka,Kolambe,574151,IN,4552
Kerala,Kunnathunad,682303,IN,4553
West Bengal,Bankra,711403,IN,4554
Odisha,"Bhubaneshwar, Odisha",751010,IN,4555
Maharashtra,"Pavnar , Wardha",442111,IN,4556
Tamil Nadu,Kanchipuram,600061,IN,4557
Uttar Pradesh,Kanpur Dehat,209115,IN,4558
Jharkhand,Kiriburu,833223,IN,4559
Kerala,Kollam,691012,IN,4560
Bihar,Banka,813205,IN,4561
Odisha,Berhampur,760004,IN,4562
Tamil Nadu,Sivaganga,630551,IN,4563
Kerala,Chalakudy,680307,IN,4564
Delhi,Delhi,110094,IN,4565
West Bengal,Malda,732209,IN,4566
Uttar Pradesh,Dostpur,228131,IN,4567
Kerala,Pathanamthitta,689691,IN,4568
Karnataka,Gurmatkal,585214,IN,4569
Maharashtra,Dombivli,421203,IN,4570
Jammu & Kashmir,Srinagar,190017,IN,4571
Kerala,Ottappalam,679504,IN,4572
Maharashtra,"Sahar Road, Andheri-East, Mumbai",400069,IN,4573
Goa,Onda,403530,IN,4574
Maharashtra,Near Nahur Railway Station Nahur  East Mumbai,400042,IN,4575
Maharashtra,Mohadi Midc,441909,IN,4576
Kerala,Kozhikode,673029,IN,4577
Uttar Pradesh,Amroha,244221,IN,4578
Uttar Pradesh,Barabanki,225003,IN,4579
Sikkim,Pakyong,737106,IN,4580
Maharashtra,Kolhapur,416006,IN,4581
Kerala,Ottappalam,679102,IN,4582
Andhra Pradesh,Visakhapatnam,530014,IN,4583
Sikkim,Soreng,737121,IN,4584
Kerala,Muvattupuzha,686661,IN,4585
Goa,Marcel,403107,IN,4586
Haryana,Gurugram,122052,IN,4587
Maharashtra,Vashi,400703,IN,4588
Rajasthan,Sawai Madhopur,322001,IN,4589
Maharashtra,Kudus,421312,IN,4590
Kerala,Kumarapuram,690514,IN,4591
Andhra Pradesh,Elchuru,523303,IN,4592
Assam,"Abhayapuri, Bongaigaon",783384,IN,4593
Karnataka,Kundapura,576231,IN,4594
Maharashtra,Supa Midc,414301,IN,4595
Assam,Diphu,782460,IN,4596
Assam,Nalbari,781346,IN,4597
Uttar Pradesh,Bhinga,271831,IN,4598
Kerala,Kannamangalam Alappuzha District,690106,IN,4599
West Bengal,Malda,732202,IN,4600
Maharashtra,Latur,413531,IN,4601
Andhra Pradesh,Guntur,522613,IN,4602
Uttar Pradesh,Muzaffarnagar,251002,IN,4603
West Bengal,Howrah,711105,IN,4604
Kerala,Chowwara,683574,IN,4605
Kerala,Manipuzha Kottayam,686012,IN,4606
Himachal Pradesh,Khairi,176325,IN,4607
Telangana,Chelpur,506168,IN,4608
Rajasthan,Jodhpur,342015,IN,4609
Madhya Pradesh,Dhar,454001,IN,4610
Maharashtra,Solapur,413004,IN,4611
Haryana,Pundri,136042,IN,4612
Maharashtra,Nallasopara (East),401209,IN,4613
Andhra Pradesh,Hyderabad,500008,IN,4614
Andhra Pradesh,Rajahmundry,533107,IN,4615
Assam,Guwahati,781038,IN,4616
Odisha,Baripada,757107,IN,4617
Punjab,Fatehgarh Panjtoor,142043,IN,4618
Uttar Pradesh,Gonda,271202,IN,4619
Tamil Nadu,Avinashi,641654,IN,4620
Uttar Pradesh,Ambedkar Nagar,224147,IN,4621
Tamil Nadu,Namakkal,637003,IN,4622
Karnataka,Mudigere,577132,IN,4623
Maharashtra,Kalyan-Dombivli,421202,IN,4624
Bihar,Patna,800027,IN,4625
Uttar Pradesh,Greater Noida,201312,IN,4626
Odisha,Anugul,759122,IN,4627
Tamil Nadu,Chennai,600124,IN,4628
West Bengal,Sagar,743373,IN,4629
Karnataka,Mandya,571448,IN,4630
Karnataka,Bengaluru,560089,IN,4631
Bihar,Vaishali,844124,IN,4632
Maharashtra,Khalapur,410203,IN,4633
Himachal Pradesh,Kangra,176115,IN,4634
Kerala,Vadakara,673105,IN,4635
Karnataka,Puttur,574230,IN,4636
Kerala,Changanacherry,686102,IN,4637
Andhra Pradesh,Thatipaka,533249,IN,4638
West Bengal,Kashimnagar,731221,IN,4639
Assam,Dibrugarh,786005,IN,4640
Kerala,Kozhikode,673611,IN,4641
Kerala,Kozhikode,673017,IN,4642
Kerala,Ponkunnam (Kottayam),686506,IN,4643
Kerala,Kollam,691310,IN,4644
Uttar Pradesh,"Madhu Vihar, Lucknow Kanpur Highway",209859,IN,4645
Himachal Pradesh,Dalhousie,176305,IN,4646
Haryana,Jhajjar,124507,IN,4647
Kerala,"Kakkad, Mukkam, Kozhikode",673602,IN,4648
Madhya Pradesh,Guna,473001,IN,4649
Karnataka,Bangalore,560040,IN,4650
Haryana,Rohtak 124001,124001,IN,4651
Kerala,"Kanjirapally, Kottayam",686520,IN,4652
Tamil Nadu,Salem,636007,IN,4653
Goa,Shiroda,403103,IN,4654
West Bengal,Raghunathganj,742235,IN,4655
Kerala,Pathanamthitta,689532,IN,4656
Uttar Pradesh,Musafirkhana,227813,IN,4657
Kerala,Kottayam,686633,IN,4658
Uttar Pradesh,Aligarh,202281,IN,4659
Kerala,Charummoodu,690505,IN,4660
Tamil Nadu,Panruti,607106,IN,4661
Kerala,Puthur,680014,IN,4662
Kerala,Thiruvananthapuram,695023,IN,4663
Andhra Pradesh,Kota,524411,IN,4664
Telangana,Old Alwal  Secunderabad,500010,IN,4665
West Bengal,Basudebpur Purba Medinipur District,721422,IN,4666
Jharkhand,Jamshedpur,832110,IN,4667
Kerala,Calicut,673633,IN,4668
West Bengal,Kharagpur,721302,IN,4669
Tamil Nadu,Madurai,625702,IN,4670
Rajasthan,Nagaur,341001,IN,4671
West Bengal,Serampore,712203,IN,4672
Madhya Pradesh,Itarsi,461111,IN,4673
Chhattisgarh,Gobra Nawapara,493881,IN,4674
Madhya Pradesh,Kareli,487221,IN,4675
West Bengal,Kolkata,700030,IN,4676
Telangana,Yellandu,507123,IN,4677
Karnataka,Udupi,576102,IN,4678
Tamil Nadu,Chennai,600019,IN,4679
Assam,Silchar,788009,IN,4680
Jammu & Kashmir,Srinagar,191101,IN,4681
Maharashtra,Dombivli East,421204,IN,4682
Kerala,Alamcode Malappuram District,679585,IN,4683
Madhya Pradesh,Pachmarhi,461881,IN,4684
Assam,Rangia,781354,IN,4685
Bihar,Biharsharif,803118,IN,4686
Rajasthan,Jodhpur,342011,IN,4687
Karnataka,Bengaluru South,560037,IN,4688
Karnataka,Bangalore,560005,IN,4689
Haryana,Milakpur,127032,IN,4690
Maharashtra,Nagbhid,441205,IN,4691
Assam,Guwahati,781040,IN,4692
Uttar Pradesh,Bindki,212631,IN,4693
Arunachal Pradesh,Itanagar,791109,IN,4694
Kerala,Trikaripur,671349,IN,4695
Kerala,Adinad,690542,IN,4696
Karnataka,Hospet,583201,IN,4697
Telangana,Malkajgiri,500047,IN,4698
Himachal Pradesh,Mandi,175021,IN,4699
Kerala,Thodupuzha,685583,IN,4700
Maharashtra,Pune,411018,IN,4701
Uttar Pradesh,Bareilly,243002,IN,4702
Maharashtra,Shevgaon,414502,IN,4703
Goa,Benaulim,403716,IN,4704
Kerala,Elappara,685501,IN,4705
Delhi,South West Delhi,110016,IN,4706
Bihar,Araria,854311,IN,4707
Telangana,Dharmapuri,505425,IN,4708
Kerala,Palakkad,678631,IN,4709
Odisha,Talcher,759100,IN,4710
West Bengal,Jalpaiguri,735101,IN,4711
Kerala,Cochin,682002,IN,4712
Bihar,Buxar,802103,IN,4713
Meghalaya,Shillong,793005,IN,4714
Karnataka,Mangaluru,575004,IN,4715
Kerala,Bathery,673596,IN,4716
Kerala,Kodakara,680684,IN,4717
Meghalaya,Shillong,793009,IN,4718
Kerala,Kannamangalam Alappuzha District,690103,IN,4719
Maharashtra,Chandrapur,442402,IN,4720
Goa,Nuvem,403604,IN,4721
Tamil Nadu,Arakonam,631001,IN,4722
Kerala,Ernakulam,682506,IN,4723
Gujarat,Jamnagar,361140,IN,4724
Kerala,Palakkad,678506,IN,4725
Madhya Pradesh,Murwara Katni,483501,IN,4726
Kerala,Kollam,691007,IN,4727
Andhra Pradesh,Kadapa,516390,IN,4728
Uttarakhand,Bahadrabad Gas Plant Haridwar,249403,IN,4729
Karnataka,Bangalore,560045,IN,4730
Uttar Pradesh,Bareilly,243003,IN,4731
Tamil Nadu,Erode,638011,IN,4732
Bihar,Pareo,802160,IN,4733
Tamil Nadu,Kanniyakumari,629851,IN,4734
Manipur,Imphal,795010,IN,4735
Puducherry,Puducherry,605011,IN,4736
Jammu & Kashmir,Jammu,180012,IN,4737
Kerala,Cherthala,688531,IN,4738
Haryana,Gurugram,122008,IN,4739
Jharkhand,Khunti,835210,IN,4740
Karnataka,Haveri,581110,IN,4741
Madhya Pradesh,Betul,460447,IN,4742
Telangana,Secunderabad.,500015,IN,4743
Madhya Pradesh,Jamai,480551,IN,4744
Andhra Pradesh,Guntur  District,522265,IN,4745
Tamil Nadu,Tirunelveli,627007,IN,4746
Bihar,Barbigha,811101,IN,4747
Kerala,Kanhirode,670592,IN,4748
Chhattisgarh,Raipur,492008,IN,4749
Tamil Nadu,Vazhapadi,636111,IN,4750
Karnataka,Bengaluru,560074,IN,4751
Haryana,Nuh,122107,IN,4752
Madhya Pradesh,Shahdol,484114,IN,4753
Telangana,Hyderabad,502336,IN,4754
Karnataka,Bangalore,560084,IN,4755
Haryana,Bhiwani,127020,IN,4756
Tamil Nadu,Salem,636302,IN,4757
Karnataka,Torangallu,583275,IN,4758
Telangana,Warangal,506004,IN,4759
Telangana,Hyderabad,500077,IN,4760
Maharashtra,Nashik,422012,IN,4761
Maharashtra,Mumbai 400070,400070,IN,4762
Andhra Pradesh,Challapalle,521126,IN,4763
Kerala,Kozhikode,673020,IN,4764
Kerala,Thiruvananthapuram,695008,IN,4765
Kerala,Pantheeramkavu,673019,IN,4766
Uttar Pradesh,Shahjahanpur,242127,IN,4767
Karnataka,Karkal,574110,IN,4768
Tamil Nadu,Virudhunagar,626117,IN,4769
Himachal Pradesh,53Miles,176056,IN,4770
Karnataka,Mysore,570004,IN,4771
Tamil Nadu,"Mudichur,Chennai",600048,IN,4772
Gujarat,Navsari,396450,IN,4773
Maharashtra,Pune,412202,IN,4774
Uttar Pradesh,"Mondh , Bhadohi",221406,IN,4775
Tamil Nadu,Ambattur,600053,IN,4776
Telangana,Secundrabad,500061,IN,4777
Tamil Nadu,Muniyappan Kovil,637303,IN,4778
Odisha,Cuttack,754021,IN,4779
Madhya Pradesh,Sehore,466001,IN,4780
Tamil Nadu,Tiruppur,641652,IN,4781
West Bengal,Hooghly,712248,IN,4782
Jharkhand,Jamshedpur,831002,IN,4783
Tamil Nadu,Coimbatore 641041,641041,IN,4784
Bihar,Bakhri,848201,IN,4785
West Bengal,Murshidabad,742226,IN,4786
Sikkim,Gangtok,737102,IN,4787
Maharashtra,Sangole,413309,IN,4788
Tamil Nadu,Chennai -600053,600053,IN,4789
Kerala,Kanhangad,671314,IN,4790
Assam,Guwahati,781037,IN,4791
Punjab,Zira,142047,IN,4792
Kerala,Alangad,683511,IN,4793
West Bengal,Berhampore,742149,IN,4794
Uttar Pradesh,Dhanaura,244231,IN,4795
Karnataka,Udupi,576107,IN,4796
Tamil Nadu,"Pudupakkam Village, Siruseri",603103,IN,4797
Jharkhand,Jadugora,832102,IN,4798
Kerala,"Kattanam  , Allepy",690503,IN,4799
Delhi,New Delhi,110071,IN,4800
Karnataka,Siruguppa,583121,IN,4801
Kerala,Ernakulam,683562,IN,4802
Karnataka,Bengaluru 560064,560064,IN,4803
Madhya Pradesh,Sagar,470001,IN,4804
Uttar Pradesh,Tundla Kham,283204,IN,4805
Bihar,"Hajipur, Vaishali",844101,IN,4806
Karnataka,Thimmarayagowda Layout Banashankari 3Rd Statge,560085,IN,4807
Uttar Pradesh,Karwi,210205,IN,4808
Madhya Pradesh,Bhopal,462021,IN,4809
Maharashtra,Kudal,416520,IN,4810
Rajasthan,Kota,324008,IN,4811
Rajasthan,Riico Industrial Area Gudli,313201,IN,4812
Rajasthan,Jaipur,303301,IN,4813
West Bengal,Kolkata,700110,IN,4814
Maharashtra,Kharghar,410210,IN,4815
Maharashtra,Kalyan West,421311,IN,4816
Tamil Nadu,Chengalpattu,603003,IN,4817
Kerala,Vythiri,673591,IN,4818
Tamil Nadu,Andipatti,625512,IN,4819
Kerala,Palakkad,678007,IN,4820
West Bengal,Uttar Kamakhyaguri,736202,IN,4821
Uttar Pradesh,Jhansi,284128,IN,4822
Kerala,Cochin,682024,IN,4823
Karnataka,Mangaluru,575008,IN,4824
Haryana,Ismailabad,136129,IN,4825
Gujarat,Khambhat,388620,IN,4826
Uttarakhand,Kaladhungi,263139,IN,4827
Madhya Pradesh,Maihar,485771,IN,4828
Kerala,Kochi,682507,IN,4829
Uttar Pradesh,Nawabganj,225204,IN,4830
Tamil Nadu,Perambakkam,631402,IN,4831
Haryana,Gurugram,122005,IN,4832
Maharashtra,Talasari,401606,IN,4833
Rajasthan,Rajsamand,313329,IN,4834
Tamil Nadu,Pollachi,642104,IN,4835
Maharashtra,Amravati,444607,IN,4836
Punjab,Nawanshahr,144514,IN,4837
Tamil Nadu,Mettur,636401,IN,4838
Goa,Panaji,403004,IN,4839
Karnataka,Bangarapet,563114,IN,4840
West Bengal,Chitranjan,713331,IN,4841
Rajasthan,Bharatpur,321001,IN,4842
Maharashtra,Thane (W),400610,IN,4843
Maharashtra,Vasind,421601,IN,4844
Kerala,"Perunna, Changanacherry, Kottayam",686102,IN,4845
Tamil Nadu,Tiruvallur,600060,IN,4846
Maharashtra,Dindori,422202,IN,4847
Kerala,Thalore Thrissur,680306,IN,4848
Uttar Pradesh,Kanpur,208023,IN,4849
Goa,South Goa,403604,IN,4850
Chhattisgarh,Raipur,492004,IN,4851
Goa,Quepem,403705,IN,4852
Maharashtra,Thane Mumbai,401107,IN,4853
Tamil Nadu,Tuticorin,628101,IN,4854
Kerala,Kottayam,686010,IN,4855
Jharkhand,Baharagora,832101,IN,4856
West Bengal,Salbani,721132,IN,4857
Karnataka,Hukeri,591309,IN,4858
Gujarat,Kandla,370210,IN,4859
Andhra Pradesh,Vijayawada,521101,IN,4860
Telangana,Warangal,506349,IN,4861
Haryana,Kalka,133302,IN,4862
Gujarat,Ahmedabad,382455,IN,4863
Punjab,Garhshankar,144532,IN,4864
Rajasthan,Jhalrapatan,326023,IN,4865
Andhra Pradesh,Naidupeta,524126,IN,4866
Maharashtra,Tathawade  Pune,411033,IN,4867
Kerala,Thrikakara,682021,IN,4868
Andhra Pradesh,Nidadavole,534301,IN,4869
Kerala,Thrissur,680501,IN,4870
West Bengal,Khardaha,700112,IN,4871
West Bengal,Khardaha,700117,IN,4872
Uttarakhand,Dehradun,248197,IN,4873
Kerala,Kanjikode Industrial Area,678623,IN,4874
Uttarakhand,Haldwani District Nainital,263139,IN,4875
Andhra Pradesh,Kothapalle,533447,IN,4876
Uttar Pradesh,Varanasi,221004,IN,4877
Kerala,Panachikkad,686531,IN,4878
Karnataka,Deralakatte,575018,IN,4879
Uttar Pradesh,Mirzapur,231304,IN,4880
Telangana,Madhira,507203,IN,4881
Uttar Pradesh,Sikandra Rao,204215,IN,4882
Assam,Guwahatiguwahati,781005,IN,4883
Odisha,Baripada,757001,IN,4884
Gujarat,Ahmedabad 380014,380014,IN,4885
Maharashtra,Ahmednagar,414003,IN,4886
Telangana,"Hanamkonda, Warangal Urban",506001,IN,4887
Delhi,New Delhi,110066,IN,4888
Kerala,Konni,689691,IN,4889
Kerala,Kanjirapilly,686508,IN,4890
Uttar Pradesh,Lucknow,226023,IN,4891
Maharashtra,Khanapur,415307,IN,4892
Chhattisgarh,Raipur,492015,IN,4893
Uttar Pradesh,Kosi Kalan,281403,IN,4894
Bihar,Jamalpur,811214,IN,4895
West Bengal,Rampurhat Ii,731217,IN,4896
Gujarat,Jamnagar,361008,IN,4897
Maharashtra,Murum,413605,IN,4898
Maharashtra,"Vashi, New Mumbai.",400703,IN,4899
Kerala,Trivandurm,695023,IN,4900
Assam,Haflong,788819,IN,4901
Goa,Panjim,403521,IN,4902
Andhra Pradesh,Amalapuram,533210,IN,4903
Maharashtra,Mumbai,400615,IN,4904
Tamil Nadu,Pallikoda,635809,IN,4905
Tamil Nadu,Ponnamaravathi,622407,IN,4906
Maharashtra,Pandharpur,413304,IN,4907
Andhra Pradesh,Bheemunipatnam,531163,IN,4908
Karnataka,Mysuru,570028,IN,4909
Andhra Pradesh,"Khandavalli, Peravali Mandal, West Godavari",534330,IN,4910
Gujarat,Gandhinagar,382421,IN,4911
Maharashtra,"Thane West ,Majiwade",400601,IN,4912
Andhra Pradesh,Chirala,523157,IN,4913
Andhra Pradesh,Parvathipuram,535522,IN,4914
Punjab,Goraya,144409,IN,4915
Tamil Nadu,Coimbatore,641036,IN,4916
Gujarat,Changodar Gidc,382213,IN,4917
Bihar,Chakia,845412,IN,4918
Maharashtra,Pune,410501,IN,4919
Telangana,Farooqnagar,509216,IN,4920
Kerala,North Kalamassery,683104,IN,4921
Bihar,Bodh Gaya,824231,IN,4922
Rajasthan,Alwar,301410,IN,4923
Telangana,Nizamabad,503245,IN,4924
Telangana,Hyderabad,502300,IN,4925
Tamil Nadu,Chennai,600084,IN,4926
Kerala,Thiruvalla,689106,IN,4927
Tamil Nadu,Nilakkottai,624208,IN,4928
Tamil Nadu,Bhavanisagar,638451,IN,4929
West Bengal,Bhadreswar,712139,IN,4930
Chhattisgarh,Bhilai,490026,IN,4931
Haryana,Gurugram,122012,IN,4932
Bihar,Ntpc Barh Township,803213,IN,4933
Himachal Pradesh,Kangra,176029,IN,4934
Telangana,Wanaparthy,509103,IN,4935
Andhra Pradesh,Nellore,524346,IN,4936
Himachal Pradesh,Rampur,172001,IN,4937
Odisha,Khordha,752057,IN,4938
Kerala,Kodungallur,680667,IN,4939
Telangana,Warangal Urban,506370,IN,4940
Rajasthan,Surajgarh,333029,IN,4941
West Bengal,Ghatal,721148,IN,4942
Kerala,Puthunagaram,678505,IN,4943
West Bengal,Kolkata,700012,IN,4944
Kerala,Thrissur,680691,IN,4945
Maharashtra,Kolhapur,416007,IN,4946
Maharashtra,Virar (W),401303,IN,4947
Kerala,Kochi,682023,IN,4948
Karnataka,Yellapur,581359,IN,4949
Haryana,Matenhail,124106,IN,4950
West Bengal,Kolkata  39,700039,IN,4951
Karnataka,Udupi,576115,IN,4952
Tamil Nadu,Velur,638182,IN,4953
Uttar Pradesh,Gauriganj,227409,IN,4954
Uttar Pradesh,Raebareli,229122,IN,4955
Tamil Nadu,Chennai,600052,IN,4956
Odisha,Padmapur,765025,IN,4957
Maharashtra,Jalna,431213,IN,4958
Punjab,Jalalabad,152024,IN,4959
Odisha,Baleshwar,756001,IN,4960
Maharashtra,Mumbai,400709,IN,4961
Assam,Sibsagar,785681,IN,4962
Bihar,Areraj,845411,IN,4963
Kerala,Ernakulam,683575,IN,4964
Tamil Nadu,Karaikkudi,630307,IN,4965
Andhra Pradesh,Tirupati,517520,IN,4966
Telangana,Shankarampet A,502271,IN,4967
Maharashtra,Pune-411014,411014,IN,4968
Kerala,Peruvallur,673638,IN,4969
Maharashtra,Navi Mumbai,400710,IN,4970
Bihar,Patna,803213,IN,4971
West Bengal,Sodpur,700113,IN,4972
Uttar Pradesh,Hapur,245101,IN,4973
Chhattisgarh,Lawan,493526,IN,4974
Kerala,Palakkad,679533,IN,4975
Kerala,Wadakkanchery,680589,IN,4976
Kerala,Vallapuzha Palakkad,679336,IN,4977
Andhra Pradesh,"Kurnool, India",518004,IN,4978
Uttarakhand,Kathgodam,263126,IN,4979
Kerala,Kottayam,686019,IN,4980
Maharashtra,Mumbai,401101,IN,4981
Maharashtra,Kamothe,410209,IN,4982
Andhra Pradesh,"Mangalam, Tirupati",517507,IN,4983
Odisha,Jamda,757045,IN,4984
Maharashtra,Aurangabad,431006,IN,4985
Odisha,Chikiti,761010,IN,4986
Telangana,Khammam,507166,IN,4987
West Bengal,Ichhapur,743144,IN,4988
Karnataka,Chintamani,563128,IN,4989
Bihar,Madhubani,847212,IN,4990
Meghalaya,Shillong,793003,IN,4991
Maharashtra,Dhule,425422,IN,4992
Haryana,Gurgaon,122015,IN,4993
Maharashtra,Kolhapur,416104,IN,4994
Tamil Nadu,Coimbatore,641653,IN,4995
Uttar Pradesh,Shamli,247776,IN,4996
Tamil Nadu,Kailasagiri,635808,IN,4997
Gujarat,Mahesana,384002,IN,4998
Jammu & Kashmir,Jammu,180006,IN,4999
Jammu & Kashmir,Baramula,193101,IN,5000
Karnataka,Vijapura,586109,IN,5001
Kerala,Quilandy,673305,IN,5002
Karnataka,Kundapura,576201,IN,5003
Andhra Pradesh,Devarapalli,534313,IN,5004
Madhya Pradesh,Mandla,481665,IN,5005
Karnataka,Bangalore,560064,IN,5006
Assam,Dibrugarh,786003,IN,5007
Chhattisgarh,Dantewada,494449,IN,5008
Maharashtra,Khamgaon,444303,IN,5009
Uttar Pradesh,Siana,203412,IN,5010
Kerala,Mavoor,673008,IN,5011
Odisha,Bargarh,768052,IN,5012
Meghalaya,East Khasi Hills,793018,IN,5013
Jammu & Kashmir,Jammu,181133,IN,5014
Bihar,Masaurhi,804452,IN,5015
Maharashtra,Baramati,413102,IN,5016
Assam,Dergaon,785614,IN,5017
Bihar,Paharpur,845458,IN,5018
Andhra Pradesh,Kovvuru,534350,IN,5019
Telangana,Nirmal,504106,IN,5020
Tamil Nadu,Madurai,625001,IN,5021
Telangana,Gadwal,509125,IN,5022
Haryana,Meham Distt. Rohtak,124112,IN,5023
Karnataka,Sanoor,574114,IN,5024
Punjab,Kapurthala,144601,IN,5025
Kerala,Naduvannur  Kozhikode (District )Balussery(Town),673614,IN,5026
Tamil Nadu,Salem,637501,IN,5027
Maharashtra,Pimpalgaon,422209,IN,5028
Manipur,Imphal East,795001,IN,5029
Maharashtra,Pune,411034,IN,5030
Jharkhand,Madhupur,815353,IN,5031
Kerala,Pathanamthitta,689672,IN,5032
Uttar Pradesh,Mahoba,210427,IN,5033
Kerala,Thrissur Dt,680751,IN,5034
Kerala,"Elakamon, Varkala",695310,IN,5035
Kerala,"Feroke,Calicut",673631,IN,5036
Tamil Nadu,Mulagumudu,629167,IN,5037
Maharashtra,Khanivali,421312,IN,5038
Kerala,Kalamassery,682022,IN,5039
Maharashtra,Navi Mumbai,412210,IN,5040
Uttar Pradesh,Mainpuri,205001,IN,5041
Kerala,Changanacherry,686104,IN,5042
Kerala,Edavilangu,680664,IN,5043
Tamil Nadu,Porayar,609307,IN,5044
Punjab,Jalandhar,144006,IN,5045
Haryana,Assandh,132039,IN,5046
Maharashtra,Nanded,431709,IN,5047
Telangana,Pebbair,509104,IN,5048
Himachal Pradesh,Shimla,171003,IN,5049
Odisha,Phulabani,762001,IN,5050
Karnataka,Bengaluru,562106,IN,5051
Tamil Nadu,Ranipettai,632401,IN,5052
Andhra Pradesh,West Godavari,534235,IN,5053
Kerala,"South Kalamassery, Ernakulam",682033,IN,5054
Delhi,Delhi,110027,IN,5055
Madhya Pradesh,Guna,473287,IN,5056
Andhra Pradesh,Ponnekallup,522018,IN,5057
Uttar Pradesh,Gautam Budha Nagar,201008,IN,5058
Maharashtra,Ambarnath,421505,IN,5059
Kerala,Perinthalmanna,679325,IN,5060
Maharashtra,Supane,415114,IN,5061
Karnataka,Dharwad,580008,IN,5062
Telangana,Medak,502277,IN,5063
Tamil Nadu,Tirunelveli,627004,IN,5064
Kerala,Thrissur,680614,IN,5065
Assam,Rangapara,784101,IN,5066
Odisha,Kendrapara,754227,IN,5067
Kerala,Thrissur,680564,IN,5068
West Bengal,Kalyani,741234,IN,5069
Uttar Pradesh,Naugarh,272207,IN,5070
Jammu & Kashmir,Srinagar,190007,IN,5071
Karnataka,Kundgol,581113,IN,5072
Karnataka,Mulgund,582117,IN,5073
Telangana,Bhongir,508116,IN,5074
Kerala,Vazhayur,673633,IN,5075
Kerala,Perumbavoor,683545,IN,5076
Kerala,Thrissur,680655,IN,5077
Himachal Pradesh,"Mohli, Dharamshala",176215,IN,5078
Tamil Nadu,Neyveli,607803,IN,5079
Haryana,Sonipat,131027,IN,5080
Kerala,Adoor,691551,IN,5081
Kerala,Kunnamkulam,680542,IN,5082
Tamil Nadu,"Kottaram, Kanyakumari",629703,IN,5083
Bihar,Nawada,805126,IN,5084
Rajasthan,Jaipur,302031,IN,5085
Karnataka,Satagalli 1St Stage,570019,IN,5086
Kerala,Thrissur,680004,IN,5087
Punjab,Rampura Phul,151103,IN,5088
West Bengal,Haora,711104,IN,5089
Kerala,Thrissur,680306,IN,5090
Tamil Nadu,Tiruvethipuram,604407,IN,5091
Kerala,"Peringara P O,Tiruvalla",689108,IN,5092
Haryana,Ladwa State- Kurukshetra,136132,IN,5093
Tamil Nadu,Courtalam,627818,IN,5094
Kerala,Palakkad,678681,IN,5095
Kerala,Padiyam,680612,IN,5096
Karnataka,Bengaluru East,560087,IN,5097
Odisha,"Rourkela , Dist - Sundargarh",769002,IN,5098
Jharkhand,Godda,814133,IN,5099
Karnataka,Harugeri,591220,IN,5100
Delhi,New Delhi 110016,110016,IN,5101
Uttar Pradesh,Baraut,250611,IN,5102
Andhra Pradesh,East Godavari,533003,IN,5103
Andhra Pradesh,Ibrahimpatnam,521456,IN,5104
Chhattisgarh,Korba,495677,IN,5105
Kerala,Pariyaram,670503,IN,5106
Karnataka,Ambikanagara,581363,IN,5107
Uttar Pradesh,Pratapgarh,230139,IN,5108
Maharashtra,Ratnagiri,415602,IN,5109
Karnataka,Madikeri,571248,IN,5110
Tamil Nadu,Vellore,632514,IN,5111
Uttar Pradesh,Pilkhuwa,245304,IN,5112
Chhattisgarh,Bhilai Durg,490006,IN,5113
Bihar,Birpur,854340,IN,5114
Chhattisgarh,Ramanujganj,497220,IN,5115
Andhra Pradesh,Atchutapuram Apsez,531011,IN,5116
Maharashtra,Mumbai - 400062,400062,IN,5117
Maharashtra,Ambernath East Dist Thane,421501,IN,5118
Karnataka,Bantval,574231,IN,5119
Karnataka,Basavakalyan,585327,IN,5120
Rajasthan,Dungarpur,314406,IN,5121
Himachal Pradesh,Hamirpur,177001,IN,5122
Karnataka,Tumkur,572106,IN,5123
Madhya Pradesh,Anuppur,484887,IN,5124
Odisha,Barapali,768029,IN,5125
Maharashtra,Thane,401203,IN,5126
Maharashtra,Nagpur,440005,IN,5127
Karnataka,Alur,573213,IN,5128
Karnataka,Hubli,580030,IN,5129
Maharashtra,Dhule,424005,IN,5130
Maharashtra,Chinchani,401103,IN,5131
Arunachal Pradesh,Tezu,792001,IN,5132
Maharashtra,Wardha,442102,IN,5133
Kerala,Ernakulam District,683518,IN,5134
Maharashtra,Arvi Wardha,442201,IN,5135
Kerala,Alappuzha,688532,IN,5136
Karnataka,Naranapura,577547,IN,5137
Tamil Nadu,Madurai- 625004,625004,IN,5138
Uttar Pradesh,Khurja(Bulandshar),203131,IN,5139
Uttar Pradesh,Chandausi,244412,IN,5140
Madhya Pradesh,Indore,452002,IN,5141
Bihar,Paria,811211,IN,5142
Uttar Pradesh,Allahabad,211013,IN,5143
Madhya Pradesh,Indore,452003,IN,5144
Tamil Nadu,Salem,636001,IN,5145
Kerala,Kollam,691502,IN,5146
Kerala,Kunnathur,690540,IN,5147
West Bengal,"Barrackpore , Kolkata",700120,IN,5148
Assam,Jorhat,785616,IN,5149
Himachal Pradesh,Gagret,177201,IN,5150
Andhra Pradesh,Chagallu,534342,IN,5151
Tamil Nadu,Coimbatore,641016,IN,5152
Maharashtra,"Raigarh, Navi Mumbai",410210,IN,5153
Uttar Pradesh,Unnao,209867,IN,5154
Maharashtra,Dahivadi,415508,IN,5155
Tamil Nadu,Uthamapalayam,625533,IN,5156
Telangana,Range Reddy Dist,500091,IN,5157
Karnataka,Somvarpet,571236,IN,5158
Gujarat,Vadodara,390004,IN,5159
Maharashtra,"Khadki,Pune",411003,IN,5160
Assam,Sibsagar,785697,IN,5161
Uttar Pradesh,Belthara Road,221715,IN,5162
Jharkhand,Balumath,829202,IN,5163
Maharashtra,Pandharkaoda,445302,IN,5164
Karnataka,Bangalore,560058,IN,5165
Jammu & Kashmir,Vijay Pore,184120,IN,5166
Karnataka,Bagalkot,587101,IN,5167
Uttar Pradesh,Ambedkar Nagar,224168,IN,5168
West Bengal,Kolkata,700081,IN,5169
Gujarat,Ankleshwar,393002,IN,5170
Uttar Pradesh,Agra,283119,IN,5171
Gujarat,Unjha,384170,IN,5172
Maharashtra,Kalyan (East),421306,IN,5173
Tamil Nadu,Vengathur,602002,IN,5174
Madhya Pradesh,Mandideep,462046,IN,5175
Andhra Pradesh,Vijayawada,521130,IN,5176
Gujarat,Okhaport,361350,IN,5177
Andaman and Nicobar Islands,Bambooflat,744107,IN,5178
West Bengal,Haldia,721645,IN,5179
Tamil Nadu,Tenkasi,627855,IN,5180
Odisha,Basudebpur/Bhadrak,756125,IN,5181
Andhra Pradesh,Nellore,524305,IN,5182
Punjab,Jalandhar,144009,IN,5183
Telangana,Hyderabad,502305,IN,5184
Puducherry,Pillaiarkuppam,607402,IN,5185
Jammu & Kashmir,Jammu,181132,IN,5186
Odisha,Majhihara,752103,IN,5187
Tamil Nadu,Dindigul,624003,IN,5188
Andhra Pradesh,Kakinada,533016,IN,5189
Kerala,Kuruppapady (Via),683545,IN,5190
Tamil Nadu,Rajapalayam Virudhunagar District,626117,IN,5191
West Bengal,Kolkata 700039,700039,IN,5192
Kerala,Kakkodi,673611,IN,5193
Maharashtra,Ulhasnagar 4,421004,IN,5194
Uttar Pradesh,"Gautam Budh Nagar , Noida",201304,IN,5195
Tamil Nadu,Coimbatore,641014,IN,5196
Odisha,"Po-Jagannathpur,Phulnakhra Dist-Khurda",754001,IN,5197
Telangana,Inderavelly,504346,IN,5198
Tamil Nadu,Rasipuram,637408,IN,5199
Bihar,Bihar Sharif,803107,IN,5200
Chhattisgarh,Durg,490020,IN,5201
Tamil Nadu,Narasingapuram Vellore District,632515,IN,5202
Uttar Pradesh,Derapur,209301,IN,5203
Karnataka,Chikkamagaluru,577102,IN,5204
Telangana,"Hyderabad,Rangareddy",500039,IN,5205
Uttar Pradesh,Faizabad,224121,IN,5206
Uttar Pradesh,Gursahaiganj,209722,IN,5207
Gujarat,Surat,394515,IN,5208
Gujarat,Mithapur,361345,IN,5209
West Bengal,"Rajarhaat , Kolkata",700136,IN,5210
Bihar,Bihta,801103,IN,5211
Gujarat,Ahmedabad,380026,IN,5212
Rajasthan,Udaipur,313024,IN,5213
Jammu & Kashmir,Pampore,192121,IN,5214
Andhra Pradesh,Anakapalle,531001,IN,5215
Tamil Nadu,Ilampillai,637502,IN,5216
Delhi,New Delhi,110061,IN,5217
Kerala,Malappuram,676317,IN,5218
Kerala,Kottuvally,683518,IN,5219
Karnataka,Bangalore,560033,IN,5220
Kerala,Adoor,691552,IN,5221
Tamil Nadu,Narasingapuram Vellore District,632406,IN,5222
West Bengal,Kalchini,735217,IN,5223
Assam,Silchar,788015,IN,5224
West Bengal,Kolkata,700105,IN,5225
West Bengal,South 24 Parganas,700152,IN,5226
Odisha,Mayurbhanj,757035,IN,5227
Assam,Margherita,786181,IN,5228
Himachal Pradesh,Dharmsala,176215,IN,5229
Andhra Pradesh,Hyderabad,500001,IN,5230
Odisha,Anugul,759111,IN,5231
Karnataka,Uppinangady,574241,IN,5232
Maharashtra,Bhayander (Easy),401105,IN,5233
Kerala,"Koyilandy, Kozhikode",673620,IN,5234
Andhra Pradesh,Vishakhapatnam,530046,IN,5235
Jharkhand,Dhanbad,828116,IN,5236
Tamil Nadu,Karaikkudi,630002,IN,5237
Rajasthan,Kota,324009,IN,5238
Maharashtra,Vaijapur,423701,IN,5239
Karnataka,Gubbi,572216,IN,5240
Uttar Pradesh,Jalalabad Shamli District,247772,IN,5241
Karnataka,Raichur-584101,584101,IN,5242
Karnataka,Kaikamba,574151,IN,5243
Gujarat,Surendranagar,363002,IN,5244
Maharashtra,Hingoli,431513,IN,5245
Jharkhand,Kharkhari,828125,IN,5246
Tamil Nadu,Tiruchirappalli,620012,IN,5247
Telangana,Khammam,507208,IN,5248
Karnataka,Udupi,574105,IN,5249
Tamil Nadu,Tiruvannamalai,606604,IN,5250
Andhra Pradesh,Gampalagudem,521401,IN,5251
Telangana,Musheerabad,500020,IN,5252
Chhattisgarh,"Durg, Bhilai",490009,IN,5253
Karnataka,Murugeshpalya Bangalore,560017,IN,5254
Kerala,Ernakulam,682307,IN,5255
Tamil Nadu,Pazhugal,629153,IN,5256
Bihar,Sitamarhi,843302,IN,5257
Rajasthan,Sambhar,303604,IN,5258
West Bengal,Asansol,713302,IN,5259
Karnataka,Bagalkot,587103,IN,5260
Maharashtra,Bhatkuli,444801,IN,5261
Andaman and Nicobar Islands,Goalghar Port Blair,744101,IN,5262
Punjab,Abohar,152116,IN,5263
Maharashtra,Miraj,416410,IN,5264
Maharashtra,Nanded Maharashtra,431604,IN,5265
Kerala,Kayankulam,690501,IN,5266
Maharashtra,Kalyan,400612,IN,5267
Kerala,Puthukkad,680302,IN,5268
Kerala,Ongallur I,679336,IN,5269
Tamil Nadu,Karur,639005,IN,5270
Tamil Nadu,Ramanathapuram,623518,IN,5271
West Bengal,Asansol,713340,IN,5272
Uttar Pradesh,Nautanwa,273164,IN,5273
Tripura,Agartala,799005,IN,5274
Rajasthan,Ladnu,341306,IN,5275
Kerala,Kasaragod,671123,IN,5276
Assam,Dhaligaon,783385,IN,5277
Goa,Valpoi,403506,IN,5278
Kerala,Thrissur,680631,IN,5279
Maharashtra,Latur,413514,IN,5280
Rajasthan,Rajsamand,313324,IN,5281
Maharashtra,Wadgaon,416112,IN,5282
West Bengal,Rajar Hat,700059,IN,5283
Odisha,Titlagarh,767033,IN,5284
Kerala,Alappuzha,688008,IN,5285
Karnataka,Kudur,562127,IN,5286
Jammu & Kashmir,Kathua,184104,IN,5287
West Bengal,Bolpur,731204,IN,5288
Tamil Nadu,Kumbakonam,612303,IN,5289
Karnataka,Suntikoppa,571237,IN,5290
Odisha,Bhubaneswar,751009,IN,5291
Andhra Pradesh,Chimakurthy,523226,IN,5292
Gujarat,Bharuch,392015,IN,5293
Gujarat,Ahmedabad,382210,IN,5294
Kerala,Kochi,682024,IN,5295
Uttarakhand,Iie Industrial Estate Tatasu Mazadi,246474,IN,5296
Tamil Nadu,Harur,636903,IN,5297
Dadra and Nagar Haveli and Daman and Diu,Daman,396220,IN,5298
Andhra Pradesh,Iragavaram,534320,IN,5299
Kerala,Kanjirappally,686508,IN,5300
Arunachal Pradesh,Along,791001,IN,5301
Uttar Pradesh,Lucknow,226019,IN,5302
West Bengal,Para,723155,IN,5303
Bihar,Maharajganj,841238,IN,5304
Kerala,Kozhikode,673612,IN,5305
Madhya Pradesh,Bhopal,462010,IN,5306
Tamil Nadu,Thuvakudi,620014,IN,5307
Telangana,Hyderabad,500011,IN,5308
Tamil Nadu,Salem,636005,IN,5309
Kerala,Thiruvalla,689541,IN,5310
West Bengal,Basudebpur Murshidabad District,742224,IN,5311
Punjab,Ludhiana,141112,IN,5312
Kerala,Porathissery,680711,IN,5313
Haryana,City -Dharuhera,123106,IN,5314
Kerala,Neduva,676306,IN,5315
Kerala,Kunnamthanam,689581,IN,5316
Maharashtra,Mumbai -13,400013,IN,5317
Gujarat,Wankaner,363621,IN,5318
Delhi,Delhi,110059,IN,5319
Rajasthan,Pali,306709,IN,5320
Kerala,Trivandrum,695012,IN,5321
Telangana,"Hyderabad, Ranga Reddy",500084,IN,5322
Assam,Hailakandi,788164,IN,5323
West Bengal,Uttar Latabari,735217,IN,5324
Uttar Pradesh,Kushinagar,274302,IN,5325
Chhattisgarh,Vishrampur,497229,IN,5326
Chhattisgarh,Adbhar,495695,IN,5327
Kerala,Palakkad,679513,IN,5328
Karnataka,Karkala,576117,IN,5329
Karnataka,Bengaluru,562162,IN,5330
Tamil Nadu,Thiruvarur,614015,IN,5331
Kerala,Thiruvananthapuram,695606,IN,5332
Andhra Pradesh,Yeleswaram,533429,IN,5333
West Bengal,Silliguri,734001,IN,5334
Punjab,Jalandhar,144003,IN,5335
Tripura,Methermia,799287,IN,5336
West Bengal,Purbo Medinepur,721425,IN,5337
Gujarat,Surat,394105,IN,5338
Haryana,Kosli,123303,IN,5339
Tamil Nadu,Thuraiyur,621010,IN,5340
Tripura,West Tripura,799010,IN,5341
Tamil Nadu,Kolachal,629251,IN,5342
Jharkhand,Ghatshila,832303,IN,5343
Kerala,Kalliyoor,695042,IN,5344
Goa,North Goa,403504,IN,5345
Gujarat,Bhavnagar,364002,IN,5346
Andhra Pradesh,Anantapur,515765,IN,5347
Kerala,Perumbaikad,686008,IN,5348
Kerala,Palakkad,678706,IN,5349
West Bengal,Kolkata,700136,IN,5350
Uttar Pradesh,Rampur,244927,IN,5351
West Bengal,Kolkata,700035,IN,5352
Jammu & Kashmir,Jammu,180003,IN,5353
Maharashtra,"Nerul, Navi Mumbai",400706,IN,5354
West Bengal,New Town,700159,IN,5355
Kerala,Kovalam,695521,IN,5356
Maharashtra,Kurundvad,416106,IN,5357
Punjab,Mukerian,144211,IN,5358
Telangana,Madikonda,506142,IN,5359
Himachal Pradesh,Darlaghat,171102,IN,5360
Karnataka,Navalgund,582208,IN,5361
West Bengal,Malda,732203,IN,5362
Kerala,Kozhikode,673004,IN,5363
Delhi,Delhi,110007,IN,5364
Uttar Pradesh,Akbarpur Near Kanpur,209101,IN,5365
Telangana,Chityala,508254,IN,5366
West Bengal,Jaygaon,736182,IN,5367
Maharashtra,Chincholi Midc,413255,IN,5368
Maharashtra,Virar West,401303,IN,5369
Punjab,Phagwara,144407,IN,5370
Karnataka,Mangaluru,575005,IN,5371
Karnataka,Mysuru,570021,IN,5372
Tamil Nadu,Kangayampalayam,641401,IN,5373
Chhattisgarh,Raipur,492012,IN,5374
Punjab,Kahnuwan (Gurdaspur),143528,IN,5375
Karnataka,Bangalore,560054,IN,5376
Uttar Pradesh,Meerut,250003,IN,5377
West Bengal,Bardhaman,713212,IN,5378
Tamil Nadu,Madurai,625201,IN,5379
Kerala,Thodupuzha,685588,IN,5380
West Bengal,"Sabang, Paschim Medinipur",721144,IN,5381
Bihar,Araria,854332,IN,5382
Maharashtra,Pune,412213,IN,5383
Andhra Pradesh,Endada/Vishaka Patnam,531162,IN,5384
Kerala,Kottayam,686544,IN,5385
Kerala,"Eratupetta,Kottayam(District)",686579,IN,5386
Rajasthan,Alwar,321605,IN,5387
Uttar Pradesh,Bangla Chouraha,273161,IN,5388
Delhi,North West Delhi,110089,IN,5389
Tamil Nadu,Tirupathur Vellore District,635601,IN,5390
West Bengal,Uttar Bagdogra,734012,IN,5391
Tamil Nadu,Coimbatore,641109,IN,5392
Tamil Nadu,Thiruvalam,632519,IN,5393
Madhya Pradesh,Dindori,481880,IN,5394
Tamil Nadu,"Sanganapuram, Tirunelveli District",627114,IN,5395
Tamil Nadu,Karumathampatti,641659,IN,5396
Kerala,Palakkad,678624,IN,5397
Maharashtra,Solapur,413214,IN,5398
Telangana,Mancherial,504302,IN,5399
Karnataka,Bengaluru,562112,IN,5400
Karnataka,Mangaluru,575028,IN,5401
Gujarat,Jamnagar,361007,IN,5402
Assam,Abhayapuri,783384,IN,5403
Kerala,Kochi,682036,IN,5404
Bihar,Samastipur,848130,IN,5405
West Bengal,South 24 Parganas,743376,IN,5406
Bihar,Gopalganj,841441,IN,5407
Andhra Pradesh,Kurnool,518005,IN,5408
Kerala,Aimanam,686015,IN,5409
Kerala,Kochi,682026,IN,5410
Tamil Nadu,Kottakuppam,605101,IN,5411
Jharkhand,Harina,828306,IN,5412
Kerala,"Kakkanad, Kochi",682030,IN,5413
Goa,Tiswadi,403202,IN,5414
Punjab,Rupnagar,140001,IN,5415
West Bengal,Patharberia,743377,IN,5416
Telangana,Kamareddy,503145,IN,5417
Kerala,Thiruvananthapuram,695006,IN,5418
Kerala,Varam,670594,IN,5419
Kerala,Kozhenchery,689533,IN,5420
Delhi,Delhiq,110065,IN,5421
Maharashtra,Panvel,410207,IN,5422
Maharashtra,Kalamboli,410218,IN,5423
Punjab,Patiala,147006,IN,5424
Kerala,Pathanamthitta,689584,IN,5425
Andhra Pradesh,Banaganapalli,518124,IN,5426
West Bengal,Purulia,723130,IN,5427
Tamil Nadu,Swamimalai,612302,IN,5428
Bihar,Samastipur,848207,IN,5429
Kerala,Chiramanangad,680604,IN,5430
Andhra Pradesh,Machilipatnam,521001,IN,5431
Jammu & Kashmir,"Kanipora,Nowgam Srinagar",190015,IN,5432
Jharkhand,Barki Saraiya,825320,IN,5433
Andhra Pradesh,Chebrole Khandrika,534406,IN,5434
Andhra Pradesh,Chittoor,517123,IN,5435
Karnataka,Bengaluru 560020,560020,IN,5436
Telangana,Hanmakonda,505001,IN,5437
Kerala,Chenguvetty,676501,IN,5438
Andhra Pradesh,Kurnool,518221,IN,5439
Puducherry,Pondicherry,605013,IN,5440
Andhra Pradesh,Gopalapuram,534316,IN,5441
Andhra Pradesh,Vissannapet,521215,IN,5442
Karnataka,Dod Ballapur,561203,IN,5443
Delhi,Delhi,110087,IN,5444
Arunachal Pradesh,Pasighat,791102,IN,5445
Madhya Pradesh,"Sundrel,  Dhar District",454552,IN,5446
Goa,Pirna,403513,IN,5447
Uttar Pradesh,Barhalganj,273402,IN,5448
Kerala,Tripunithura,682301,IN,5449
Chhattisgarh,Bhilai,490011,IN,5450
Tamil Nadu,"Mettur,Salem",636401,IN,5451
Rajasthan,Deoli,304804,IN,5452
West Bengal,Bilandapur,743355,IN,5453
Andhra Pradesh,Kotturu,532455,IN,5454
Tamil Nadu,Sarcarsamakulam,641107,IN,5455
Punjab,Kathar,144106,IN,5456
West Bengal,Kolkata,700146,IN,5457
Madhya Pradesh,Jabalpur,482021,IN,5458
West Bengal,Uttarnayabad,700135,IN,5459
Andhra Pradesh,Guntur,522409,IN,5460
Tamil Nadu,Coimbatore,641043,IN,5461
Rajasthan,Bikaner,334004,IN,5462
Delhi,New Delhi 110059,110059,IN,5463
Delhi,East Delhi,110096,IN,5464
Punjab,Malerkotla,148023,IN,5465
Odisha,Puri,752109,IN,5466
Uttarakhand,Dehradun,248006,IN,5467
Andhra Pradesh,Gorantla,515231,IN,5468
Uttar Pradesh,Ghaziabad,201004,IN,5469
Tamil Nadu,Hosur,635114,IN,5470
Karnataka,Belagavi,591108,IN,5471
Madhya Pradesh,Bamora,464240,IN,5472
Andhra Pradesh,Visakhapatnam,530006,IN,5473
Gujarat,Veraval,362266,IN,5474
Uttar Pradesh,Karnawal,250344,IN,5475
Gujarat,"Ahmedabad,",380058,IN,5476
Karnataka,Udupi,576221,IN,5477
Uttar Pradesh,Varanasi,221108,IN,5478
Karnataka,Bengaluru 560085,560085,IN,5479
Chhattisgarh,Bishrampur,497226,IN,5480
Haryana,Ambala,134007,IN,5481
Karnataka,Udupi,574118,IN,5482
Tamil Nadu,Kallakurichi,605759,IN,5483
Andhra Pradesh,"Atmakur, Mangalagiri",522503,IN,5484
Kerala,Kovalam,695501,IN,5485
Maharashtra,Nallasopara West,401203,IN,5486
Uttar Pradesh,Jatari,202137,IN,5487
Madhya Pradesh,Badnawar,454660,IN,5488
Rajasthan,Anta City,325202,IN,5489
West Bengal,Hotar,743610,IN,5490
Kerala,Thalakkulathur,673317,IN,5491
Manipur,Imphal,795003,IN,5492
Kerala,Kizhakkambalam,683562,IN,5493
Andhra Pradesh,Vijayawada,521241,IN,5494
Karnataka,Belagavi,590009,IN,5495
Kerala,Valayam,673517,IN,5496
Assam,Kamrup,781022,IN,5497
Uttar Pradesh,Kanpur,208009,IN,5498
Uttar Pradesh,Ntpc Tanda Colony,224238,IN,5499
Delhi,Chand Nagar,110018,IN,5500
Kerala,Kollam,691003,IN,5501
Rajasthan,Antah,325202,IN,5502
Karnataka,Belagavi Shedbal,591315,IN,5503
Assam,Bangaon,781303,IN,5504
West Bengal,Amta,711401,IN,5505
Gujarat,Ahmedabad,382480,IN,5506
Tamil Nadu,Tiruchirappalli,620102,IN,5507
Kerala,Thiruvananthapuram,695551,IN,5508
Kerala,Palakkad,678003,IN,5509
Maharashtra,Gondia,441601,IN,5510
Kerala,Thiruvananthapuram,695306,IN,5511
Maharashtra,Bhandara,441906,IN,5512
Haryana,Gurgaon,122101,IN,5513
Gujarat,Ahmedabad,382440,IN,5514
Karnataka,Hubli,580029,IN,5515
Karnataka,Sakleshpur,573134,IN,5516
Maharashtra,Dhule,425410,IN,5517
Karnataka,Mysuru,570003,IN,5518
Andhra Pradesh,Tenali,522201,IN,5519
Andhra Pradesh,Guntur,522003,IN,5520
Telangana,Dubbak Peddagundavelli,502108,IN,5521
Himachal Pradesh,Parwanoo,173220,IN,5522
Delhi,North West Delhi,110034,IN,5523
Maharashtra,Bhandup- East,400042,IN,5524
Maharashtra,Mumba,400006,IN,5525
Tamil Nadu,Natrampalli,635852,IN,5526
Maharashtra,Otur,412409,IN,5527
Maharashtra,Satara,415513,IN,5528
Uttarakhand,Gairsain,246428,IN,5529
Andhra Pradesh,Kaikalur,521333,IN,5530
Rajasthan,Dungarpur,314038,IN,5531
Delhi,Delhi,110064,IN,5532
Kerala,Thiruvananthapuram,695032,IN,5533
Andhra Pradesh,Chittoor,517112,IN,5534
Andhra Pradesh,Garividi,535101,IN,5535
Delhi,North West Delhi,110085,IN,5536
Punjab,Nangal,140124,IN,5537
Maharashtra,Kalyan,421103,IN,5538
Kerala,Kozhenchery,689514,IN,5539
Gujarat,Atul Dist. Valsad,396020,IN,5540
Goa,Ponda,403406,IN,5541
Andhra Pradesh,Guntur,522016,IN,5542
West Bengal,Barrackpore,700118,IN,5543
Manipur,Imphal West,795001,IN,5544
Kerala,Pantheeramkavu,673571,IN,5545
Madhya Pradesh,Kymore,483880,IN,5546
Karnataka,"Kadri, Mangaluru, Dakshina Kannada (D)",575004,IN,5547
West Bengal,Arambagh,712601,IN,5548
Kerala,Kozhippilly Parashalappady,686691,IN,5549
Chhattisgarh,Rajnandgaon,491441,IN,5550
West Bengal,Kolkata,700058,IN,5551
Andhra Pradesh,Dwaraka Tirumala,534426,IN,5552
Karnataka,Devanur,577175,IN,5553
Tamil Nadu,Tirunelveli,627604,IN,5554
Bihar,Sitamarhi,843316,IN,5555
Madhya Pradesh,Sendhwa,451666,IN,5556
Kerala,Thiruvananthapuram,695028,IN,5557
West Bengal,Kandi,742136,IN,5558
Odisha,Brahmapur,760002,IN,5559
Bihar,Patna,800016,IN,5560
Maharashtra,Trimbak,422212,IN,5561
West Bengal,Bally,711204,IN,5562
Himachal Pradesh,Hamirpur,177020,IN,5563
Tamil Nadu,Ooty,643001,IN,5564
Uttar Pradesh,Raebareli,229001,IN,5565
Rajasthan,Jodhpur,342003,IN,5566
Odisha,Ganjam,761003,IN,5567
Andhra Pradesh,Tadepalligudem,534102,IN,5568
Telangana,Warangal,506370,IN,5569
Maharashtra,Dombivli (W),421202,IN,5570
Himachal Pradesh,Ghumarwin,174021,IN,5571
Gujarat,Ahmedabad,380001,IN,5572
Kerala,Kottayam,686501,IN,5573
Maharashtra,Nagpur.,440037,IN,5574
Kerala,Idukki,685561,IN,5575
West Bengal,Murshidabad,742237,IN,5576
Kerala,"Chalakudy , Thrissur",680307,IN,5577
Karnataka,Bangalore,560059,IN,5578
Tamil Nadu,Dindigul,624001,IN,5579
Kerala,Kallur- Thrissur,680317,IN,5580
Odisha,Sambalpur,768001,IN,5581
Haryana,Gurugram,122503,IN,5582
Karnataka,Udupi,574115,IN,5583
Chhattisgarh,Raipur,492005,IN,5584
West Bengal,Alaipur,741245,IN,5585
West Bengal,Kharagpur,721303,IN,5586
West Bengal,Siliguri,734012,IN,5587
Kerala,Thrissur,680006,IN,5588
Tamil Nadu,Coimbatore,641024,IN,5589
Karnataka,Udupi,576283,IN,5590
Kerala,Ottappalam,679104,IN,5591
Chandigarh,Chandigarh,160012,IN,5592
Tamil Nadu,Thanjavur,613501,IN,5593
Haryana,Hisar,125006,IN,5594
Kerala,Kannur,670611,IN,5595
Tamil Nadu,Coimbatore,641111,IN,5596
Uttar Pradesh,Palia Kalan,262902,IN,5597
Himachal Pradesh,Dharmshala,176215,IN,5598
West Bengal,Uluberia,711315,IN,5599
Kerala,Idukki,686513,IN,5600
Uttar Pradesh,Bareilly,243701,IN,5601
Uttarakhand,Dehradun,248004,IN,5602
Jharkhand,Lohardaga,835302,IN,5603
Maharashtra,Kolhapur,416235,IN,5604
Andhra Pradesh,Nellore,524303,IN,5605
Kerala,Ernakulam,683515,IN,5606
Haryana,Shahbad,136135,IN,5607
Gujarat,Sarigam,396155,IN,5608
Kerala,Elamakkara,682026,IN,5609
Karnataka,Bangalore Rural,562110,IN,5610
Jharkhand,Shahpur,822110,IN,5611
Tamil Nadu,Kanyakumari,629176,IN,5612
Madhya Pradesh,Makronia Buzurg,470004,IN,5613
Kerala,Chirakkal,670011,IN,5614
West Bengal,"New Town, Kolkata",700156,IN,5615
Chhattisgarh,Bilaspur,495004,IN,5616
Jharkhand,Gumla,835207,IN,5617
Himachal Pradesh,Kullu,175101,IN,5618
Tamil Nadu,Madathukulam Po,642113,IN,5619
Karnataka,Mysore,570017,IN,5620
Punjab,Bhagha Purana,142038,IN,5621
Karnataka,Shimoga,577428,IN,5622
Uttarakhand,Chiniyalisaur,249196,IN,5623
Maharashtra,"Thane, Miraroad East",401107,IN,5624
Arunachal Pradesh,Bomdila,790001,IN,5625
Karnataka,Karwar,581306,IN,5626
West Bengal,Howrah,711201,IN,5627
West Bengal,Dhulasimla,711315,IN,5628
Andhra Pradesh,Visakhapatnam,530005,IN,5629
Rajasthan,Khetri Nagar Jhunjhunu,333504,IN,5630
West Bengal,Rupnarayanpur,713386,IN,5631
Bihar,Samastipur,848134,IN,5632
Tamil Nadu,Kuthanallur,614101,IN,5633
Bihar,Darbhanga,846009,IN,5634
Odisha,Kendujhar,758014,IN,5635
Tamil Nadu,Arcot,632503,IN,5636
Tamil Nadu,Kancheepuram,603002,IN,5637
Bihar,Jehanabad,804417,IN,5638
Karnataka,Bengaluru,560014,IN,5639
Rajasthan,Jodhpur,342006,IN,5640
Rajasthan,Keshorai Patan District Bundi,323601,IN,5641
Tamil Nadu,Tambaram Chennai,600073,IN,5642
Andhra Pradesh,Vijayawada,521151,IN,5643
Andhra Pradesh,Anakapalli Mandal,531001,IN,5644
Tamil Nadu,Appakudal,638315,IN,5645
Uttar Pradesh,"Ghaziabad,Sahibabad",201005,IN,5646
Gujarat,Vadodara,391345,IN,5647
Gujarat,Vadodara,391350,IN,5648
Assam,Kamrup,781029,IN,5649
Kerala,Palakkad,678006,IN,5650
Odisha,Koraput,764020,IN,5651
West Bengal,Kolkata,700115,IN,5652
Kerala,Kozhikode,673008,IN,5653
Kerala,Pandalam,689501,IN,5654
Madhya Pradesh,Bhopal,462036,IN,5655
Tamil Nadu,Bhavani,638301,IN,5656
Assam,Mangaldoi,784125,IN,5657
Punjab,Nangal,140126,IN,5658
Kerala,Chockli,670675,IN,5659
Karnataka,Tumakuru. Phone Number 9686000855,572102,IN,5660
Puducherry,Yanam,533464,IN,5661
Andhra Pradesh,Katrenikona,533212,IN,5662
Gujarat,Dabhoi,391107,IN,5663
Karnataka,Bangalore City 560002,560002,IN,5664
Kerala,Pathanamthitta,689543,IN,5665
West Bengal,Jangipur,742227,IN,5666
Karnataka,Mysuru,570018,IN,5667
Haryana,Panipat,132104,IN,5668
Delhi,Delhi,110008,IN,5669
Haryana,Gharaunda,132114,IN,5670
Odisha,Junagarh,766014,IN,5671
Uttar Pradesh,Auraiya,206128,IN,5672
Tamil Nadu,"Kamatchipuram, Theni",625520,IN,5673
Kerala,Kollam,691013,IN,5674
Tamil Nadu,Tiruvallur,600062,IN,5675
Karnataka,Udupi,576223,IN,5676
Maharashtra,"Sion , Mumbai",400022,IN,5677
Jharkhand,Dhanbad,828104,IN,5678
Telangana,Mulakalapally Mandl,507115,IN,5679
Rajasthan,Jodhpur,342007,IN,5680
West Bengal,Kolkata,700142,IN,5681
Gujarat,Ahmedabad,382449,IN,5682
Gujarat,Porbandar,360575,IN,5683
Andhra Pradesh,Voletivaripalem,523113,IN,5684
Andhra Pradesh,Jeelugu Milli,534456,IN,5685
Gujarat,Kharod,394115,IN,5686
Punjab,Teh. Phagwara Distt. Kapurthala,144405,IN,5687
Tamil Nadu,Kakkalur,602003,IN,5688
Kerala,Thiruvananthapuram,695001,IN,5689
Uttar Pradesh,Machhlishahr,222144,IN,5690
Punjab,Naya Gaon,160103,IN,5691
Kerala,Adoor,691525,IN,5692
Karnataka,Mangalore,575004,IN,5693
Kerala,Thiruvalla,689107,IN,5694
Telangana,Bhupalpalle,506169,IN,5695
Maharashtra,Ahmadnagar,414111,IN,5696
Uttar Pradesh,Unnao,209870,IN,5697
Uttar Pradesh,Taj Nagri Phase 2  Agra,282001,IN,5698
Haryana,Bhiwani,127030,IN,5699
Kerala,Ernakulam,682022,IN,5700
Tamil Nadu,Tiruchirappalli,620101,IN,5701
Maharashtra,Titwala East,421605,IN,5702
Odisha,Jharsuguda,768203,IN,5703
Odisha,Banapur,752031,IN,5704
Andhra Pradesh,Anantapalli,534112,IN,5705
Punjab,Jagraon,142026,IN,5706
West Bengal,Dogachhia Barddhaman District,713513,IN,5707
Maharashtra,Solapur,413005,IN,5708
Telangana,Bodhan,503180,IN,5709
Andhra Pradesh,Madhurawada,531163,IN,5710
Telangana,Karimnagar,505531,IN,5711
Telangana,Hyderabad,501203,IN,5712
Andhra Pradesh,Kadapa,516002,IN,5713
Madhya Pradesh,Gadarwara Narsinghpur,487551,IN,5714
Punjab,Lalru,140501,IN,5715
West Bengal,Bholar Dabri,736208,IN,5716
Gujarat,Talala,362150,IN,5717
West Bengal,Kolkata,700043,IN,5718
Andhra Pradesh,Kurnool,518003,IN,5719
Karnataka,Mysuru,570011,IN,5720
Odisha,Khaliapali,768038,IN,5721
Madhya Pradesh,Multai,460661,IN,5722
Jharkhand,Sahibganj,816109,IN,5723
West Bengal,Raiganj,733134,IN,5724
Kerala,Panoor,670692,IN,5725
Rajasthan,Chaksu,303901,IN,5726
Kerala,Ulliyeri,673612,IN,5727
Gujarat,Ahmedabad,380024,IN,5728
Kerala,Kasargod,671316,IN,5729
Andhra Pradesh,Rajampet,516115,IN,5730
Kerala,"Kandanadu Po, Ernakulam",682305,IN,5731
West Bengal,"Salbari, Siliguri",734009,IN,5732
Karnataka,Belgaum,590010,IN,5733
Uttar Pradesh,Near Shauchaley,273005,IN,5734
Tamil Nadu,Nagercoil,629252,IN,5735
Assam,Kamrup,781006,IN,5736
Uttar Pradesh,Chandauli,232104,IN,5737
Madhya Pradesh,Nagda,456331,IN,5738
Tamil Nadu,Chennai,600046,IN,5739
West Bengal,Kandi,742137,IN,5740
Gujarat,Simar Sir,362255,IN,5741
West Bengal,Bankura,722102,IN,5742
Rajasthan,Pilani,333031,IN,5743
Tamil Nadu,Kottagoundampati,636011,IN,5744
Telangana,Khammam,507168,IN,5745
Kerala,Changanacherry,686548,IN,5746
Himachal Pradesh,Kullu,172026,IN,5747
Madhya Pradesh,Indore,453771,IN,5748
Madhya Pradesh,"Kothri, Sehore",466114,IN,5749
Telangana,Hyderabad,500042,IN,5750
West Bengal,Asansol,713339,IN,5751
Karnataka,Dakshina Kannada,574227,IN,5752
Kerala,Nanmanda,673613,IN,5753
Andhra Pradesh,Visakhapatanm,531163,IN,5754
Odisha,Berhampur,760009,IN,5755
Tamil Nadu,Namakkal,637002,IN,5756
Kerala,Kottayam,686007,IN,5757
Goa,Vasco Da Gama,403806,IN,5758
Maharashtra,Tala,402111,IN,5759
Tamil Nadu,Pannaipuram,625524,IN,5760
Tamil Nadu,Chengalpattu,603101,IN,5761
Uttar Pradesh,Ballia,277401,IN,5762
Maharashtra,Kankavli,416801,IN,5763
Maharashtra,Ahmadnagar,414501,IN,5764
Madhya Pradesh,Sirali,461335,IN,5765
Kerala,"Thaikkattukara P O, Aluva",683106,IN,5766
Odisha,Bhubaneswar,751004,IN,5767
Kerala,Thodupuzha,685608,IN,5768
Kerala,Alappuzha,688013,IN,5769
Gujarat,Vyara,394651,IN,5770
West Bengal,Rajpur Sonarpur,700149,IN,5771
Himachal Pradesh,Kullu,175134,IN,5772
Telangana,Hanamkonda,506370,IN,5773
Gujarat,Gandhinagar,382030,IN,5774
Telangana,Patancheru,502300,IN,5775
Odisha,Bhadrak,756100,IN,5776
Uttar Pradesh,Chandauli,232106,IN,5777
Gujarat,Anand,388325,IN,5778
Andhra Pradesh,Rajahmundry,533106,IN,5779
Jharkhand,Seraikela Kharsawan,832108,IN,5780
Maharashtra,Pune,411029,IN,5781
Tamil Nadu,Madukkur,614903,IN,5782
Karnataka,Belagavi,590019,IN,5783
Assam,Guwahati,784145,IN,5784
Tamil Nadu,Mettupalayam,641305,IN,5785
Jharkhand,Sirka,829101,IN,5786
Madhya Pradesh,Indore,452014,IN,5787
Tamil Nadu,Ramanathapuram,623501,IN,5788
Bihar,Samastipur,848125,IN,5789
Tamil Nadu,Cheyyar,604407,IN,5790
Maharashtra,"Mahad, Raigad",402115,IN,5791
Kerala,Kozhikode,673602,IN,5792
Tamil Nadu,Chengalpet,603002,IN,5793
Himachal Pradesh,Chamba,176314,IN,5794
Karnataka,Bangalore,560099,IN,5795
Kerala,Eloor,683501,IN,5796
Kerala,Aluva,683112,IN,5797
Karnataka,Udupi,574106,IN,5798
Kerala,Puranattukara,680551,IN,5799
Andhra Pradesh,Mylavaram,521230,IN,5800
Maharashtra,Dombivali East,400612,IN,5801
Karnataka,Karwar,581304,IN,5802
West Bengal,Darjeeling,734221,IN,5803
Bihar,Darbhanga,846001,IN,5804
Chhattisgarh,Balod,491226,IN,5805
Andhra Pradesh,Ganapavaram,522619,IN,5806
Punjab,Sunam,148028,IN,5807
Tamil Nadu,Peravurani,614804,IN,5808
Haryana,Panipat,132140,IN,5809
Assam,Barpeta,781314,IN,5810
Tamil Nadu,Manapparai,621306,IN,5811
Uttar Pradesh,"Dibiyapur,Auraiya",206244,IN,5812
Sikkim,Rangpo,737132,IN,5813
Maharashtra,Bordi,401701,IN,5814
Odisha,Nayagarh,752079,IN,5815
Uttar Pradesh,Obra,231219,IN,5816
Andhra Pradesh,Madanapalli,517325,IN,5817
Karnataka,Bengaluru 560037,560037,IN,5818
Kerala,Trichur,680552,IN,5819
Karnataka,Habbuwada Karwar,581306,IN,5820
Himachal Pradesh,Mandi,175015,IN,5821
Kerala,Ernakulam,683518,IN,5822
Kerala,Trivandrum,695014,IN,5823
West Bengal,Kolkata,700055,IN,5824
Punjab,Sujanpur,145023,IN,5825
Bihar,"Patna, Patna",800020,IN,5826
Uttarakhand,Nainital,263001,IN,5827
Gujarat,Anjar,370110,IN,5828
West Bengal,Berhampore,742102,IN,5829
Bihar,Satghara,847235,IN,5830
Rajasthan,Swaroopganj,307023,IN,5831
Bihar,Madhuban,845420,IN,5832
Kerala,Tripunithura,682306,IN,5833
Maharashtra,Anjangaon Surji,444705,IN,5834
Kerala,Thrisur,680712,IN,5835
Jharkhand,West Singhbhum,833103,IN,5836
Kerala,Alamcode,695102,IN,5837
Punjab,Ludhiana,142029,IN,5838
Kerala,Ernakulam,682304,IN,5839
Telangana,Hyderabad,500003,IN,5840
Gujarat,Surat,394330,IN,5841
Tamil Nadu,Thiruvallur,602108,IN,5842
West Bengal,Rampurhat,731224,IN,5843
Telangana,Hyderabad,500009,IN,5844
Maharashtra,"Balkum, Thane",400607,IN,5845
West Bengal,Dinhata,736135,IN,5846
Jharkhand,Dakra,829210,IN,5847
Punjab,Sultanpur,144626,IN,5848
Tamil Nadu,Villupuram,605103,IN,5849
Assam,Dibrugarh,786004,IN,5850
Uttar Pradesh,Shikohabad,283135,IN,5851
Tamil Nadu,Madurai,625022,IN,5852
Andhra Pradesh,"Visakhapatnam,Vepagunta Post",530047,IN,5853
Delhi,South Delhi,110025,IN,5854
West Bengal,Haldia,721602,IN,5855
Andhra Pradesh,Narsipatnam,531116,IN,5856
Rajasthan,Sagwara,314025,IN,5857
Karnataka,Shivamogga,577204,IN,5858
Goa,P.O Bambolim Complex,403202,IN,5859
Maharashtra,Badlapur West,421503,IN,5860
Andhra Pradesh,Biccavolu,533345,IN,5861
Goa,Bardez,403517,IN,5862
Rajasthan,Hanumangarh,335512,IN,5863
Kerala,Nemmara,678508,IN,5864
Madhya Pradesh,Vindhya Nagar Ntpc Township,486885,IN,5865
Karnataka,Bidar,585403,IN,5866
Karnataka,Homnabad,585330,IN,5867
Maharashtra,Junnar,410502,IN,5868
Rajasthan,Hindaun,322230,IN,5869
Karnataka,Bail Hongal,591102,IN,5870
Punjab,Jalandhar,144043,IN,5871
Tamil Nadu,Chennai- 600040,600040,IN,5872
Madhya Pradesh,Kothri,466114,IN,5873
Uttar Pradesh,Mawana Meerut,250401,IN,5874
Maharashtra,Ambarnath East,421501,IN,5875
Jharkhand,Nirsa Dist-Dhanbad,828205,IN,5876
Himachal Pradesh,Paonta Sahib,173021,IN,5877
Kerala,Vaikom,686606,IN,5878
Bihar,Dist-Rohtas,802212,IN,5879
Haryana,Jind,136027,IN,5880
Karnataka,Sindhanur,584128,IN,5881
Assam,Kamrup,781103,IN,5882
Assam,Sarbhog,781317,IN,5883
Tamil Nadu,Coimbatore,641007,IN,5884
Kerala,Kozhikode,673571,IN,5885
Maharashtra,Thane,400701,IN,5886
Kerala,Pathanamthitta,689112,IN,5887
Kerala,Chittur,678557,IN,5888
Maharashtra,Nanda,442917,IN,5889
Uttar Pradesh,Pukhrayan,209111,IN,5890
Madhya Pradesh,Raisen,464551,IN,5891
Tamil Nadu,Kayalpattinam,628204,IN,5892
Karnataka,Vijaypura,586109,IN,5893
Gujarat,Ahmedabad,380016,IN,5894
Andhra Pradesh,Visakhapatnam,530048,IN,5895
Kerala,Thiruvalla,689104,IN,5896
Maharashtra,Vasai-Virar,401202,IN,5897
Karnataka,Shikarpur,577427,IN,5898
Dadra and Nagar Haveli and Daman and Diu,Diu,362520,IN,5899
Maharashtra,"Chembur , Mumbai",400071,IN,5900
Bihar,Muzaffarpur,842003,IN,5901
Gujarat,Vijapur,382870,IN,5902
West Bengal,District- Burdwan,713212,IN,5903
Punjab,Jandiala Amritsar District,143115,IN,5904
Uttar Pradesh,Naini Industrial Area,212301,IN,5905
Kerala,Pathanamthitta,689668,IN,5906
Maharashtra,"Navi Mumbai, Village,Jaskhar Uran Raigad",400702,IN,5907
Maharashtra,Akurdi,411035,IN,5908
Tamil Nadu,Periyakodiveri,638503,IN,5909
Assam,Anand Nagar,783348,IN,5910
Tamil Nadu,Kayatharu,628952,IN,5911
Kerala,Feroke,673301,IN,5912
Andhra Pradesh,Ntpc Simhadri Township,531020,IN,5913
Jharkhand,Bermo,829104,IN,5914
Jammu & Kashmir,Srinagar,190002,IN,5915
Himachal Pradesh,Mandi,175024,IN,5916
Delhi,New Delhi-110008,110008,IN,5917
Maharashtra,Jawharnagar,441906,IN,5918
Tamil Nadu,Mallur,636203,IN,5919
Andhra Pradesh,Kothacheruvu,515133,IN,5920
Maharashtra,Rasayani,410222,IN,5921
Kerala,Ernakulam,683594,IN,5922
West Bengal,Kolkata,700011,IN,5923
Uttarakhand,Lansdowne,246179,IN,5924
Punjab,Kurali,140103,IN,5925
Karnataka,Kanakapura,562117,IN,5926
Tamil Nadu,Chennai,603202,IN,5927
Delhi,Dwarka,110075,IN,5928
Uttar Pradesh,Agra 282005,282005,IN,5929
Tamil Nadu,Vanagaram,600095,IN,5930
Telangana,Badepalle,509301,IN,5931
Kerala,Ernakulam,683587,IN,5932
Andhra Pradesh,Tirupati,517507,IN,5933
Delhi,South West Delhi,110070,IN,5934
Karnataka,Karwar,581303,IN,5935
Odisha,Burla,768019,IN,5936
Kerala,Palai,686651,IN,5937
Maharashtra,Palghar,401208,IN,5938
Goa,Ponda,403107,IN,5939
Andhra Pradesh,Rajahmundry,533296,IN,5940
Telangana,"Karimnagar,",505302,IN,5941
Karnataka,Kundapura,576257,IN,5942
Kerala,Vandiperiyar,685533,IN,5943
Bihar,Jogabani,854328,IN,5944
Andhra Pradesh,Machilipatnam,521002,IN,5945
Madhya Pradesh,Budni,466445,IN,5946
Kerala,"Thenhipalam, Malappuram",673636,IN,5947
Maharashtra,Seloo Wardha District,442104,IN,5948
Andhra Pradesh,Srikalahasti,517640,IN,5949
Maharashtra,Pune,412301,IN,5950
West Bengal,Bishnupur Bankura District,722122,IN,5951
Uttarakhand,Pauri Garhwal,246149,IN,5952
Tamil Nadu,Tirunelveli District,627120,IN,5953
Kerala,Kochi,682019,IN,5954
Chandigarh,Chandigarh,160008,IN,5955
Odisha,Baleshwar,756056,IN,5956
Telangana,Huzur Nagar,508204,IN,5957
Punjab,Balachaur,144521,IN,5958
Maharashtra,Chandur Amravati District,444904,IN,5959
Tamil Nadu,Ammapettai Erode District,638311,IN,5960
Tamil Nadu,Kallakurichi,606202,IN,5961
Manipur,Nambol,795134,IN,5962
Maharashtra,"Dombivli East, Thane",421204,IN,5963
Maharashtra,Kalwa-Thane,400605,IN,5964
Jharkhand,Ranchi,835234,IN,5965
Gujarat,Bharuch  Dehgam,392012,IN,5966
Karnataka,Raichur,584103,IN,5967
Kerala,Perinjanam,680686,IN,5968
Tamil Nadu,Devakottai,630302,IN,5969
Uttar Pradesh,Mainpuri,206130,IN,5970
Gujarat,Mangrol,362225,IN,5971
Kerala,Aluva,683104,IN,5972
Jammu & Kashmir,Samba,184121,IN,5973
Tamil Nadu,Kelambakkam,603103,IN,5974
Tamil Nadu,Chengalpattu,603001,IN,5975
Kerala,Perumbavoor,683547,IN,5976
Telangana,Jogipet,502273,IN,5977
West Bengal,Sonatala,732208,IN,5978
Jharkhand,Ranchi,835215,IN,5979
Uttar Pradesh,Korwa,227412,IN,5980
Uttar Pradesh,Greater Noida West,201301,IN,5981
West Bengal,Beliatore,722203,IN,5982
West Bengal,Debipur,713148,IN,5983
Maharashtra,Usar Midc,402204,IN,5984
Kerala,Fortkochi,682001,IN,5985
Madhya Pradesh,Bhopal,462024,IN,5986
Maharashtra,Kalyan,421203,IN,5987
Maharashtra,Paranda,413502,IN,5988
Tamil Nadu,Tirunelveli,627005,IN,5989
Telangana,District Kamareddy,503101,IN,5990
West Bengal,Bansberia,712104,IN,5991
Madhya Pradesh,Pithampur Industrial Hub,454774,IN,5992
Maharashtra,Mumb,400067,IN,5993
Tamil Nadu,Kanyakumari,629175,IN,5994
Jharkhand,Bokaro Steel City,827006,IN,5995
Haryana,Faridabad,121005,IN,5996
Tamil Nadu,Thiruverumbur,620013,IN,5997
Maharashtra,Thane,400708,IN,5998
Uttar Pradesh,Fazi Nagar,274401,IN,5999
Maharashtra,"Pimple Saudagar,Pune",411027,IN,6000
Delhi,Delhi,110065,IN,6001
Maharashtra,Navi Mumbai,400707,IN,6002
West Bengal,Kolkata,700093,IN,6003
West Bengal,Ahmadpur,731201,IN,6004
Karnataka,Mysore,570023,IN,6005
West Bengal,Asansol,713359,IN,6006
West Bengal,Malda,732201,IN,6007
West Bengal,Durgapur,713202,IN,6008
Andhra Pradesh,Srikakulam,532201,IN,6009
Tamil Nadu,Mettupalayam Coimbatore District,641301,IN,6010
Delhi,Rohini,110085,IN,6011
Meghalaya,Mawlai,793017,IN,6012
Karnataka,Tirthahalli,577432,IN,6013
Odisha,Bhawanipatna,766002,IN,6014
Tamil Nadu,Coimbatore,641021,IN,6015
Maharashtra,Nilanga,413521,IN,6016
West Bengal,Sitarampur,713359,IN,6017
Andhra Pradesh,Bapatla,522101,IN,6018
Kerala,Kanjikode,678623,IN,6019
Rajasthan,Bharatpur,301025,IN,6020
Uttarakhand,Haridwar,249403,IN,6021
Haryana,Kurukshetra,136119,IN,6022
Kerala,Eroor,682306,IN,6023
Odisha,Burla,768017,IN,6024
Jammu & Kashmir,Srinagar,190010,IN,6025
Andhra Pradesh,Atmakur,518422,IN,6026
Kerala,Trivandrum,695027,IN,6027
Maharashtra,Pune 36,411036,IN,6028
Madhya Pradesh,Sausar,480106,IN,6029
Tamil Nadu,Tirunelveli,627416,IN,6030
Karnataka,Bangalore,560029,IN,6031
Kerala,Malappuram,673314,IN,6032
Madhya Pradesh,Bhopal,462011,IN,6033
Uttar Pradesh,Faizabad,224120,IN,6034
Kerala,Vandanam,688005,IN,6035
Maharashtra,Dombivli(E),421201,IN,6036
Karnataka,Mysuru,570032,IN,6037
Maharashtra,Moshi Pradhikaran,412105,IN,6038
Bihar,Begusarai,851218,IN,6039
Gujarat,Gidc Panoli,394115,IN,6040
Goa,"Old Goa, North Goa District",403110,IN,6041
Rajasthan,Jalor,343001,IN,6042
Telangana,Secundrabad,500015,IN,6043
Uttar Pradesh,Bighapur,209865,IN,6044
Kerala,Kunnathunad,682310,IN,6045
Kerala,Chentrapinni,680687,IN,6046
Rajasthan,Saganer,302029,IN,6047
Andhra Pradesh,Ichchapuram,532312,IN,6048
Andaman and Nicobar Islands,Port Blair,744104,IN,6049
Karnataka,Tumakuru,572105,IN,6050
Jharkhand,Chirkunda,828202,IN,6051
West Bengal,Kolkata,700042,IN,6052
Haryana,"Hsiidc Sohna, Gurugram",122103,IN,6053
Maharashtra,Pune,413115,IN,6054
Odisha,Purusottampur,761018,IN,6055
Rajasthan,Rampura Beri,331301,IN,6056
Tamil Nadu,Cuddalore,607003,IN,6057
Delhi,Gautam Nagar,110049,IN,6058
Kerala,Kazhakoottam Thiruvananthapuram District,695301,IN,6059
Andhra Pradesh,Mopidevi,521125,IN,6060
Andhra Pradesh,Kapileswarapuram,533307,IN,6061
Tamil Nadu,Gudalur Coimbatore District,641047,IN,6062
Goa,Carmona,403717,IN,6063
Maharashtra,Nanded,431604,IN,6064
Tamil Nadu,Chennai,600038,IN,6065
Tamil Nadu,Chennai,600112,IN,6066
Goa,Velim,403723,IN,6067
Andhra Pradesh,Ananthpur,515001,IN,6068
Karnataka,Krishnarajpet,571426,IN,6069
Kerala,Kuttipuram Malappuram District,679573,IN,6070
Punjab,Mallanwala Khass,152021,IN,6071
Madhya Pradesh,Para,457661,IN,6072
Kerala,Alappuzha,688001,IN,6073
Kerala,Malappuram,673636,IN,6074
Karnataka,Manglore,574143,IN,6075
Kerala,Chingoli,690532,IN,6076
Andhra Pradesh,Vetapalem,523187,IN,6077
Karnataka,"Bantwal, Dakshina Kannada",574323,IN,6078
Gujarat,Vadnagar,384355,IN,6079
Maharashtra,Pune-411062,411062,IN,6080
Telangana,Hyderabad,500052,IN,6081
Kerala,Thrikakkara,682021,IN,6082
Tamil Nadu,"Puliyampettai, Thirupuvanam Thanjavur District",612103,IN,6083
Tamil Nadu,Vellore,632008,IN,6084
Tamil Nadu,Chengalpattu,603308,IN,6085
Uttar Pradesh,Menhdawal,272271,IN,6086
Himachal Pradesh,Kamand,175005,IN,6087
Tamil Nadu,Kattumannarkoil,608301,IN,6088
West Bengal,Baruipur,743610,IN,6089
Karnataka,"T.Dasarahalli, Bangalore",560057,IN,6090
Maharashtra,Thane,421002,IN,6091
Karnataka,Saundatti Yellamma,591126,IN,6092
Madhya Pradesh,Indore,452008,IN,6093
Maharashtra,Vengurla,416516,IN,6094
Kerala,Thiruvananthapuram District,695301,IN,6095
Delhi,Delhi,110075,IN,6096
Uttarakhand,Dehradun,248179,IN,6097
Maharashtra,Hinganghat,442301,IN,6098
Maharashtra,Dombivli(East),421201,IN,6099
Punjab,Kauntarpur,145101,IN,6100
Puducherry,Puducherry,605013,IN,6101
Uttar Pradesh,Basti,272002,IN,6102
Uttar Pradesh,Koraon,212306,IN,6103
Kerala,Pattiom,670692,IN,6104
Rajasthan,Vijainagar Ajmer District,305624,IN,6105
Kerala,Mallappally,689584,IN,6106
Assam,Sibsagar,785686,IN,6107
Andhra Pradesh,Chittoor,517130,IN,6108
Goa,Calapor,403202,IN,6109
Kerala,Vazhakkala,682037,IN,6110
Assam,Mirza,781125,IN,6111
Telangana,Ramagundam,505210,IN,6112
Tamil Nadu,Srivilliputhur,626149,IN,6113
West Bengal,Farakka Barrage Township,742212,IN,6114
Tamil Nadu,Sathyamangalam,638401,IN,6115
West Bengal,Jalpaiguri,734008,IN,6116
West Bengal,Kolkata,700134,IN,6117
Maharashtra,Dombivli (E),421204,IN,6118
Karnataka,Mangaluru,574229,IN,6119
Kerala,Ernakulam,682030,IN,6120
Delhi,New Delhidelhi,110016,IN,6121
Uttar Pradesh,Barabanki,225401,IN,6122
Gujarat,Dohad,389110,IN,6123
Odisha,Udala,757041,IN,6124
Tamil Nadu,Nungabakam Chennai,600029,IN,6125
Karnataka,Karwar,581400,IN,6126
Maharashtra,Solapur,413006,IN,6127
Tamil Nadu,Kadayanallur,627751,IN,6128
West Bengal,North 24 Parganas,700081,IN,6129
Punjab,Zirakpur Punjab Mohali,140603,IN,6130
Maharashtra,Thane,421501,IN,6131
Tamil Nadu,Nagapattinam,609314,IN,6132
Tamil Nadu,Chennai,600103,IN,6133
Uttar Pradesh,Utraula,271604,IN,6134
Punjab,Ferozepur Cantt,152001,IN,6135
West Bengal,Subarnapur,741249,IN,6136
Assam,Bongaigaon Iocl Township,783385,IN,6137
Kerala,Pathanamthitta,689641,IN,6138
Tamil Nadu,Gobichettipalayam,638476,IN,6139
Jharkhand,Dhanbad,828122,IN,6140
Gujarat,Gariyadhar,364505,IN,6141
Uttarakhand,Dstr-  Dehradun,249205,IN,6142
Tamil Nadu,Muthukadu,603112,IN,6143
Odisha,Bhubaneswar,754001,IN,6144
Kerala,Karamuck,680617,IN,6145
Andhra Pradesh,Chirala,523165,IN,6146
Delhi,Uttam Nagar,110059,IN,6147
Gujarat,Kapadvanj,387620,IN,6148
Maharashtra,Thane,421306,IN,6149
West Bengal,Paschim Medinipur,721147,IN,6150
West Bengal,Piarinagar,713405,IN,6151
Uttar Pradesh,Noida Extension,201309,IN,6152
Tamil Nadu,Erode,638316,IN,6153
West Bengal,Halisahar,743134,IN,6154
Karnataka,Banglore,560048,IN,6155
Maharashtra,Bhugaon Mulshi Road,412115,IN,6156
Maharashtra,Madangad,415203,IN,6157
Telangana,Hyderabad,500017,IN,6158
Maharashtra,Aurangabad,431004,IN,6159
Telangana,Huzurabad,505468,IN,6160
Uttar Pradesh,Shahabad Hardoi,241124,IN,6161
Uttarakhand,Pauri,246001,IN,6162
Maharashtra,"Cbd Belapur,Navi Mumbai",400614,IN,6163
Tamil Nadu,Chennai,600067,IN,6164
Chhattisgarh,Baramkela,496551,IN,6165
Rajasthan,Jalor,307030,IN,6166
Karnataka,Gargeswari,571110,IN,6167
Maharashtra,Pune,412411,IN,6168
West Bengal,Panagarh,713148,IN,6169
Maharashtra,Nagpur,440032,IN,6170
Assam,"Guwahati, Maligaon",781012,IN,6171
Ladakh,Choglamsar,194201,IN,6172
Andhra Pradesh,Visakhapatnam,531085,IN,6173
Kerala,Thiruvananthapuram,695036,IN,6174
West Bengal,Bandel,712123,IN,6175
Kerala,Vallachira,680306,IN,6176
Kerala,"Chentrappini (Via ),Chamakkala",680687,IN,6177
Assam,Jorhat,785008,IN,6178
Tamil Nadu,Tiruvannamalai Dt,606755,IN,6179
Uttar Pradesh,Fatehpur Bara Banki District,225305,IN,6180
Tamil Nadu,Dindigul,624005,IN,6181
Karnataka,Tumakuru,572121,IN,6182
Haryana,Ballabhgarh,121004,IN,6183
Andhra Pradesh,Buchireddipalem,524305,IN,6184
Uttar Pradesh,Phulpur Allahabad District,212402,IN,6185
Karnataka,"Bengaluru,Devnahalli",562129,IN,6186
West Bengal,Burdwan,713103,IN,6187
Himachal Pradesh,Kangra,176209,IN,6188
Kerala,Chengannur,689510,IN,6189
Haryana,Gohana,131305,IN,6190
Maharashtra,Dombivali West,421202,IN,6191
Kerala,Vythiri,673577,IN,6192
Andhra Pradesh,Srikakulam,532443,IN,6193
Tamil Nadu,Chennai,600098,IN,6194
Bihar,Chapra,841403,IN,6195
Telangana,Sangareddy,502314,IN,6196
Tamil Nadu,Chinnathadagam,641108,IN,6197
Goa,Chinchinim,403715,IN,6198
Kerala,Mavelikkara,690101,IN,6199
Karnataka,Hosapetebellary,583201,IN,6200
Uttarakhand,Vikasnagar,248125,IN,6201
Maharashtra,"Vasai,Palghar",401303,IN,6202
Andhra Pradesh,Kadapa,516213,IN,6203
Maharashtra,Sanpada Sector 1,400705,IN,6204
Goa,Vasco Da Gama,403804,IN,6205
Uttar Pradesh,Karari,212206,IN,6206
Tamil Nadu,Ganapathipuram,629502,IN,6207
Bihar,Gazipur,813221,IN,6208
Tamil Nadu,Kanyakumari,629157,IN,6209
West Bengal,Garulia,743144,IN,6210
Uttarakhand,Banbasa,262310,IN,6211
West Bengal,Nadia,741137,IN,6212
Telangana,Warangal Urban,506011,IN,6213
Gujarat,Ahmedabad,380027,IN,6214
Bihar,Muzaffarpur,843113,IN,6215
Tamil Nadu,Thiruvallur,602024,IN,6216
Kerala,Cheruthazham,670303,IN,6217
Tamil Nadu,Salem,636016,IN,6218
Maharashtra,Naigaon East,401208,IN,6219
Kerala,Kunnummal,673507,IN,6220
Uttar Pradesh,Chhibramau,209721,IN,6221
Gujarat,Sidhpur,384151,IN,6222
Maharashtra,Chandrapur,442404,IN,6223
Maharashtra,Roha,402126,IN,6224
Assam,Hojai,782435,IN,6225
Andhra Pradesh,"Garugubilli Mandal, Vizianagaram Dist",535525,IN,6226
Tamil Nadu,Sattur,626203,IN,6227
Odisha,Bhadrak,756111,IN,6228
Uttarakhand,Dehradun,248159,IN,6229
Tamil Nadu,Usilampatti,625527,IN,6230
Andhra Pradesh,Tirupathi,517501,IN,6231
Karnataka,Gauribidanur,561208,IN,6232
Punjab,"Daudhar, Moga",142053,IN,6233
Gujarat,Veraval Rajkot District,360024,IN,6234
Uttar Pradesh,Sikandarabad Industrial Area,203207,IN,6235
Telangana,Hyderabad,500101,IN,6236
Gujarat,Karamsad Anand,388325,IN,6237
Karnataka,Karkala Taluk,576117,IN,6238
Madhya Pradesh,Indore,453001,IN,6239
Andhra Pradesh,Visakhapatnam,530041,IN,6240
West Bengal,Haringhata,741249,IN,6241
Jammu & Kashmir,Srinagar,190014,IN,6242
Kerala,Attingal,695102,IN,6243
Rajasthan,Gothra,333504,IN,6244
Bihar,Parsa,841219,IN,6245
Chhattisgarh,New Raipur,492015,IN,6246
Kerala,Kollam,691581,IN,6247
Chhattisgarh,Bhilai,491001,IN,6248
Kerala,Vadakkekad,679562,IN,6249
Tamil Nadu,Annamalai Nagar,608002,IN,6250
Tamil Nadu,Kanniyakumari,629164,IN,6251
Kerala,Kollam,691574,IN,6252
Maharashtra,Aurangabad,431008,IN,6253
Kerala,Kochi,682021,IN,6254
Tamil Nadu,Coimbatore,641110,IN,6255
West Bengal,Budge Budge,700137,IN,6256
Tamil Nadu,Ayyampettai Thanjavur District,614206,IN,6257
Gujarat,Jamnagar,361335,IN,6258
Uttar Pradesh,Bareilly,243005,IN,6259
Kerala,Kochi,682031,IN,6260
Uttar Pradesh,Greater Noida West,201307,IN,6261
Uttar Pradesh,Pura Acchai Phulpur  Allahabad,212402,IN,6262
West Bengal,7Barasat,700124,IN,6263
Kerala,Thiruvananthapuram,695570,IN,6264
Punjab,Hoshiarpur,145101,IN,6265
Kerala,Mayyanad,691011,IN,6266
Tamil Nadu,Villupuram,605401,IN,6267
Bihar,Buxar,802126,IN,6268
Tamil Nadu,"Thoraipakkam, Chennai",600097,IN,6269
Tamil Nadu,Periyanaickenpalayam,641020,IN,6270
Karnataka,Bengaluru,560110,IN,6271
West Bengal,Chandipur Maldah District,732203,IN,6272
Karnataka,Udupi,576219,IN,6273
Kerala,Ottappalam,678633,IN,6274
Kerala,Perinad,691601,IN,6275
Kerala,Kollam,691021,IN,6276
Uttar Pradesh,Kushinagar,274402,IN,6277
Tamil Nadu,Thiruvarur,610001,IN,6278
Madhya Pradesh,Nowgong,471201,IN,6279
Gujarat,Vadodara - 390019,390019,IN,6280
Andhra Pradesh,Nellore,524307,IN,6281
West Bengal,Sabang,721166,IN,6282
Maharashtra,Pune 41104,411044,IN,6283
Odisha,Cuttack Sadar,753004,IN,6284
Maharashtra,Thane,400703,IN,6285
Gujarat,Lakhani,385535,IN,6286
Uttar Pradesh,Bilsi,243633,IN,6287
Maharashtra,Ahmednagar,414106,IN,6288
Chhattisgarh,Bade Bacheli,494553,IN,6289
Chhattisgarh,Baloda Bazar,493332,IN,6290
Tamil Nadu,Dhaliyur,641109,IN,6291
Gujarat,"Ankleshwar, Dist-Bharuch",393002,IN,6292
Jharkhand,Ramgarh,829124,IN,6293
Maharashtra,Hadgaon,431712,IN,6294
West Bengal,New Barrackpur,700132,IN,6295
Punjab,Raman,151301,IN,6296
Tamil Nadu,Nannilam,610105,IN,6297
Andhra Pradesh,Markapur,523316,IN,6298
Kerala,Kayamkulam,690531,IN,6299
Assam,Barpeta Road,781313,IN,6300
Odisha,Jagatsinghapur,754113,IN,6301
Kerala,Nayarambalam,682509,IN,6302
Maharashtra,Khatav,415505,IN,6303
Uttar Pradesh,Noida Extension,201301,IN,6304
Maharashtra,"Bandra Kurla Complex, Mumbai",400051,IN,6305
Gujarat,Ahmedabad,382115,IN,6306
West Bengal,Gobardanga,743273,IN,6307
Maharashtra,Aurangbad,431136,IN,6308
Kerala,Nadapuram,673504,IN,6309
Maharashtra,Dattapur Dhamangaon,444709,IN,6310
Kerala,"Nallepilly P.O , Palakkad Dt",678553,IN,6311
Kerala,Kothamangalam,686666,IN,6312
Uttar Pradesh,Lucknow,226031,IN,6313
Bihar,Baruni,851112,IN,6314
Uttar Pradesh,Mawana,250401,IN,6315
Kerala,Chittur Thathamangalam,678103,IN,6316
Delhi,North Delhi,110085,IN,6317
Tripura,Golaghati,799102,IN,6318
Andhra Pradesh,Pedana,521366,IN,6319
Karnataka,Honavar,581341,IN,6320
Odisha,Saranga,759146,IN,6321
Himachal Pradesh,Shimla,171004,IN,6322
West Bengal,Panihati,700111,IN,6323
Assam,Nazira,785685,IN,6324
Karnataka,Kushalanagara,571232,IN,6325
Karnataka,Belur,573121,IN,6326
Kerala,Thiruvananthapuram,695016,IN,6327
Tamil Nadu,Dindigul,624004,IN,6328
Maharashtra,Kolhapur,416001,IN,6329
Gujarat,Valsad,396375,IN,6330
Maharashtra,Kolhapur,416013,IN,6331
Himachal Pradesh,Dharmsala,176219,IN,6332
Odisha,Bonaigarh,770038,IN,6333
West Bengal,Sainthia,731234,IN,6334
Kerala,Thiruvananthapuram,695033,IN,6335
Maharashtra,Thane,400081,IN,6336
Maharashtra,Nashik,422007,IN,6337
Gujarat,Junagadh,362110,IN,6338
Telangana,"Kondapur, Hyderabad",500084,IN,6339
Kerala,Adimaly,685561,IN,6340
Maharashtra,Chandrapur,442505,IN,6341
Maharashtra,Mumbai,421204,IN,6342
West Bengal,Hugli Chinsurah,712101,IN,6343
Bihar,Purnea,854315,IN,6344
Karnataka,Dakshina Kannada,574219,IN,6345
Maharashtra,Manjlegaon,431131,IN,6346
Kerala,N. Paravur,683578,IN,6347
Maharashtra,Pimpri Gav,411017,IN,6348
Maharashtra,Talegaon Station,410507,IN,6349
Andhra Pradesh,"Edulamustoor ,Bathalapalle",515661,IN,6350
Maharashtra,"Akurdi, Pune-35",411035,IN,6351
Assam,Bokakhat,785612,IN,6352
Tamil Nadu,"Urappakkam,Chennai",603202,IN,6353
Tamil Nadu,Erode,638003,IN,6354
Delhi,Delhi,110089,IN,6355
Gujarat,Chikhli,396521,IN,6356
Uttar Pradesh,Bishunipur,271201,IN,6357
Tamil Nadu,"Polur Taluk, Thiruvanamalai District",606803,IN,6358
Maharashtra,Kolhapur,416115,IN,6359
Kerala,Kozhikode,673526,IN,6360
Andhra Pradesh,Neelipudi,534202,IN,6361
Haryana,Jhajjar,124104,IN,6362
Assam,Lakhipur Goalpara District,783129,IN,6363
Uttar Pradesh,Jhansi Cantt,284001,IN,6364
Odisha,Garabandha,761215,IN,6365
West Bengal,Asansol,713325,IN,6366
Chhattisgarh,Raipur,492007,IN,6367
Telangana,"Khammam, Vemsoor(Mandal)",507164,IN,6368
Rajasthan,Ajmer,305205,IN,6369
Uttar Pradesh,Machhali Shahar Jaunpur,222143,IN,6370
West Bengal,Bardhaman,713203,IN,6371
Karnataka,Tumakuru,572106,IN,6372
Madhya Pradesh,Vidisha,464001,IN,6373
Uttar Pradesh,Sultanpur,228171,IN,6374
Kerala,Pathanamthitta,691525,IN,6375
West Bengal,Falakata,735211,IN,6376
Uttar Pradesh,Uska Bazar,272208,IN,6377
Punjab,New Chandigarh,140901,IN,6378
Maharashtra,Umarga,413606,IN,6379
Uttar Pradesh,Lucknow,226101,IN,6380
Kerala,Payyannur,670309,IN,6381
Kerala,Mannarkad I,678762,IN,6382
Kerala,Thrissur,680302,IN,6383
Himachal Pradesh,Kangra,177113,IN,6384
Maharashtra,Mukhed,431715,IN,6385
Odisha,Bhubaneswar,751018,IN,6386
Kerala,Ernakulam,686672,IN,6387
Kerala,Ernakulam,683501,IN,6388
Uttar Pradesh,Aligarh,202122,IN,6389
Kerala,Changanacherry,686546,IN,6390
Jharkhand,Ichak,825402,IN,6391
Delhi,South West Delhi,110075,IN,6392
Karnataka,Hole Narsipur,573211,IN,6393
Odisha,Rajgangpur,770017,IN,6394
Uttar Pradesh,Firozabad,283204,IN,6395
Maharashtra,Osmanabad,413525,IN,6396
Andhra Pradesh,Vishakapatnam,530047,IN,6397
Andhra Pradesh,Guntur,522257,IN,6398
Tamil Nadu,Tiruchirappalli,620019,IN,6399
Tamil Nadu,Oddanchatram,624616,IN,6400
West Bengal,Sankrail,711313,IN,6401
Assam,North Lakhimpur-787001,787001,IN,6402
Himachal Pradesh,Barotiwala Industrial Area,174103,IN,6403
Rajasthan,Borawar,341502,IN,6404
Telangana,Kompally,500014,IN,6405
Kerala,Kodinhi P O,676309,IN,6406
Kerala,Kottarakkara,691533,IN,6407
Gujarat,Surat,394221,IN,6408
Bihar,Siwan,841439,IN,6409
Kerala,Vattapoyil,670591,IN,6410
Chhattisgarh,Bhilai,490042,IN,6411
Uttar Pradesh,Sakaldiha,232108,IN,6412
Assam,Tinsukia,786189,IN,6413
Andhra Pradesh,Gavaravaram,534312,IN,6414
Jammu & Kashmir,Jammu,180020,IN,6415
Tamil Nadu,Vellore,631001,IN,6416
Uttar Pradesh,Mughal Sarai,232101,IN,6417
Rajasthan,Bhilwara,312022,IN,6418
Andhra Pradesh,Kothapeta,533223,IN,6419
Delhi,Delhi,110025,IN,6420
Tamil Nadu,Kallakudi,621651,IN,6421
Kerala,Venkitangu,680616,IN,6422
Himachal Pradesh,Mehatpur,174315,IN,6423
Rajasthan,Pushkar,305022,IN,6424
Rajasthan,Jhunjhunu,333001,IN,6425
West Bengal,Belghoria,700049,IN,6426
Andhra Pradesh,I Polavaram,533220,IN,6427
Kerala,Malapuram,679573,IN,6428
Uttar Pradesh,Sultanpur,222302,IN,6429
Uttar Pradesh,Indrapuri,201102,IN,6430
Andhra Pradesh,"Kedareswara Pet ,  Vijayawada",520003,IN,6431
Andhra Pradesh,Ramachandrapuram,502032,IN,6432
Jammu & Kashmir,Jammu,181101,IN,6433
Maharashtra,Pune,410504,IN,6434
Tamil Nadu,Muthupet,614704,IN,6435
Jammu & Kashmir,Srinagar /Srinagar,190001,IN,6436
Bihar,Bihta Begusarai District,851135,IN,6437
Andhra Pradesh,Kamavarapukota,534452,IN,6438
Tamil Nadu,Mannargudi,614001,IN,6439
Tamil Nadu,Kinathukadavu,642109,IN,6440
Himachal Pradesh,Mandi,175016,IN,6441
Kerala,Kakkanad,682021,IN,6442
Maharashtra,Mumbai,400601,IN,6443
Karnataka,Chikmagalur,577101,IN,6444
Delhi,New Delhi,110083,IN,6445
Uttar Pradesh,Jalaun,285123,IN,6446
Jammu & Kashmir,Samba,181143,IN,6447
Punjab,Mohali,140306,IN,6448
Himachal Pradesh,Baroh,176037,IN,6449
Jharkhand,Dhanwar,825412,IN,6450
Andhra Pradesh,Adoni,518301,IN,6451
Telangana,Karimnagar,505490,IN,6452
Tamil Nadu,Arani Tiruvannamalai District,632301,IN,6453
Tamil Nadu,Tirutani,631209,IN,6454
West Bengal,Kolkata,700086,IN,6455
Maharashtra,Mumbai 400030,400030,IN,6456
Maharashtra,"Dombivli East, Dist: Thane",421203,IN,6457
Kerala,Narikkuni,673585,IN,6458
Delhi,Delhi,110053,IN,6459
Andhra Pradesh,Nellore(Dt),524408,IN,6460
Jharkhand,Lapung.....Ranchi,835234,IN,6461
Karnataka,Chikodi,591222,IN,6462
Kerala,Kayyur,671313,IN,6463
Kerala,Muvattupuzha,686669,IN,6464
Andhra Pradesh,Ponnur,522124,IN,6465
Andhra Pradesh,Markapur,523329,IN,6466
Andhra Pradesh,Narendrapuram,533229,IN,6467
Telangana,"Station Ghanpur,Warangal District",506143,IN,6468
Andhra Pradesh,Ongole,523286,IN,6469
Maharashtra,Pimpri Pune,411017,IN,6470
Uttar Pradesh,Itwa,272192,IN,6471
Puducherry,"Jipmer Quarters,Gorimedu",605006,IN,6472
Kerala,Trivandrum,695035,IN,6473
Kerala,Valanchery,676552,IN,6474
Odisha,Cuttack,754208,IN,6475
Kerala,Ottappalam,679521,IN,6476
Gujarat,Chhotaudepur,391155,IN,6477
Odisha,Sonapur,767017,IN,6478
Telangana,Warangal,506348,IN,6479
Jharkhand,Dumka,814145,IN,6480
Tamil Nadu,Ayothiapattinam,636103,IN,6481
Haryana,"Gurgaon,Delhi",122016,IN,6482
Maharashtra,Kolhapur,416010,IN,6483
Uttar Pradesh,Bulandshahr,203155,IN,6484
Tamil Nadu,Salem,636121,IN,6485
Tamil Nadu,Vadakankulam,627116,IN,6486
Kerala,Kattanam,690503,IN,6487
Goa,Sanquelim,403505,IN,6488
Tamil Nadu,Chatrapatti,624614,IN,6489
Maharashtra,Kolhapur,416503,IN,6490
West Bengal,Rishra,712203,IN,6491
Punjab,Jandiala Guru,143115,IN,6492
Delhi,East Delhi,110051,IN,6493
Himachal Pradesh,Bhuntar,175126,IN,6494
Gujarat,Gandhinagar,382041,IN,6495
Maharashtra,"Paras,Akola",444109,IN,6496
Odisha,Joda,758034,IN,6497
Gujarat,Gwc Township Kovaya,365541,IN,6498
Bihar,Kumarkhand,852112,IN,6499
Telangana,Mahabubabad,506101,IN,6500
Meghalaya,Shillong,793012,IN,6501
Himachal Pradesh,Kangra,177106,IN,6502
Madhya Pradesh,Shahdol,484001,IN,6503
Karnataka,Mulky,574154,IN,6504
Gujarat,Bharuch,392011,IN,6505
Kerala,Ochira,690526,IN,6506
Kerala,Ernakulam,686662,IN,6507
Madhya Pradesh,Rajpur,451447,IN,6508
Rajasthan,Dungarpur,314001,IN,6509
Andaman and Nicobar Islands,"Port Blair , South Andaman",744103,IN,6510
Andhra Pradesh,"Ithepalli(V), Chandragiri(M), Chittoor(D),",517102,IN,6511
Karnataka,Bangalore,560050,IN,6512
Karnataka,Nellyadi,574229,IN,6513
Odisha,Rourkela,769003,IN,6514
West Bengal,Santipur,741404,IN,6515
Tamil Nadu,Asaripallam,629201,IN,6516
Odisha,Cuttack,754025,IN,6517
Uttar Pradesh,Varanasi,221106,IN,6518
Assam,Badarpur,788806,IN,6519
Uttar Pradesh,Gorakhpur,273409,IN,6520
Kerala,"Edappally, Ernakulam",682021,IN,6521
Maharashtra,Ulhasnagar,421002,IN,6522
Andhra Pradesh,Rajahmundry,533105,IN,6523
Jammu & Kashmir,Budgam,192121,IN,6524
Punjab,Patti,143416,IN,6525
West Bengal,"Makhla, Uttarpara, Hooghly",712245,IN,6526
Assam,Silchar,788007,IN,6527
Maharashtra,Nagpur,440019,IN,6528
Maharashtra,Baramati,413133,IN,6529
Tamil Nadu,Ranipettai,632404,IN,6530
Telangana,Nalgonda,508211,IN,6531
Rajasthan,Sirohi,307802,IN,6532
Maharashtra,"Pimpri,Pune",411018,IN,6533
Maharashtra,Roha,400706,IN,6534
Kerala,Kannur,670643,IN,6535
Maharashtra,Akola,444002,IN,6536
Maharashtra,"Nalasopara,Palghar",401203,IN,6537
Kerala,Sulthan Batheri,673592,IN,6538
Odisha,Brahmapur,760010,IN,6539
Madhya Pradesh,Betul,460449,IN,6540
Rajasthan,Neemkathana Sikar,332714,IN,6541
Rajasthan,Chhabra,325220,IN,6542
Uttar Pradesh,Etah,207243,IN,6543
Karnataka,Yeshwanthpur Bangalore,560022,IN,6544
Andhra Pradesh,"Madanapalle, Chittoor District",517325,IN,6545
Maharashtra,Vita,415311,IN,6546
Karnataka,"Basavanabagevadi, Vijapura",586203,IN,6547
Uttar Pradesh,Greater Noida,201016,IN,6548
Kerala,Karukachal,686541,IN,6549
Tamil Nadu,Kannanoor,629158,IN,6550
Kerala,Munnar,685612,IN,6551
Andhra Pradesh,Mudinepalle,521325,IN,6552
Karnataka,Bangalore,560011,IN,6553
Karnataka,Bhatkal,581350,IN,6554
Maharashtra,Navi Mumbai 410218,410218,IN,6555
Tamil Nadu,Salem,636014,IN,6556
Maharashtra,Pune City,411060,IN,6557
Karnataka,Ballari,583128,IN,6558
Madhya Pradesh,Tekanpur,475005,IN,6559
Maharashtra,Majgao Sawantwadi,416510,IN,6560
West Bengal,Rajarhat,700135,IN,6561
Kerala,Chowwara,683575,IN,6562
Uttar Pradesh,Lucknow,226401,IN,6563
Andhra Pradesh,Kota,524413,IN,6564
Odisha,Umarkote,764073,IN,6565
Delhi,South Delhi,110017,IN,6566
Gujarat,Dhandhuka,382460,IN,6567
Kerala,Elavally,680511,IN,6568
West Bengal,Santuri,723121,IN,6569
Jharkhand,Bokaro Thermal Township,829107,IN,6570
Assam,North Lakhimpur,787031,IN,6571
Uttar Pradesh,Basti,272200,IN,6572
Delhi,New Delhi 110045,110045,IN,6573
Karnataka,Karkal,574244,IN,6574
Andhra Pradesh,Gooty,515402,IN,6575
Rajasthan,Jhalawar,326512,IN,6576
Tamil Nadu,Papanasam,614205,IN,6577
West Bengal,Mugkalyan,711312,IN,6578
Maharashtra,Sindkheda,425406,IN,6579
Kerala,Chittur Thathamangalam,678102,IN,6580
Karnataka,Byatryanpura,560092,IN,6581
Uttarakhand,"Gaulapar, Haldwani",263139,IN,6582
Tamil Nadu,Nallampatti,638057,IN,6583
Punjab,Patiala,147004,IN,6584
Telangana,Atmakur,509131,IN,6585
Tamil Nadu,Tiruppur,641601,IN,6586
Bihar,Kisanganj,855107,IN,6587
Kerala,Thiruvananthapuram,695522,IN,6588
Andhra Pradesh,Tadepalli,522501,IN,6589
Uttar Pradesh,Saifai,206130,IN,6590
Kerala,Ramanattukara,673633,IN,6591
Punjab,Gurdaspur,143530,IN,6592
Maharashtra,Thane Bhayanderwest,401101,IN,6593
Chhattisgarh,Bhilai,490025,IN,6594
Maharashtra,Pimple Saudagar,411027,IN,6595
Kerala,Shoranur,679313,IN,6596
Kerala,Kumily,685535,IN,6597
Assam,Tinsukia,786192,IN,6598
Goa,Goa,403110,IN,6599
Maharashtra,Dombivli East Thane,421203,IN,6600
Bihar,Teghra,851133,IN,6601
Jharkhand,Barughutu,825314,IN,6602
Kerala,Kurattissery,689622,IN,6603
West Bengal,Binnaguri,735135,IN,6604
Telangana,Hyderbad,500007,IN,6605
West Bengal,Howrah,711409,IN,6606
Gujarat,Panch Mahals,389001,IN,6607
Kerala,Kozhikode,673001,IN,6608
Rajasthan,Jodhpur,342037,IN,6609
Delhi,New Delhi,110038,IN,6610
Odisha,Chhatrapur,761020,IN,6611
Kerala,Taliparamba,670142,IN,6612
Karnataka,Sarvabhoumnagar  Chikalsandra  Bengaluru,560061,IN,6613
Madhya Pradesh,Bhitarwar,475220,IN,6614
Assam,Kamrup,781038,IN,6615
Haryana,Hisar,125047,IN,6616
Assam,Gauripur,783331,IN,6617
West Bengal,"Haldia, Purba Medinipur",721657,IN,6618
West Bengal,Kolkata,700124,IN,6619
Delhi,New Delhidelhi,110094,IN,6620
Odisha,Berhampur,760003,IN,6621
Maharashtra,Sanpada,400705,IN,6622
Tamil Nadu,Kaveripattinam,635112,IN,6623
Karnataka,Bellare Village And Post,574212,IN,6624
Tamil Nadu,Melur,625106,IN,6625
Tamil Nadu,Salem,636108,IN,6626
Maharashtra,Pali,410205,IN,6627
Punjab,Jalandhar,144032,IN,6628
Telangana,Sangareddy,502294,IN,6629
Rajasthan,Jaipur,302023,IN,6630
Maharashtra,Mumbai,400085,IN,6631
Odisha,Berhampur,760010,IN,6632
Odisha,Rourkela,769012,IN,6633
Kerala,Thodupuzha,685581,IN,6634
Maharashtra,Koliwali Kalyan West,421301,IN,6635
Karnataka,"Navile , Shivamogga",577204,IN,6636
Maharashtra,Mumbai,400019,IN,6637
Kerala,Kottarakkara,691506,IN,6638
Kerala,Alappuzha,690530,IN,6639
West Bengal,Mangalbari,735206,IN,6640
Maharashtra,Thane,421503,IN,6641
Karnataka,Belagavi,590005,IN,6642
Kerala,Kolazhy,680631,IN,6643
Puducherry,Karaikal,609609,IN,6644
West Bengal,Berhampore,742302,IN,6645
Kerala,Kaniyarkode,679106,IN,6646
Uttar Pradesh,Gorakhpur,273010,IN,6647
Uttar Pradesh,Gaura Kala,221112,IN,6648
West Bengal,Bankura,722149,IN,6649
Karnataka,Shivamogga,577203,IN,6650
Kerala,Palakkad,679504,IN,6651
Punjab,"Ludhiana, Punjab (India)",141003,IN,6652
Telangana,Yeldurthy,502255,IN,6653
Andhra Pradesh,Hyderabad,500087,IN,6654
Kerala,Chengannur,689509,IN,6655
Maharashtra,Malkapur Midc,443112,IN,6656
Kerala,Thikkody,673522,IN,6657
Haryana,Rewari,123035,IN,6658
Uttar Pradesh,Greater Noida,201314,IN,6659
Kerala,Malappuram,676551,IN,6660
Maharashtra,Malkapur Dist: Buldhana,443101,IN,6661
Karnataka,Chikode,591216,IN,6662
Ladakh,Leh,194104,IN,6663
Andhra Pradesh,Kakinada (Urban),533004,IN,6664
Kerala,Pathanamthitta,689583,IN,6665
Odisha,Baleshwar,756025,IN,6666
Karnataka,Mandya,571478,IN,6667
Tamil Nadu,Vellore,632406,IN,6668
Maharashtra,Goregaon East  Mumbai,400063,IN,6669
Karnataka,Bangalore,560077,IN,6670
Maharashtra,Raigarh,402201,IN,6671
West Bengal,Haora,711109,IN,6672
Maharashtra,Vasai,401202,IN,6673
West Bengal,Dankuni,712311,IN,6674
Tamil Nadu,Tiruchirappalli,620002,IN,6675
Kerala,Paravur,683594,IN,6676
Andhra Pradesh,Naguluppala Padu,523180,IN,6677
Haryana,Udyogh Vihar Phase 2,122016,IN,6678
Karnataka,Kudur,561101,IN,6679
Karnataka,Belagavi,591221,IN,6680
West Bengal,Sarisha,743368,IN,6681
Maharashtra,Virar,401303,IN,6682
Andaman and Nicobar Islands,Portblair,744103,IN,6683
Kerala,Thiruvalla,689108,IN,6684
Uttar Pradesh,Dibiyapur,206244,IN,6685
Kerala,Attingal,695605,IN,6686
Maharashtra,Pune,412109,IN,6687
Jharkhand,Jamshedpur,831015,IN,6688
Kerala,Kozikode,673012,IN,6689
Maharashtra,Ozar,422206,IN,6690
Goa,Margao,403722,IN,6691
Telangana,Secunderabad,500071,IN,6692
Delhi,Delhi,110019,IN,6693
Gujarat,Valsad,396007,IN,6694
Andhra Pradesh,Guntur,522005,IN,6695
Tamil Nadu,Trichy,621218,IN,6696
Uttar Pradesh,Chunar,231306,IN,6697
Kerala,Alappuzha,689511,IN,6698
Kerala,Alappuzha,688533,IN,6699
Kerala,Idukki,685515,IN,6700
Mizoram,Aizawl,796007,IN,6701
Telangana,Gachibowli / Hyderabad,500032,IN,6702
Chandigarh,Chandigarh - 160023,160023,IN,6703
Gujarat,Ahmedabad.,380055,IN,6704
Kerala,Palakkad,678009,IN,6705
Goa,Sao Jose De Areal,403709,IN,6706
Haryana,Manesar,122051,IN,6707
Assam,Duliajan No 1,786191,IN,6708
Assam,Tezpur,784028,IN,6709
Lakshadweep,Kalpeni,682557,IN,6710
Chhattisgarh,Bhilai,490009,IN,6711
Goa,Betalbatim,403713,IN,6712
Maharashtra,Manchar,410503,IN,6713
Maharashtra,"Mumbai,  Andheri West",400053,IN,6714
Uttar Pradesh,Varanasi,221109,IN,6715
Goa,North Goa,403509,IN,6716
Uttar Pradesh,Baghpat,250609,IN,6717
West Bengal,Cooch Behar,736159,IN,6718
West Bengal,Kolkata,700131,IN,6719
Kerala,Mavelikkara,690110,IN,6720
Manipur,Imphal,795126,IN,6721
Kerala,Kochi,683514,IN,6722
Odisha,Salipur,754202,IN,6723
Maharashtra,Nallasopara,401203,IN,6724
West Bengal,Shyamnagar,743127,IN,6725
Jharkhand,Phusro,829144,IN,6726
Uttarakhand,Bahadarabad,249402,IN,6727
Odisha,Cuttack,753002,IN,6728
Maharashtra,Pachwad Tal Wai District Satara,415513,IN,6729
West Bengal,Howrah,712404,IN,6730
Karnataka,Whitefield,560066,IN,6731
Kerala,Malappuram District,679573,IN,6732
Rajasthan,Baggar,333023,IN,6733
Maharashtra,"Santacruz East, Mumbai",400055,IN,6734
Kerala,Thiruvananthapuram,695601,IN,6735
Uttarakhand,Kausani,263639,IN,6736
Odisha,"Khurda,Bhubaneswar",751013,IN,6737
Kerala,Ernakulam,683549,IN,6738
Karnataka,Bangalore Urban,560043,IN,6739
West Bengal,"Birati, Kolkata",700051,IN,6740
Madhya Pradesh,Babai,461661,IN,6741
Madhya Pradesh,Lahar,477445,IN,6742
Maharashtra,Rahatani,411017,IN,6743
Odisha,Jagatsinghapur,754142,IN,6744
Uttar Pradesh,Kachhrahwa Tola,273306,IN,6745
Karnataka,Bangalore,560024,IN,6746
West Bengal,Durgapur,713201,IN,6747
Andhra Pradesh,Pedavegi,534450,IN,6748
Karnataka,Kumta,581351,IN,6749
Chhattisgarh,Korba,495452,IN,6750
Uttarakhand,Almora,263656,IN,6751
Rajasthan,Bharatpur,321411,IN,6752
Tamil Nadu,Thirupuvanam Thanjavur District,612103,IN,6753
Andhra Pradesh,East Godavari,533201,IN,6754
Uttar Pradesh,Jaunpur,222131,IN,6755
Karnataka,Hubballi,580029,IN,6756
Tamil Nadu,Villupuram,606202,IN,6757
West Bengal,Kolkata,700073,IN,6758
Uttar Pradesh,Mau,276129,IN,6759
Karnataka,Mandya,571463,IN,6760
West Bengal,Kolkata,700150,IN,6761
Haryana,Adampur,125052,IN,6762
Bihar,Bodh Gaya,824234,IN,6763
Maharashtra,Lasalgaon,422306,IN,6764
Kerala,Vaikom,686143,IN,6765
Karnataka,Uttarakannada,581303,IN,6766
Maharashtra,Armori,441208,IN,6767
Karnataka,Bangalore-560 086,560086,IN,6768
Gujarat,Jamjodhpur,360530,IN,6769
Madhya Pradesh,Narsinghpur,487001,IN,6770
Maharashtra,Airoli,400708,IN,6771
Assam,Dhubri,783301,IN,6772
Gujarat,"Malpur Road, Modasa",383315,IN,6773
Andhra Pradesh,Anakapalli,531001,IN,6774
West Bengal,Darjeelingd,734101,IN,6775
West Bengal,Kolkata,700126,IN,6776
West Bengal,Rupnarayanpur,713364,IN,6777
Delhi,North Delhi,110089,IN,6778
West Bengal,Darjeeling,734105,IN,6779
Karnataka,Siddapur,581355,IN,6780
Odisha,"Bonda,Banarpal",759128,IN,6781
Andhra Pradesh,"Banaganapalli, Kurnool",518124,IN,6782
Tamil Nadu,Chinnamanur,625515,IN,6783
Kerala,Parappanangadi,676303,IN,6784
Karnataka,Bantval,574211,IN,6785
Gujarat,Gandhinagar,382002,IN,6786
West Bengal,Kolkata 700036,700036,IN,6787
Gujarat,Upleta,360490,IN,6788
West Bengal,Siliguri,734008,IN,6789
Karnataka,Tumkur,572107,IN,6790
Chhattisgarh,Risali Bhilai,490006,IN,6791
Tamil Nadu,Painkulam,629176,IN,6792
Tamil Nadu,Puliankudi,627855,IN,6793
Kerala,Pathanamthitta,689501,IN,6794
Tamil Nadu,Perumandi,612501,IN,6795
Assam,Dibrugarh,786602,IN,6796
Maharashtra,Mehkar,443301,IN,6797
Kerala,Aluva,683105,IN,6798
Kerala,Pappinisseri,670561,IN,6799
Kerala,Nedumangad,695561,IN,6800
Assam,Dudhnai,783124,IN,6801
Himachal Pradesh,Kala Amb,173030,IN,6802
Tamil Nadu,Trichy,621111,IN,6803
West Bengal,Bankura.,722101,IN,6804
Goa,Varca,403717,IN,6805
Maharashtra,Kalyan,421002,IN,6806
Maharashtra,Mangrulpir,444403,IN,6807
Madhya Pradesh,Singrauli,486890,IN,6808
Kerala,Varkala,695141,IN,6809
Delhi,Delhi,110016,IN,6810
West Bengal,Bardhaman,713364,IN,6811
Maharashtra,Sindkhed Raja,443202,IN,6812
Uttar Pradesh,Babrala,243751,IN,6813
Haryana,"Safidon, Ditt. Jind",126112,IN,6814
Maharashtra,Chandvad,423101,IN,6815
Tamil Nadu,Chrompet,600044,IN,6816
Maharashtra,"Pimpri Chinchwad, Pune",411027,IN,6817
Kerala,Atholi,673315,IN,6818
Himachal Pradesh,Paonta Sahib,173025,IN,6819
Tripura,Halhali,799286,IN,6820
Kerala,Perinthalmanna,679357,IN,6821
Karnataka,Honnavar,581334,IN,6822
Uttar Pradesh,Maharajganj,221314,IN,6823
Maharashtra,Dombivili,421201,IN,6824
Goa,Dramapur,403725,IN,6825
Maharashtra,Nasik,422004,IN,6826
Tamil Nadu,Arani Tiruvannamalai District,632317,IN,6827
Assam,Rani Block,781131,IN,6828
Goa,Chicalim,403712,IN,6829
Maharashtra,Pimpri - Chinchwad,411033,IN,6830
Karnataka,Jagalur,577528,IN,6831
Jammu & Kashmir,Budgam,190015,IN,6832
Himachal Pradesh,Bilaspur,174002,IN,6833
Punjab,Sufipind,144024,IN,6834
Haryana,Charkhi Dadri,127306,IN,6835
Bihar,Rohtas,821307,IN,6836
Himachal Pradesh,Solan,174101,IN,6837
Tamil Nadu,Coonoor,643102,IN,6838
Maharashtra,Nagpur,441502,IN,6839
Goa,Parra,403510,IN,6840
Rajasthan,"Bhiwadi, Alwar",301019,IN,6841
Chhattisgarh,Bilha,495224,IN,6842
Andhra Pradesh,Palamaner,517408,IN,6843
Delhi,Mayur Vihar-3,110096,IN,6844
Tamil Nadu,"Kulayankarisal,Thoothukudi District",628103,IN,6845
West Bengal,Chandannagar,712138,IN,6846
Maharashtra,Pampalner,424306,IN,6847
Maharashtra,Solapur,413219,IN,6848
Tamil Nadu,Chengelpet,603002,IN,6849
Tamil Nadu,Karur,639006,IN,6850
West Bengal,"Palta, North 24 Paraganas, West Bengal",743122,IN,6851
Rajasthan,Nadbai,321602,IN,6852
Uttar Pradesh,Jalalabad Shahjahanpur District,242221,IN,6853
Maharashtra,Vishrambhag Sangli,416416,IN,6854
Karnataka,Sullia,574234,IN,6855
Andhra Pradesh,Guntur,522113,IN,6856
Uttarakhand,Gadarpur,263152,IN,6857
Assam,Jorhat,785107,IN,6858
West Bengal,Kharagpur,721304,IN,6859
Tamil Nadu,Thottiyam,621215,IN,6860
Kerala,Alappuzha,688582,IN,6861
Kerala,Vengola,683556,IN,6862
Tamil Nadu,Chennai,600031,IN,6863
Punjab,Firozpur Cantt,152001,IN,6864
Madhya Pradesh,Pandhana,450661,IN,6865
Maharashtra,Akola,444003,IN,6866
Tamil Nadu,Pudukkottai,613401,IN,6867
Odisha,Bhubaneswar,751005,IN,6868
Maharashtra,Kaij,431123,IN,6869
Maharashtra,Ambarnath,421506,IN,6870
Kerala,Alappuzha,688561,IN,6871
Andhra Pradesh,Venkatagiri,524132,IN,6872
Kerala,Kollam,691508,IN,6873
West Bengal,Siliguri,734006,IN,6874
Telangana,Rr Dist.,501359,IN,6875
Uttar Pradesh,Basti,272301,IN,6876
Gujarat,Bardoli,394350,IN,6877
Kerala,Thrissur,680011,IN,6878
Odisha,Surada,761108,IN,6879
Telangana,Warangal,506314,IN,6880
West Bengal,Kolkata,700005,IN,6881
Tamil Nadu,Peruvilai,629501,IN,6882
Maharashtra,"Mira Road East, Mumbai 401107",401107,IN,6883
Jammu & Kashmir,Srinagar,193401,IN,6884
Kerala,Cherpu,680561,IN,6885
Telangana,"Kompally , Hyd",500014,IN,6886
Tamil Nadu,Tiruppur,641605,IN,6887
Maharashtra,Koregaon,415501,IN,6888
Kerala,Kochi,682004,IN,6889
Uttar Pradesh,Mahroni,284405,IN,6890
Assam,Moran,785670,IN,6891
Madhya Pradesh,Bhander,475335,IN,6892
Jammu & Kashmir,Jammu And Kadhmir,181152,IN,6893
Maharashtra,"Pimpri Chinchwad, Pune",411017,IN,6894
Kerala,Kochi,682003,IN,6895
Uttar Pradesh,Vrindavan- 281121,281121,IN,6896
West Bengal,Kolkata- 700031,700031,IN,6897
Madhya Pradesh,Garoth,458880,IN,6898
West Bengal,Nandigram,721631,IN,6899
Kerala,Puthenchira,680682,IN,6900
Rajasthan,Sanchore,343041,IN,6901
Kerala,Kadungalloor,683511,IN,6902
Rajasthan,Kishangarh (Ajmer),305801,IN,6903
Kerala,Ernakulam,682016,IN,6904
Punjab,Phillaur,144410,IN,6905
Maharashtra,"Complex ,Andheri West,Mumbai",400053,IN,6906
West Bengal,Kulti,713343,IN,6907
Andhra Pradesh,Kankipadu,521151,IN,6908
Maharashtra,Parli,431515,IN,6909
Odisha,Karanjia,757037,IN,6910
Meghalaya,Shillong,793021,IN,6911
Goa,Bardez,403521,IN,6912
Uttar Pradesh,Ghaziabadlpi,201010,IN,6913
Kerala,Thrissur,680687,IN,6914
West Bengal,Debra,721160,IN,6915
West Bengal,Birpara Tea Garden,735204,IN,6916
Haryana,Bawal,123501,IN,6917
West Bengal,Kolkata,700076,IN,6918
Kerala,Ettumanoor,686572,IN,6919
Uttar Pradesh,Fatehganj Pashchimi,243501,IN,6920
West Bengal,Ichapur Maniktala,743144,IN,6921
Kerala,Palakkad,679313,IN,6922
Karnataka,Udupi,576113,IN,6923
Karnataka,Ballari,583131,IN,6924
Telangana,Khammam,507202,IN,6925
Tamil Nadu,Jalagandapuram,636501,IN,6926
Rajasthan,Ajmer,305006,IN,6927
Odisha,Jajapur,755050,IN,6928
Uttar Pradesh,Gorakhpur,273212,IN,6929
Telangana,Narsampet,506132,IN,6930
Uttar Pradesh,Hardoihardoi,241001,IN,6931
Odisha,Bargarh District,768104,IN,6932
Maharashtra,Murbad,421401,IN,6933
West Bengal,Budge Budge,700138,IN,6934
Kerala,Manakunnam,682307,IN,6935
Madhya Pradesh,Datia,475661,IN,6936
Andhra Pradesh,Guntur,522317,IN,6937
Manipur,Imphal,795008,IN,6938
Telangana,Kosigi,509339,IN,6939
West Bengal,Alipore Kolkata,700027,IN,6940
West Bengal,Itahar,733143,IN,6941
Kerala,Kannur,670304,IN,6942
Punjab,Jalandha,144411,IN,6943
Assam,Jorhat,785010,IN,6944
West Bengal,Chittaranjan,713331,IN,6945
West Bengal,"P.O.-Rahara , P.S.-Khardah.",700118,IN,6946
Kerala,Ernakulam,682316,IN,6947
Kerala,Thottada (Po),670007,IN,6948
Kerala,Punnayur,679564,IN,6949
Rajasthan,Chittorgarh,312001,IN,6950
Punjab,Dirba,148035,IN,6951
Rajasthan,Arnod,312615,IN,6952
West Bengal,"Kirnahar , Birbhum",731302,IN,6953
Chhattisgarh,Raipur,492009,IN,6954
West Bengal,Nibra,711409,IN,6955
Uttar Pradesh,Sasni,204216,IN,6956
Andaman and Nicobar Islands,Swaraj Dweep,744211,IN,6957
Odisha,"Barang, Dadhapatna",754005,IN,6958
Karnataka,Kolar Gold Field - Kgf,563122,IN,6959
Assam,Guwahati,781032,IN,6960
Kerala,Pallikkunnu,670008,IN,6961
Karnataka,Koppal,584124,IN,6962
Odisha,Khandapara,752077,IN,6963
Karnataka,Mysore,570028,IN,6964
Punjab,Mandi Govindgarh,147301,IN,6965
Punjab,Khanna,141401,IN,6966
Uttar Pradesh,Gangoh,247341,IN,6967
Maharashtra,Pune 411030,411030,IN,6968
Maharashtra,Katol,441302,IN,6969
Chandigarh,Chandigarh,160035,IN,6970
Gujarat,Anand,388315,IN,6971
Bihar,Dumraon,802119,IN,6972
Tamil Nadu,Natham,624401,IN,6973
Delhi,Delhi,110052,IN,6974
Madhya Pradesh,Pipariya Dist. Hoshangabad,461775,IN,6975
Goa,Quepem,403703,IN,6976
Maharashtra,Dahanu,401602,IN,6977
Maharashtra,"Patas , District Daund, Puna",412219,IN,6978
Maharashtra,New Thakurli,421201,IN,6979
Bihar,Nagarbasti,848101,IN,6980
Kerala,Kunnamangalam,673570,IN,6981
Goa,Margao,403720,IN,6982
Chhattisgarh,Charama,494337,IN,6983
Tamil Nadu,Adambakkam,600088,IN,6984
Assam,Hailakandi,788026,IN,6985
West Bengal,Durgapur,713321,IN,6986
West Bengal,Uttar Kusum,743375,IN,6987
Maharashtra,Dombivli East,421203,IN,6988
West Bengal,Farakka Barrage Township,742236,IN,6989
Kerala,Irikkur,670593,IN,6990
Andhra Pradesh,Akividu,534235,IN,6991
Kerala,Kochi,682012,IN,6992
Chhattisgarh,Kanker,494334,IN,6993
Karnataka,Virajpete,571253,IN,6994
Jharkhand,Ramghar,829124,IN,6995
Kerala,Ernakulam,682035,IN,6996
Kerala,Malappuram,676523,IN,6997
Kerala,Pathanamthitta,689585,IN,6998
Himachal Pradesh,Manali,175103,IN,6999
Bihar,Buxar,802133,IN,7000
Maharashtra,"Neral East, Karjat Raigad",410101,IN,7001
Tamil Nadu,Alangulam Tirunelveli District,627851,IN,7002
Uttarakhand,Dehradun,248141,IN,7003
Karnataka,Kuppepadav,574144,IN,7004
Andhra Pradesh,Kadapa,516107,IN,7005
Karnataka,Udupi,574122,IN,7006
Maharashtra,Nashik,423213,IN,7007
Andhra Pradesh,Pittalavanipalem,522329,IN,7008
Kerala,Taliparamba,670502,IN,7009
Maharashtra,Vengurla,416517,IN,7010
Kerala,Kollam,691559,IN,7011
Karnataka,Gangawati,583275,IN,7012
Odisha,Panikoili,755043,IN,7013
Kerala,Talikkulam,680569,IN,7014
Jammu & Kashmir,"Jammu, Vijaypur",184120,IN,7015
West Bengal,Asansol,713333,IN,7016
Karnataka,Karwar,581396,IN,7017
Punjab,Fazilka,152116,IN,7018
Karnataka,Virajpete,571216,IN,7019
Madhya Pradesh,Jabalpur,482009,IN,7020
Maharashtra,Jalgaon,424101,IN,7021
Gujarat,Danta,385120,IN,7022
Maharashtra,"Vashi, Navi Mumbai",400703,IN,7023
West Bengal,Khardaha,700116,IN,7024
Tamil Nadu,Cheranmadevi,627414,IN,7025
Odisha,Berhampur,760007,IN,7026
Punjab,Gurdaspur,145026,IN,7027
Madhya Pradesh,Lakhnadon,480886,IN,7028
Tamil Nadu,Kanniyakumari,629401,IN,7029
Bihar,Manpur Abgilla Devi Asthan,823003,IN,7030
Tamil Nadu,Ramanathapuram,623522,IN,7031
Kerala,Udumbanchola,685566,IN,7032
Andhra Pradesh,Guntur,522659,IN,7033
Delhi,Delhi,110017,IN,7034
West Bengal,Panchpara,711317,IN,7035
Maharashtra,Paras,444109,IN,7036
West Bengal,Taki,743429,IN,7037
Maharashtra,Fort (Mumbai),400001,IN,7038
Tamil Nadu,"Palayamkottai, Tirunelveli",627002,IN,7039
Delhi,Pandav Nagar Janta Garden,110091,IN,7040
Andhra Pradesh,Madanapalle,517325,IN,7041
Punjab,Baba Bakala,143201,IN,7042
Maharashtra,Mira Road East Thane,401107,IN,7043
Karnataka,Bangalore,560036,IN,7044
Kerala,Thrissur,680571,IN,7045
Maharashtra,"Newasa-Phata, Tal-Newasa, Dist-Ahmednagar",414603,IN,7046
Tamil Nadu,Chennai 600004,600004,IN,7047
Uttar Pradesh,Sandi,241403,IN,7048
West Bengal,Rajbalhat,712408,IN,7049
West Bengal,Raniganj,713347,IN,7050
Uttar Pradesh,Chitbara Gaon,221713,IN,7051
Maharashtra,Bhor,412206,IN,7052
Tamil Nadu,Thiruvarur,611101,IN,7053
Maharashtra,"Bajajnagar, Aurangabad.",431136,IN,7054
Telangana,Nagarkurnool,509209,IN,7055
West Bengal,Farakka Pts Township,732215,IN,7056
Rajasthan,Ajmer,305005,IN,7057
Rajasthan,Jhunjhunu,333031,IN,7058
Telangana,Warangal,506163,IN,7059
Kerala,Irinjalakuda,680121,IN,7060
Uttarakhand,Gopeshwar,246401,IN,7061
Telangana,Hyderabad,501401,IN,7062
Bihar,Darbhanga,847304,IN,7063
Himachal Pradesh,Kangra,176051,IN,7064
Kerala,Njarackal P.O,682505,IN,7065
Kerala,"Elettil Vattoli,Kozhikode",673572,IN,7066
Maharashtra,Vasai West,401201,IN,7067
Maharashtra,Pune51,411051,IN,7068
Andhra Pradesh,Visakhapatnam,530024,IN,7069
Tamil Nadu,Vellore,632003,IN,7070
Chhattisgarh,Balodabazar,493332,IN,7071
Tamil Nadu,Karur,639114,IN,7072
Uttar Pradesh,Shravasti,271803,IN,7073
Bihar,Chapra,841302,IN,7074
Odisha,Debagarh,768119,IN,7075
Tamil Nadu,Nagapattinam,611002,IN,7076
Kerala,Vannappuram,685607,IN,7077
Uttar Pradesh,Prayagraj,211006,IN,7078
Andhra Pradesh,Anakapalle,531002,IN,7079
Tamil Nadu,Koil Palayam,642110,IN,7080
Tripura,Agartala,799002,IN,7081
Tamil Nadu,Mekkamandabam,629166,IN,7082
Uttar Pradesh,Meerut,250005,IN,7083
Gujarat,Valsad,396002,IN,7084
Tamil Nadu,Melmaruvathur,603319,IN,7085
Maharashtra,Alandi,412105,IN,7086
Kerala,Thiruvalla,689581,IN,7087
Maharashtra,Pune,411022,IN,7088
Maharashtra,Mumbai No. 400053,400014,IN,7089
Kerala,"Chalakkal,Aluva",683105,IN,7090
Uttar Pradesh,Middha,277506,IN,7091
Karnataka,Davangere-577004,577004,IN,7092
Uttar Pradesh,Bharthana,206242,IN,7093
Kerala,Kalamassery,683563,IN,7094
Kerala,Alappuzha,689121,IN,7095
Assam,Biswanath Chariali,784177,IN,7096
Gujarat,Gandhinagar,382029,IN,7097
Kerala,Changanacherry,686103,IN,7098
Telangana,"Kallur,Khammam Dist",507209,IN,7099
Andhra Pradesh,Vijayawada,520003,IN,7100
Andhra Pradesh,Nellore,524228,IN,7101
Tamil Nadu,"Anna Nagar West, Chennai",600040,IN,7102
Kerala,Alappuzha,689572,IN,7103
Tamil Nadu,Nallur Kanniyakumari District,629165,IN,7104
Bihar,Pothia,855107,IN,7105
Karnataka,Malur Industrial Area,563160,IN,7106
Bihar,Sheikhpura,811104,IN,7107
Telangana,"Miyapur, Hyderabad",500049,IN,7108
Goa,South Goa,403401,IN,7109
Andhra Pradesh,Mandapeta,533308,IN,7110
Maharashtra,Kolhapur,416002,IN,7111
Kerala,Manjeri,676123,IN,7112
Kerala,Kannur,670310,IN,7113
Tamil Nadu,Chengalpattu,603127,IN,7114
Tamil Nadu,Ayacode,629177,IN,7115
Himachal Pradesh,Shimla,172030,IN,7116
Tamil Nadu,Coimbatore,641401,IN,7117
Gujarat,Baroda,390004,IN,7118
Andhra Pradesh,Razole,533244,IN,7119
Maharashtra,Virar West,401301,IN,7120
Kerala,Kunnathunad,682311,IN,7121
Bihar,Kishanganj,855107,IN,7122
Maharashtra,Malkapur Buldana District,443101,IN,7123
Haryana,Panipat Refinery Township,132140,IN,7124
Tamil Nadu,Thondi,623409,IN,7125
West Bengal,Diamond Harbour,743331,IN,7126
Karnataka,Mulki,574154,IN,7127
Delhi,Delhi,110045,IN,7128
Maharashtra,Ambejogai,431517,IN,7129
Kerala,Ernakulam,682040,IN,7130
Puducherry,Pondicherry,605014,IN,7131
Uttarakhand,Almora,263676,IN,7132
Maharashtra,"Ulwe,Navi Mumbai",410206,IN,7133
Gujarat,Jamnagar,361006,IN,7134
Goa,Bicholim,403529,IN,7135
Kerala,Kottayam,686652,IN,7136
Gujarat,Jalalpore,396450,IN,7137
Kerala,Thazhuthala,691020,IN,7138
Maharashtra,Ausa,413520,IN,7139
West Bengal,Bidhan Nagar,700097,IN,7140
Kerala,Thiruvananthapuram,695586,IN,7141
Maharashtra,Mumbai,401106,IN,7142
Rajasthan,Sagwara,314031,IN,7143
Rajasthan,Kota,324004,IN,7144
Kerala,Kandamkunnu,670701,IN,7145
West Bengal,Andul,711302,IN,7146
Punjab,Batala,143514,IN,7147
Madhya Pradesh,Tamia,480559,IN,7148
Odisha,"Jatani, Bhubaneswar",752050,IN,7149
Telangana,Medak,502108,IN,7150
Uttar Pradesh,Mirzapur,231001,IN,7151
Kerala,Kollam,691008,IN,7152
Maharashtra,"Magarpatta City, Pune",411028,IN,7153
Tamil Nadu,"Chunkankadai, Nagercoil",629003,IN,7154
Maharashtra,Nagothane,402125,IN,7155
West Bengal,Islampur,733202,IN,7156
Karnataka,Mysuru,570024,IN,7157
Tamil Nadu,Kanchipuram,600116,IN,7158
Maharashtra,Ahmednagar,414002,IN,7159
Kerala,Ernakulam,682314,IN,7160
Maharashtra,Kalameshwar,441501,IN,7161
Uttar Pradesh,Jakhaura Talbehat,284124,IN,7162
Tamil Nadu,Thiruninravur,602024,IN,7163
Odisha,Dhenkanal,759016,IN,7164
Tamil Nadu,Madurai,625006,IN,7165
Bihar,Laukaha,852110,IN,7166
West Bengal,Chinsurah Hooghly,712103,IN,7167
Uttar Pradesh,Sultanpur,222303,IN,7168
Odisha,Jajpur,755019,IN,7169
Kerala,Varkala,695144,IN,7170
Andhra Pradesh,Gudur,524412,IN,7171
Punjab,Mansa,151505,IN,7172
Uttarakhand,Bageshwar,263641,IN,7173
Uttar Pradesh,Firozabad,283207,IN,7174
Tamil Nadu,Kangeyam,638701,IN,7175
Tamil Nadu,"Sudarsan Nagar, Madambakkam",600126,IN,7176
Maharashtra,Thane - Mumbai,421202,IN,7177
Punjab,Hoshiarpur-146111,146111,IN,7178
Andhra Pradesh,Srikakulam,532402,IN,7179
Maharashtra,Kalyan,421605,IN,7180
Madhya Pradesh,Badarwas,473770,IN,7181
Maharashtra,Nashik 422003,422005,IN,7182
Gujarat,Kosamba,394120,IN,7183
Kerala,"Kozhenchery, Pathanamthitta",689642,IN,7184
West Bengal,Habibpur,741402,IN,7185
Karnataka,Bangalore18,560018,IN,7186
Kerala,Kottayam,686605,IN,7187
Maharashtra,Bhiwandi,421308,IN,7188
Karnataka,Chikodi,591201,IN,7189
Uttar Pradesh,Powayan,242401,IN,7190
Rajasthan,Rajgarh Alwar District,301408,IN,7191
Tamil Nadu,Coimbatore,641103,IN,7192
Odisha,Ganjam,761031,IN,7193
Karnataka,Channapatna,562160,IN,7194
Goa,South Goa,403725,IN,7195
Haryana,Panipat,132113,IN,7196
Maharashtra,"Phondaghat, Kankavli",416601,IN,7197
Maharashtra,Sangli Miraj Kupwad,416436,IN,7198
Karnataka,Yadgir,585215,IN,7199
Uttar Pradesh,Allahabad,221507,IN,7200
Kerala,Porathissery,680121,IN,7201
Delhi,Delhi,110068,IN,7202
Uttar Pradesh,Bareilly,243201,IN,7203
Rajasthan,Jaipur,303805,IN,7204
Maharashtra,Karad,415124,IN,7205
Andhra Pradesh,Ananthapur,515415,IN,7206
Telangana,Sangareddy,502269,IN,7207
Maharashtra,Shirala,415408,IN,7208
Uttar Pradesh,Auraiya,206129,IN,7209
Kerala,Thrissur,680587,IN,7210
West Bengal,"New Town , Kolkata",700135,IN,7211
Rajasthan,Jaisalmer,345024,IN,7212
Madhya Pradesh,Hoshangabad,461001,IN,7213
Assam,Nalbari,781334,IN,7214
Andhra Pradesh,Madakasira,515301,IN,7215
Chhattisgarh,Raipur,492003,IN,7216
Bihar,Warisaliganj,805130,IN,7217
Kerala,Pazhuvil West,680564,IN,7218
Maharashtra,Vasai Virar,401301,IN,7219
Kerala,Kurattissery,690105,IN,7220
Tamil Nadu,"Thirugokarnam, Pudukkottai",622002,IN,7221
Andhra Pradesh,Hyderabad,500086,IN,7222
Kerala,Malappuram,679328,IN,7223
Maharashtra,"Kausa, Mumbra",400612,IN,7224
Rajasthan,Jhunjhunun,333001,IN,7225
Rajasthan,Jaipur,302022,IN,7226
Delhi,East Delhi,110091,IN,7227
Rajasthan,Pali,306021,IN,7228
Gujarat,Porbandar,360578,IN,7229
West Bengal,Kolkata,700118,IN,7230
Kerala,Nelluvai,680584,IN,7231
Kerala,Aluva,683108,IN,7232
Tamil Nadu,Krishnagiri,635201,IN,7233
Bihar,Dehri,821307,IN,7234
Kerala,Thalayolaparambu,686605,IN,7235
Tamil Nadu,Tiruchirappalli,620003,IN,7236
West Bengal,Berhampore,742305,IN,7237
Odisha,Cuttack,753015,IN,7238
West Bengal,Madhyamgram,700130,IN,7239
Kerala,"Makkada,Kozhikode",673611,IN,7240
Andhra Pradesh,Guntur,522236,IN,7241
Tamil Nadu,Nagercoil,629603,IN,7242
Maharashtra,Nashik,422214,IN,7243
Rajasthan,Siriyasar Kalan Ka Baas,333041,IN,7244
West Bengal,North 24 Parganas,700119,IN,7245
Tamil Nadu,Tiruchirappalli,621208,IN,7246
Rajasthan,Jaipur,302024,IN,7247
West Bengal,Belghoria,700056,IN,7248
Maharashtra,Bhayander East,401105,IN,7249
West Bengal,Sonamukhi,722207,IN,7250
Karnataka,Bengaluru,562109,IN,7251
Maharashtra,Rethare Bk. Tal Karad Dist Satara,415108,IN,7252
Maharashtra,Amalner,425401,IN,7253
Telangana,Pargi,501501,IN,7254
Maharashtra,"Chembur, Mumbai",400071,IN,7255
Goa,Candolim,403515,IN,7256
Karnataka,Dharmasthala,574216,IN,7257
Goa,North Goa,403521,IN,7258
Telangana,Sangareddy,502295,IN,7259
West Bengal,Memari; Maheshpur Primary School,713146,IN,7260
Kerala,Sulthan Bathery,673592,IN,7261
West Bengal,Basirhat,743411,IN,7262
West Bengal,Purulia I,723103,IN,7263
Andhra Pradesh,Denduluru,534450,IN,7264
Punjab,Goraya,144418,IN,7265
Andhra Pradesh,Hyderabad,500013,IN,7266
Kerala,Kumily,685509,IN,7267
West Bengal,Nadia,741151,IN,7268
Bihar,Benipatti,847222,IN,7269
Maharashtra,T,421201,IN,7270
Tamil Nadu,Ariyalur,621704,IN,7271
West Bengal,Siliguri,734002,IN,7272
Andhra Pradesh,Nellore,524341,IN,7273
Kerala,Kannur,670703,IN,7274
Karnataka,Bengaluru,560108,IN,7275
Karnataka,Kodagu,571234,IN,7276
Kerala,Muvattupuzha,686689,IN,7277
Telangana,Wanaparthy,509381,IN,7278
Assam,Cachar,788011,IN,7279
Kerala,Kozhenchery,689611,IN,7280
West Bengal,"Rajarhat, Kathgola",700135,IN,7281
Karnataka,Mysore,570019,IN,7282
Assam,North Guwahati,781039,IN,7283
Andhra Pradesh,Guntur,522603,IN,7284
Madhya Pradesh,Shivpuri,473885,IN,7285
West Bengal,"Contai, East Medinipur",721401,IN,7286
West Bengal,Panihati,700110,IN,7287
Kerala,Kollam,691507,IN,7288
Andhra Pradesh,Sullurupeta,524121,IN,7289
West Bengal,North 24 Parganas,700059,IN,7290
Tamil Nadu,Periyamanali,637018,IN,7291
Goa,Anjuna,403509,IN,7292
Delhi,New Delhi.53,110053,IN,7293
Maharashtra,Vishrambag Sangli,416416,IN,7294
Madhya Pradesh,Amla,460551,IN,7295
Kerala,Thennala,676508,IN,7296
Uttarakhand,Haridwar,249401,IN,7297
Gujarat,Rajkot,360003,IN,7298
Maharashtra,Goregaon West,400062,IN,7299
Maharashtra,Punawale Pimpri Chinchwad,411033,IN,7300
Uttar Pradesh,Seohara,246746,IN,7301
Uttar Pradesh,Kanth Moradabad District,244501,IN,7302
Kerala,Perinthalmanna,679323,IN,7303
West Bengal,Chinsurah,712222,IN,7304
Karnataka,Bangalore,560095,IN,7305
Maharashtra,Vasai,401208,IN,7306
Himachal Pradesh,Baldwara,175033,IN,7307
Kerala,Adoor,691554,IN,7308
West Bengal,Malda,732102,IN,7309
Karnataka,Mysuru,570006,IN,7310
Maharashtra,Nashik,422004,IN,7311
Madhya Pradesh,Burhar,484110,IN,7312
Kerala,Adinad,690573,IN,7313
Tamil Nadu,Arcot,632521,IN,7314
Maharashtra,Mumbai (E),400008,IN,7315
Punjab,"Urmar Tanda, Hoshiarpur",144204,IN,7316
Kerala,Kodungallur,680669,IN,7317
Maharashtra,Talegaon Dabhade,410506,IN,7318
Andhra Pradesh,Mogaltur,534281,IN,7319
Uttar Pradesh,Nawabganj Unnao District,209859,IN,7320
Kerala,Thrissur,680664,IN,7321
Uttar Pradesh,Roorkee Road Meerut,250001,IN,7322
Karnataka,Honavar,581348,IN,7323
Tamil Nadu,Harveypatti,625006,IN,7324
Uttar Pradesh,"Phulpur,Allahabad",212404,IN,7325
Kerala,Ernakulam,682041,IN,7326
Goa,Miramar,403001,IN,7327
Karnataka,Puttur,574221,IN,7328
Andhra Pradesh,Zarugumilli,523271,IN,7329
Kerala,Kollam,691520,IN,7330
Jharkhand,Sahibganj,816101,IN,7331
Kerala,Anchal,691306,IN,7332
Karnataka,Robertsonpet,563122,IN,7333
Gujarat,Gandhinagar,382026,IN,7334
Chhattisgarh,Raipur 492004,492004,IN,7335
Karnataka,Thumbe,574143,IN,7336
Andhra Pradesh,Chennur,516162,IN,7337
Kerala,Meppayyur,673541,IN,7338
West Bengal,Bansberia,712148,IN,7339
Karnataka,"Madikeri,Kodagu.",571201,IN,7340
Karnataka,Bengaluru 560016,560016,IN,7341
Karnataka,Moodbidri,574197,IN,7342
Tamil Nadu,Tiruppur,641607,IN,7343
Delhi,East Delhi,110095,IN,7344
Maharashtra,Kamshet,412106,IN,7345
Tamil Nadu,Kanchipuram,603210,IN,7346
Maharashtra,Taloda,425413,IN,7347
Karnataka,Puttur,574220,IN,7348
Odisha,Dhenkanal,759021,IN,7349
Gujarat,Babra,365421,IN,7350
Karnataka,Shimoga,577201,IN,7351
Karnataka,Mellahalli,571422,IN,7352
Odisha,"Bhubaneswar, 751003",751021,IN,7353
West Bengal,Khanakul I,712412,IN,7354
Uttar Pradesh,Azamgarh,223223,IN,7355
Andhra Pradesh,Ongole,523225,IN,7356
Kerala,Vadakara,673106,IN,7357
Haryana,Gurgaon,122006,IN,7358
Maharashtra,Vada,421303,IN,7359
West Bengal,Medinipur,721147,IN,7360
Jharkhand,Ranchi,835103,IN,7361
Chhattisgarh,Bodri,495220,IN,7362
Chhattisgarh,Pusaur,496440,IN,7363
Chhattisgarh,Gobra Nawapara,493885,IN,7364
Kerala,Chengannur,689125,IN,7365
Uttar Pradesh,Balrampur,271201,IN,7366
Andhra Pradesh,Kodur,516101,IN,7367
Assam,Mangaldoi,784529,IN,7368
West Bengal,Mathabhanga,736146,IN,7369
Kerala,Kannur,670674,IN,7370
Assam,Dibrugarh,786010,IN,7371
Maharashtra,Vaduj,415506,IN,7372
Tamil Nadu,Kundrathur,600069,IN,7373
Uttar Pradesh,"Loni, Ghaziabad",201102,IN,7374
Kerala,Payyoli,673522,IN,7375
Maharashtra,Kagal,416216,IN,7376
Odisha,Nayagarh,752085,IN,7377
Andhra Pradesh,Vishakapatnam,531021,IN,7378
Maharashtra,Muktainagar,425306,IN,7379
West Bengal,Kolkata,700132,IN,7380
Kerala,Kalliasseri,670561,IN,7381
Maharashtra,Warora,442907,IN,7382
Himachal Pradesh,Distt.Shimla,171222,IN,7383
Telangana,Pedapalli,505215,IN,7384
Kerala,Chengannur,689521,IN,7385
Goa,Santa Cruz,403005,IN,7386
Uttar Pradesh,Gautam Buddha Nagar,201301,IN,7387
Bihar,Munger,813214,IN,7388
Uttar Pradesh,Sardhana,250342,IN,7389
West Bengal,Hooghly,712202,IN,7390
Kerala,Mundiyeruma,685552,IN,7391
Madhya Pradesh,Guna,473111,IN,7392
Odisha,Dhenkanal,759001,IN,7393
Karnataka,Sira,572137,IN,7394
Tamil Nadu,Madathukulam,642111,IN,7395
Kerala,Guruvayur,680101,IN,7396
Tamil Nadu,Coonoor,643101,IN,7397
Punjab,Patran,147105,IN,7398
Maharashtra,Vengurla,416522,IN,7399
Kerala,Kottayam District,686576,IN,7400
Kerala,Palakkad,678012,IN,7401
Kerala,Palakkad,678721,IN,7402
Kerala,Kulathummal,695572,IN,7403
Uttar Pradesh,Allahabad Prayagraj,211019,IN,7404
Karnataka,Hubballi,580025,IN,7405
Uttar Pradesh,Chunar,231304,IN,7406
Telangana,Nacharam,500076,IN,7407
Telangana,Palakurthy,505187,IN,7408
Assam,Lepetkata,786007,IN,7409
Maharashtra,"Dombivli (East), Thane",421201,IN,7410
Assam,Karimganj,788725,IN,7411
Kerala,Pulamanthole,679323,IN,7412
Maharashtra,Gangakhed,431514,IN,7413
Uttar Pradesh,Rura,209303,IN,7414
Uttar Pradesh,Nichlaul,273311,IN,7415
Andhra Pradesh,"Narasaraopet,Guntur Destrict",522601,IN,7416
Odisha,Cuttack,753011,IN,7417
Tamil Nadu,Arakonam,631004,IN,7418
Assam,Kokrajhar,783346,IN,7419
Uttar Pradesh,Sultanpur,227801,IN,7420
Kerala,Kasaragod,671121,IN,7421
Delhi,New Delhii,110025,IN,7422
Maharashtra,Aheri,442705,IN,7423
Karnataka,Humnabad,585330,IN,7424
Chhattisgarh,Bhatgaon,493222,IN,7425
Madhya Pradesh,Mandsaurmandsour,458001,IN,7426
Uttar Pradesh,"Amethi,Sultanpur",228159,IN,7427
Kerala,Varkala,695311,IN,7428
Odisha,Jharsuguda,768027,IN,7429
Odisha,Baleshwar,756051,IN,7430
Tamil Nadu,Boothapandi,629852,IN,7431
Tamil Nadu,Thikkanamcode,629804,IN,7432
Tamil Nadu,Kanchipuram,600056,IN,7433
Maharashtra,Vasai (E),401208,IN,7434
Telangana,Siddipet,502103,IN,7435
Rajasthan,Anupgarh,335701,IN,7436
Jharkhand,Bokaro Steel City,827003,IN,7437
Kerala,Kalavoor,688522,IN,7438
Uttarakhand,"Kathghariya, Haldwani",263139,IN,7439
Tamil Nadu,Vazhapadi,636115,IN,7440
Telangana,Turkapally,501401,IN,7441
Tamil Nadu,Madurai,625019,IN,7442
Maharashtra,"Pimpri-Chinchwad,",412114,IN,7443
Telangana,Kagaznagar,504296,IN,7444
Uttar Pradesh,"Mathura, Vrindavan",281121,IN,7445
Karnataka,Kumta,581326,IN,7446
Maharashtra,Nimbhore Budruk,425307,IN,7447
Uttarakhand,Chamba,249145,IN,7448
Odisha,Dhenkanal,759025,IN,7449
Himachal Pradesh,Una,177210,IN,7450
Tamil Nadu,Theni,625531,IN,7451
Punjab,Jalandhar,144026,IN,7452
Assam,Chabua,786184,IN,7453
Odisha,Kalinga Nagar Industrial Area,755026,IN,7454
Kerala,Vaniyamkulam Ii,679522,IN,7455
Tamil Nadu,Chennai,601203,IN,7456
West Bengal,Bidhan Nagar,700106,IN,7457
Andhra Pradesh,Ramachandrapuram,533255,IN,7458
West Bengal,"Behala, Kolkata",700034,IN,7459
Kerala,Ernakulam,683106,IN,7460
Kerala,Kottuvally,683517,IN,7461
Andhra Pradesh,Gunturguntur,522034,IN,7462
West Bengal,Bally,711227,IN,7463
Maharashtra,Adyal,441903,IN,7464
Telangana,Miyapur,500049,IN,7465
Kerala,Kalpetta Wayanad,673122,IN,7466
Andhra Pradesh,Tirupati,517101,IN,7467
Rajasthan,Pratapgarh,312605,IN,7468
Maharashtra,Uran,400704,IN,7469
Rajasthan,Riico Industrial Area Rupangarh,305814,IN,7470
Karnataka,Siralkoppa,577428,IN,7471
Meghalaya,Tura,794002,IN,7472
Kerala,Kottayam,686013,IN,7473
Tamil Nadu,Kanchipuram,600064,IN,7474
Kerala,Kottayampoyil/Thalassery,670691,IN,7475
Kerala,Koratty,680308,IN,7476
Kerala,Kollam,690522,IN,7477
Karnataka,Chamarajanagara,571313,IN,7478
Andhra Pradesh,Kurnool,518405,IN,7479
Rajasthan,Jaipurj,302012,IN,7480
Maharashtra,Vasai West,401202,IN,7481
Madhya Pradesh,Khargone,451332,IN,7482
Punjab,Anandpur Sahib,140118,IN,7483
Tamil Nadu,Thanjavur,613002,IN,7484
Chhattisgarh,Mahasamund,493445,IN,7485
Maharashtra,Daund Pune,413801,IN,7486
Tripura,Dinabandhunagar,799046,IN,7487
Gujarat,Kheda,388265,IN,7488
Chhattisgarh,Bacheli,494553,IN,7489
Karnataka,Lingsugur,584122,IN,7490
Maharashtra,Shirpur,425405,IN,7491
Kerala,Karunagapally,690525,IN,7492
West Bengal,Egra,721448,IN,7493
Uttar Pradesh,Faizabad,224202,IN,7494
Karnataka,Bengaluru North,560064,IN,7495
Tamil Nadu,Tirunelveli,627105,IN,7496
Kerala,Kottayam,686004,IN,7497
Maharashtra,Mhveer Society Javal Chokak,416118,IN,7498
Tamil Nadu,Neyyoor,629802,IN,7499
Rajasthan,Dungarpur,314027,IN,7500
Telangana,Hyderabad,500063,IN,7501
West Bengal,Burdwan,713408,IN,7502
Kerala,Othukkungal,676528,IN,7503
Maharashtra,Kolhapur,416118,IN,7504
Maharashtra,Lohgaon Pune,400047,IN,7505
Tamil Nadu,Anupuram,603127,IN,7506
Bihar,Darbhanga,846006,IN,7507
Chhattisgarh,Rajnandgaon,491229,IN,7508
Madhya Pradesh,Bamor,476444,IN,7509
Odisha,Jspl Town Anugul Township,759143,IN,7510
Gujarat,Navsari,396590,IN,7511
Uttarakhand,Bhowali,263132,IN,7512
Telangana,Rangareddy,509207,IN,7513
Rajasthan,Jodhpur,342027,IN,7514
Tamil Nadu,Srivilliputtur,626125,IN,7515
Odisha,Cuttack,753013,IN,7516
Bihar,Tikari Gaya,824236,IN,7517
Uttar Pradesh,Muzaffarnagar,251003,IN,7518
Karnataka,Shivamogga,577202,IN,7519
Goa,Merces,403005,IN,7520
Kerala,Palakkad,678684,IN,7521
Kerala,Kannur,670706,IN,7522
Kerala,Ernakulam,682026,IN,7523
Madhya Pradesh,Mandsour,458669,IN,7524
Kerala,Ariyallur,676319,IN,7525
Uttarakhand,Dehradun,248014,IN,7526
Uttar Pradesh,Kanpur,208020,IN,7527
Goa,Mandrem,403527,IN,7528
Kerala,Thripunithura,682306,IN,7529
Maharashtra,Thane West,400610,IN,7530
Jammu & Kashmir,Pulwama,192301,IN,7531
Maharashtra,Solapur,413228,IN,7532
Maharashtra,Pune-411028,411028,IN,7533
Bihar,Kudra,821108,IN,7534
Kerala,Choondal,680502,IN,7535
Tamil Nadu,Mallankinaru,626109,IN,7536
Maharashtra,Patan,415206,IN,7537
Maharashtra,Pune,412408,IN,7538
Assam,Jamugurihat,784180,IN,7539
Maharashtra,Ghodegaon,414607,IN,7540
Rajasthan,Kherli,321606,IN,7541
Assam,Changsari,781101,IN,7542
Uttar Pradesh,Amethi Sultanpur District,227405,IN,7543
Kerala,"Azhikode ,Kannur",670009,IN,7544
Maharashtra,Mahad Midc,402309,IN,7545
Karnataka,Bangalore Rural,561205,IN,7546
Delhi,Delhi,110030,IN,7547
Kerala,Pala,686576,IN,7548
Jammu & Kashmir,Kathua,184102,IN,7549
Maharashtra,Newasa,414603,IN,7550
Assam,Kokrajhar,783375,IN,7551
Kerala,Kuzhupilly,682502,IN,7552
West Bengal,Raniganj,713358,IN,7553
Karnataka,Hubli,580023,IN,7554
Uttarakhand,Pauri,246174,IN,7555
Tamil Nadu,Valvaithankoshtam,629169,IN,7556
Haryana,Gurgaon,122102,IN,7557
Jharkhand,Baliapur,828201,IN,7558
Uttar Pradesh,Hata,274203,IN,7559
Goa,Colvale,403502,IN,7560
Maharashtra,Thane ( Mira Bhayander),401107,IN,7561
Uttar Pradesh,Kheri,262724,IN,7562
Bihar,Bahadurpur,847429,IN,7563
Chhattisgarh,Sakti,495689,IN,7564
Maharashtra,"Mumbai, Mulund (W)",400080,IN,7565
West Bengal,Howrah,711302,IN,7566
West Bengal,Howrah,711202,IN,7567
Telangana,Karimnagar,505215,IN,7568
Gujarat,Mahuva,364290,IN,7569
Rajasthan,Dariba,313211,IN,7570
Gujarat,Bayad,383325,IN,7571
Kerala,Palakkad,678731,IN,7572
Gujarat,Jamnagar,361305,IN,7573
Madhya Pradesh,Indore,452005,IN,7574
Maharashtra,Bid,414202,IN,7575
Uttar Pradesh,Hasanpur,244241,IN,7576
Karnataka,Udupi,576210,IN,7577
Kerala,Kollam,691306,IN,7578
Maharashtra,Thane (W),400606,IN,7579
Kerala,Kozhikode,673012,IN,7580
Assam,Nalbari,781349,IN,7581
Karnataka,Robertsonpet,563121,IN,7582
Andhra Pradesh,Industrial Park Naidupet,524126,IN,7583
Karnataka,Kalaburgi,585105,IN,7584
Maharashtra,Bhiwapur,441201,IN,7585
Andhra Pradesh,Repalle,522265,IN,7586
Uttar Pradesh,Jattari,202137,IN,7587
Andhra Pradesh,Chittoor,517507,IN,7588
Uttar Pradesh,Kiratpur,246731,IN,7589
Jharkhand,Pathardih,828126,IN,7590
Maharashtra,Dombivali,421204,IN,7591
Kerala,Kottayam,686503,IN,7592
Kerala,"Kaniyapuram, Thiruvananthapuram District",695301,IN,7593
Kerala,"Nannambra,( Po)",676320,IN,7594
Telangana,Ichoda,504307,IN,7595
Himachal Pradesh,Rajgarh,173101,IN,7596
Karnataka,Gadag Betigeri,582102,IN,7597
Telangana,Hanumakonda,506001,IN,7598
Andhra Pradesh,Kurmannapalem,530046,IN,7599
Kerala,Kozhikode,673655,IN,7600
Kerala,Palakkad,678611,IN,7601
Kerala,Chengamanad,683572,IN,7602
Kerala,Kanjoor,683575,IN,7603
Jharkhand,Barkakana,829102,IN,7604
Telangana,"Tarnaka, Hyderabad",500017,IN,7605
Chhattisgarh,Durg,490022,IN,7606
Tamil Nadu,Oddanchatram,624619,IN,7607
West Bengal,"Gokarna,Kandi, Murshidabad",742136,IN,7608
Andhra Pradesh,Tirupati,517102,IN,7609
Andhra Pradesh,Kovvur,534350,IN,7610
Karnataka,Mangalore,575006,IN,7611
Gujarat,Anand,388345,IN,7612
Uttar Pradesh,Kalpi,285204,IN,7613
Tamil Nadu,Kotagiri,643217,IN,7614
Maharashtra,Thane Dist,401105,IN,7615
Kerala,Chirayinkeezhu,695612,IN,7616
Assam,Nalbari,781335,IN,7617
Tamil Nadu,Cuddalore,607401,IN,7618
Kerala,Kannur,670331,IN,7619
Kerala,Kalpetta,673575,IN,7620
Kerala,Ernakulam,683101,IN,7621
Telangana,Karimnagar,505185,IN,7622
Uttar Pradesh,Sewarhi,274406,IN,7623
Uttarakhand,Dehradun,248121,IN,7624
Haryana,Gurgaon,122016,IN,7625
Tamil Nadu,Nellikuppam,607105,IN,7626
Maharashtra,Akole Ahmadnagar District,422604,IN,7627
Kerala,Ernakulam,683589,IN,7628
West Bengal,Belgharia Nimta,700049,IN,7629
Rajasthan,Sojat,306306,IN,7630
Tamil Nadu,Karur,639001,IN,7631
West Bengal,Nimta,700049,IN,7632
Kerala,Vakkom,695318,IN,7633
Madhya Pradesh,Sohagpur,461771,IN,7634
Kerala,Edathiruthy,680703,IN,7635
Odisha,Kendujhar,758022,IN,7636
Tamil Nadu,Thanjavur,613006,IN,7637
Andhra Pradesh,Satyavedu Mandal,517588,IN,7638
Tamil Nadu,"Bodinayakanur, Theni Dt",625513,IN,7639
Karnataka,Mangalore,575019,IN,7640
Maharashtra,"Mulund, East Mumbai",400081,IN,7641
Kerala,"Eranholi, Thalassery",670107,IN,7642
West Bengal,Dhupguri,735210,IN,7643
Kerala,Thalassery,670102,IN,7644
Odisha,Hirakud,768016,IN,7645
Odisha,Narla,766110,IN,7646
Kerala,Kalladikkode,678596,IN,7647
Maharashtra,Nalasopara East,401209,IN,7648
West Bengal,Memari,713146,IN,7649
Assam,Raha,782425,IN,7650
Karnataka,Gulbarga,585104,IN,7651
Maharashtra,Nanded Waghala,431604,IN,7652
Tamil Nadu,Neyveli,607308,IN,7653
West Bengal,Malda,732142,IN,7654
Kerala,Beypore,673015,IN,7655
Goa,South Goa,403716,IN,7656
Chhattisgarh,Bilaspur,495224,IN,7657
West Bengal,South 24 Parganas,743398,IN,7658
Chandigarh,Chandigarh,160003,IN,7659
Karnataka,Shirawad Industrial Area,581339,IN,7660
Punjab,Amritsar,143006,IN,7661
West Bengal,Howrah,711103,IN,7662
West Bengal,Amtala,742121,IN,7663
Maharashtra,Thane - West,400601,IN,7664
Telangana,Secundrabad,500010,IN,7665
Punjab,"Kharar, Mohali",140301,IN,7666
Uttar Pradesh,Varanasi,221103,IN,7667
Andhra Pradesh,Parchur,523171,IN,7668
Delhi,Delhi,110041,IN,7669
Andhra Pradesh,Marteru,534122,IN,7670
Andhra Pradesh,Bandarulanka,533214,IN,7671
Assam,Rangia Part,781382,IN,7672
Andhra Pradesh,"Tadepalli, Vijayawada",522501,IN,7673
Kerala,Palakkad,678595,IN,7674
Kerala,Ernakulam,682027,IN,7675
Bihar,Muzaffarpur,843108,IN,7676
Assam,Guwahati,781025,IN,7677
Maharashtra,Dodamarg,416512,IN,7678
Karnataka,Dakshina Kannada,574243,IN,7679
Kerala,Elayavoor,670597,IN,7680
Kerala,Kannur,670007,IN,7681
Maharashtra,Shiroli Midc,416122,IN,7682
Bihar,Saran,841301,IN,7683
Andhra Pradesh,Chittoor,517194,IN,7684
Maharashtra,"Borivali East, Mumbai",400066,IN,7685
Odisha,Rourkela,769010,IN,7686
Assam,Chekonidhara,785101,IN,7687
Assam,Rowriah,785008,IN,7688
Bihar,Saran,841401,IN,7689
Kerala,Perumanna,676501,IN,7690
West Bengal,Naihati,743135,IN,7691
Rajasthan,Todaraisingh,304505,IN,7692
Karnataka,"Bantwal Taluk, Dakshina Kannada",574243,IN,7693
Tamil Nadu,Chinnaveerampatti,642126,IN,7694
Maharashtra,Mumbai 400071,400071,IN,7695
Rajasthan,Ratangarh,331022,IN,7696
Madhya Pradesh,Susner,465447,IN,7697
West Bengal,Uttar Latabari,735214,IN,7698
Tamil Nadu,Krishnagiri,635114,IN,7699
Rajasthan,Chomu,303702,IN,7700
Kerala,Kottarakkara,691540,IN,7701
Kerala,Manantheri,670643,IN,7702
Andaman and Nicobar Islands,Haddo,744102,IN,7703
Kerala,Kochi,682016,IN,7704
West Bengal,Burdwan,713515,IN,7705
West Bengal,Kolkata,700123,IN,7706
Maharashtra,Boisar,401502,IN,7707
Tamil Nadu,Kanchipuram District,602109,IN,7708
Tamil Nadu,Unnamalaikadai,629155,IN,7709
Maharashtra,Panvel,410222,IN,7710
Maharashtra,Butibori Midc,441122,IN,7711
Assam,Guwahati,781018,IN,7712
Rajasthan,Kota,324006,IN,7713
Assam,"Nagaon , North Haibourgaon",782001,IN,7714
Karnataka,Vijapura,586104,IN,7715
Gujarat,Savarkundla,364515,IN,7716
Andhra Pradesh,Penamaluru,521137,IN,7717
Bihar,Barauni Ioc Township,851117,IN,7718
Kerala,"Wadakancheri,Thrissur",680585,IN,7719
Delhi,South West Delhi,110067,IN,7720
Odisha,Burla,768020,IN,7721
Tamil Nadu,Balapallam,629159,IN,7722
West Bengal,Sonada,734209,IN,7723
Tamil Nadu,Pettai,627004,IN,7724
Andhra Pradesh,Ballikurava,523303,IN,7725
Tamil Nadu,Mathigiri,635110,IN,7726
Kerala,Edathiruthy,680568,IN,7727
West Bengal,Ghatal,721211,IN,7728
Uttar Pradesh,Greater Noida (West),201306,IN,7729
Andhra Pradesh,Pulivendhula,516390,IN,7730
Assam,Jorhat,785006,IN,7731
West Bengal,Basirhat,743412,IN,7732
West Bengal,Dhuliyan,742202,IN,7733
Delhi,South West Delhi,110030,IN,7734
Tamil Nadu,Seelanaickenpatti,636201,IN,7735
Kerala,Rajakkad,685566,IN,7736
Punjab,Ludhianaludhiana,141015,IN,7737
Kerala,Eramala,673501,IN,7738
Bihar,Naugachhia,853202,IN,7739
West Bengal,Malda,732205,IN,7740
Tamil Nadu,Krishnagiri,635307,IN,7741
Tamil Nadu,"Budamangalam , Thiruvarur District",610114,IN,7742
Karnataka,Sirsi,581336,IN,7743
Tamil Nadu,Chennai,603108,IN,7744
Andhra Pradesh,Chevuturu,521229,IN,7745
Maharashtra,"Powai, Mumbai",400076,IN,7746
Kerala,Kottuvally,683519,IN,7747
Goa,Olaulim Pomburpa,403523,IN,7748
Tamil Nadu,Balapallam,629157,IN,7749
Karnataka,Bengaluru,562129,IN,7750
Kerala,Velur,680601,IN,7751
Tamil Nadu,Kanchipuram,600074,IN,7752
Kerala,Puthunagaram,678506,IN,7753
Maharashtra,Thergaon,411033,IN,7754
Kerala,Vadakkumkara,680662,IN,7755
Bihar,Bhagalpur,812006,IN,7756
Uttar Pradesh,Kushinagar,274149,IN,7757
Tamil Nadu,Perambalur,621118,IN,7758
Uttar Pradesh,Kanpur,208024,IN,7759
Maharashtra,Kolhapur,416004,IN,7760
Andhra Pradesh,Srikakulam,532406,IN,7761
Nagaland,"N L Road, Dimapur",797112,IN,7762
Bihar,Kataiya Gopalganj,841437,IN,7763
Karnataka,Vijapura,586102,IN,7764
Bihar,Patna,800012,IN,7765
Chhattisgarh,Duldula,496334,IN,7766
Karnataka,Dharwad,581207,IN,7767
Maharashtra,"Old Panvel, Navi Mumbai",410206,IN,7768
Andhra Pradesh,Pithapuram,533450,IN,7769
Kerala,Cheruthazham,670307,IN,7770
Himachal Pradesh,Chuari Khas,176302,IN,7771
Odisha,City,754010,IN,7772
Karnataka,Hosdurga,577527,IN,7773
Andaman and Nicobar Islands,Port Blair,744211,IN,7774
Punjab,Bathinda,151005,IN,7775
Kerala,"Vypin ,Edavanakad",682502,IN,7776
Delhi,New Delhi,110073,IN,7777
Uttar Pradesh,Iglas,202124,IN,7778
Chandigarh,Chandiagarh,160047,IN,7779
Uttarakhand,Uttarkashi,249171,IN,7780
Kerala,Vythiri,673592,IN,7781
West Bengal,"Kolkata, Baguiati",700059,IN,7782
Sikkim,Lower Tadong,737102,IN,7783
Maharashtra,Ahmednagar,422601,IN,7784
Bihar,Begusarai,851117,IN,7785
Tamil Nadu,Tiruvallur,600077,IN,7786
Uttar Pradesh,Lakhimpur Kheri,262701,IN,7787
Kerala,Angamaly,683576,IN,7788
Chhattisgarh,Simga,493101,IN,7789
Haryana,Faridabad My First Floor,121006,IN,7790
Uttar Pradesh,"Faizabad, Ayodhya",224001,IN,7791
Jammu & Kashmir,Udhampur,182128,IN,7792
Uttar Pradesh,Afzalgarh,246722,IN,7793
West Bengal,Krishnanagar,741167,IN,7794
Gujarat,Gandhinagar,382009,IN,7795
Andhra Pradesh,Hyderabad,500035,IN,7796
Telangana,Chandrugonda,507166,IN,7797
Kerala,Thrissur,680721,IN,7798
Kerala,Thiruvananthapuram,695571,IN,7799
Tamil Nadu,Velankanni,611111,IN,7800
Uttar Pradesh,Baraut,250621,IN,7801
West Bengal,Hooghly,712123,IN,7802
Punjab,Majitha(Amritsar),143601,IN,7803
West Bengal,Sobhaganj,736121,IN,7804
Kerala,Thrissur,680009,IN,7805
Gujarat,Ukai,394660,IN,7806
Odisha,Rengali Dam Project Township,759105,IN,7807
Telangana,Mandamarri,504301,IN,7808
Telangana,Jogulamba Gadwal District,509129,IN,7809
Kerala,Ernakulam,683542,IN,7810
Madhya Pradesh,Dabra,475110,IN,7811
Uttar Pradesh,Gonda,271504,IN,7812
Kerala,Tirur Malappuram,676101,IN,7813
Karnataka,Dakshina Kannada,575025,IN,7814
Goa,South Goa,403708,IN,7815
Tamil Nadu,Erode,638107,IN,7816
Tamil Nadu,Thanjavur,613004,IN,7817
Telangana,Huzurabad,505498,IN,7818
Kerala,Ponkunnam,686504,IN,7819
Tamil Nadu,Gingee,604202,IN,7820
Gujarat,Atul,396020,IN,7821
Delhi,New-Delhi,110015,IN,7822
Kerala,Thazhecode,673572,IN,7823
West Bengal,Kolkata,700007,IN,7824
West Bengal,Dakshin Rajyadharpur,712223,IN,7825
Tamil Nadu,Kanathur,603112,IN,7826
Maharashtra,Dhule,424006,IN,7827
Tamil Nadu,Tiruchendur,628215,IN,7828
Assam,Guwahati,781033,IN,7829
Andhra Pradesh,Razole,533248,IN,7830
Karnataka,Honnavar,581327,IN,7831
Tamil Nadu,Vandavasi,604408,IN,7832
Himachal Pradesh,Una,174306,IN,7833
Punjab,Zira,142044,IN,7834
Andaman and Nicobar Islands,Great Nicobar,744302,IN,7835
Delhi,Delhi,110086,IN,7836
Kerala,Vadakara Kozhikode District,673308,IN,7837
Madhya Pradesh,Raghogarh,473111,IN,7838
Kerala,Perumachery,670601,IN,7839
Punjab,Sangrur  After 4:00 Pm,148001,IN,7840
Jammu & Kashmir,Mendhar,185211,IN,7841
West Bengal,Howrah,711404,IN,7842
Uttarakhand,Champawat,262523,IN,7843
Maharashtra,Akola,444004,IN,7844
Assam,Dhekiajuli,784110,IN,7845
Haryana,Farrukhnagar,122506,IN,7846
Maharashtra,Ahmadnagar,414006,IN,7847
West Bengal,Khirai,721152,IN,7848
Maharashtra,Yeola,423401,IN,7849
Kerala,Trissure,680711,IN,7850
Kerala,Thrissur,680594,IN,7851
Andhra Pradesh,Nandigama,521185,IN,7852
Kerala,Trivandrum,695038,IN,7853
Gujarat,Bhadarva,391780,IN,7854
Madhya Pradesh,Jabalpur,483053,IN,7855
Uttar Pradesh,Noida,201308,IN,7856
West Bengal,Siliguri,734007,IN,7857
West Bengal,Kolkata,700120,IN,7858
Maharashtra,"Vadavali, Naigaon, Vasai",401207,IN,7859
West Bengal,Rahara,700118,IN,7860
West Bengal,Pujali,743318,IN,7861
Kerala,Kottayam District,686634,IN,7862
Himachal Pradesh,Dagshai,173229,IN,7863
Odisha,Balasore,756001,IN,7864
Maharashtra,Mumbai 400063,400063,IN,7865
Odisha,"Argul, Khordha",752050,IN,7866
Kerala,Kannur,670018,IN,7867
Tamil Nadu,Palladam,641664,IN,7868
Telangana,Secunderabad,500087,IN,7869
Maharashtra,Mumbai,401202,IN,7870
Punjab,Ludhiana Punjab India,141112,IN,7871
Tamil Nadu,Paramakudi,623707,IN,7872
Uttar Pradesh,"Greater Noida West ,Gautam Budh Nagar",201305,IN,7873
Kerala,Palakkad,678543,IN,7874
Sikkim,Upper Tadong Bazaar,737102,IN,7875
Kerala,Ernakulam,682313,IN,7876
Uttarakhand,"Kaladhungi Road,P.O- Katgharia ,Haldwani",263139,IN,7877
Telangana,Chegunta,502255,IN,7878
Himachal Pradesh,Kangra,176102,IN,7879
Kerala,"Guruvayur, Thrissur",680101,IN,7880
Maharashtra,Paratwada,444805,IN,7881
Manipur,Lamlai,795010,IN,7882
Kerala,Malappuram,676505,IN,7883
Karnataka,Bagalkot,587102,IN,7884
Karnataka,Dist:Bagalkot    Tq:Hunagund     City:Kudalsangam,587115,IN,7885
Kerala,Kannur,670005,IN,7886
Maharashtra,Talegaon Dabhade,410507,IN,7887
Kerala,Chelannur,673616,IN,7888
Himachal Pradesh,Aut,175121,IN,7889
Jammu & Kashmir,Ramgarh,181141,IN,7890
Kerala,Kadamakkudy,682027,IN,7891
Odisha,Ocl Industrial Township,770017,IN,7892
Kerala,Thrissur,680020,IN,7893
Uttar Pradesh,Shajahanpur,242042,IN,7894
Uttar Pradesh,Garhmukteshwar,245205,IN,7895
Maharashtra,Amravati,444808,IN,7896
Kerala,Ernakulam,682024,IN,7897
Goa,"Calangute, Bardez",403516,IN,7898
Andhra Pradesh,Anantapur,515556,IN,7899
Uttar Pradesh,Jhansi,284135,IN,7900
Tamil Nadu,Salem,636009,IN,7901
Andhra Pradesh,Nellore,524407,IN,7902
Bihar,Asarganj,813201,IN,7903
Telangana,"Bachupally, Hyderabad",500090,IN,7904
Andhra Pradesh,Badvel,516227,IN,7905
Maharashtra,"Thane West, Mumbai",400610,IN,7906
Punjab,Urmar Tanda,144204,IN,7907
Kerala,Ernakulam,683577,IN,7908
Kerala,Palakkad,678011,IN,7909
Madhya Pradesh,Chhindwara,480559,IN,7910
Odisha,Khorda,751003,IN,7911
Karnataka,Mysore,571107,IN,7912
Kerala,Thalassery,670649,IN,7913
Gujarat,Jhagadiya Industrial Area,393110,IN,7914
Kerala,"Mukhathala, Kollam",691577,IN,7915
Tamil Nadu,Mylaudy,629403,IN,7916
Maharashtra,"Alandi, Pune",412105,IN,7917
Karnataka,Mangalore,574142,IN,7918
Uttarakhand,Satpuli,246172,IN,7919
Tamil Nadu,Kanchipuram,600125,IN,7920
Karnataka,"Hoskote, Bangalore",562114,IN,7921
Maharashtra,Parner,414302,IN,7922
Punjab,Hajipur,144221,IN,7923
West Bengal,Kolkata,700013,IN,7924
Uttar Pradesh,Ghazipur,275203,IN,7925
Karnataka,Doddaballapura,561203,IN,7926
Kerala,Kollam,691002,IN,7927
Bihar,Bhabua,821101,IN,7928
Madhya Pradesh,Khilchipur,465679,IN,7929
Rajasthan,Bikaner,334006,IN,7930
Uttar Pradesh,Mathura,281206,IN,7931
Bihar,Naubatpur,801109,IN,7932
Assam,Goalpara,783101,IN,7933
West Bengal,"Rajarhat, Kolkata",700136,IN,7934
Maharashtra,"Bhosari, Pune",411039,IN,7935
Gujarat,Vadodara,391240,IN,7936
Andhra Pradesh,Lingapalem,534462,IN,7937
Maharashtra,"Hadapsar, Pune",411028,IN,7938
Uttar Pradesh,Noida 201301,201301,IN,7939
Madhya Pradesh,Kotma,484334,IN,7940
Andhra Pradesh,Dhone,518222,IN,7941
Karnataka,(Chikmagalur Disterict).     (N.R Pur Thaluku),577136,IN,7942
Telangana,Hanamkonda,506001,IN,7943
Assam,Kamrup,781024,IN,7944
West Bengal,Kolkata,700083,IN,7945
Assam,Sibsagar,785685,IN,7946
Rajasthan,Hanumangarh,335501,IN,7947
Maharashtra,Bavdhan Pune,411021,IN,7948
Telangana,Karimnagar,505452,IN,7949
Gujarat,Gandhinagar,382011,IN,7950
Telangana,Keshampet,509216,IN,7951
Kerala,Panathur,671532,IN,7952
Assam,Guwahati,781004,IN,7953
Andhra Pradesh,"Ithepalli, Chandragiri",517102,IN,7954
Tamil Nadu,Gobichettipalayam,638452,IN,7955
Uttar Pradesh,Robertsganj,231207,IN,7956
West Bengal,Nababpur,712705,IN,7957
Kerala,Kozhikode,673002,IN,7958
Maharashtra,Mumbai 400050,400050,IN,7959
Uttar Pradesh,Saharanpur,247769,IN,7960
Assam,Sonai Town,788119,IN,7961
West Bengal,Basirhat,743422,IN,7962
Punjab,Anandpur Sahib,140117,IN,7963
Tamil Nadu,Padmanabhapuram,629175,IN,7964
Tamil Nadu,Pallikonda,635809,IN,7965
Tamil Nadu,Andipatti,625517,IN,7966
Goa,South Goa,403722,IN,7967
Jharkhand,Chaibasa,833204,IN,7968
Bihar,Nawada,805102,IN,7969
Gujarat,Surat,394405,IN,7970
Punjab,Mohali Zirakpur,160104,IN,7971
Maharashtra,Raigarh,402107,IN,7972
Andhra Pradesh,Prathipadu,522019,IN,7973
Assam,Silchar,788010,IN,7974
West Bengal,Bakreshwar Thermal Power Township,731104,IN,7975
Uttar Pradesh,"Badlapur, Jaunpur",222125,IN,7976
Kerala,Kayamkulam,690503,IN,7977
Kerala,Kottayam Dist,686632,IN,7978
Jammu & Kashmir,Kalakote,185152,IN,7979
West Bengal,Beldanga,742133,IN,7980
Kerala,Pathanamthitta,689644,IN,7981
Gujarat,Bagasara,365440,IN,7982
Andhra Pradesh,Guntur,522549,IN,7983
West Bengal,Sheoraphuli,712223,IN,7984
Punjab,Kotla Nihang,140001,IN,7985
Uttarakhand,Rishikesh,249137,IN,7986
Punjab,Mullanpur,140901,IN,7987
Haryana,Gurugram,122102,IN,7988
Nagaland,Dimapur,797113,IN,7989
Kerala,Chittethukara,682037,IN,7990
Gujarat,Ahmedabad,380021,IN,7991
Uttar Pradesh,Kunda; Pratapgarh,230141,IN,7992
West Bengal,Baguiati Kolkata,700059,IN,7993
Gujarat,Ahmedabad,380028,IN,7994
Tamil Nadu,Kanniyakumari District,629165,IN,7995
Kerala,Cherukavu,673637,IN,7996
Gujarat,Surat,394651,IN,7997
Kerala,Pallippuram Thiruvananthapuram District,695585,IN,7998
Odisha,Cuttack,754100,IN,7999
Haryana,Rai Industrial Area,131029,IN,8000
Assam,"Guwahati, Noonmati",781020,IN,8001
Uttar Pradesh,Bilgram,241301,IN,8002
Karnataka,Shrirangapattana,571807,IN,8003
Chhattisgarh,Masturi,495550,IN,8004
Kerala,Poovachal Po,695575,IN,8005
Karnataka,Mangaluru,574146,IN,8006
Kerala,Ernakulam,685607,IN,8007
Maharashtra,Pimpri Chinchawad,411019,IN,8008
Uttar Pradesh,Jaunpur,222136,IN,8009
West Bengal,Dhatrigram,713405,IN,8010
West Bengal,Habra,743268,IN,8011
Jharkhand,Gobindpur Dhanbad,828109,IN,8012
Karnataka,Bhatkal,581320,IN,8013
Kerala,Kannur,670014,IN,8014
Kerala,Kumbalangy,682008,IN,8015
Punjab,Beas,143201,IN,8016
Goa,North Goa,403515,IN,8017
Rajasthan,Ganganagar,335001,IN,8018
Kerala,Panachikkad,686012,IN,8019
Maharashtra,Pimple Gurav,411061,IN,8020
Maharashtra,"Kharghar, Navi Mumbai",410210,IN,8021
Bihar,Adapur,845301,IN,8022
Madhya Pradesh,Dharampuri,454449,IN,8023
Gujarat,Morbi,363642,IN,8024
Uttar Pradesh,Zamania,232329,IN,8025
Kerala,Kollam,691560,IN,8026
Maharashtra,Chinchwad Gaon Pune,411033,IN,8027
Maharashtra,Washim,444505,IN,8028
Tamil Nadu,"Pollachi, Coimbatore",642001,IN,8029
Himachal Pradesh,Distt - Mandi,175034,IN,8030
Delhi,Central Delhi,110006,IN,8031
Telangana,Nizamabad,503003,IN,8032
Uttar Pradesh,Gorakhpur,273007,IN,8033
West Bengal,Kurseong -734204,734203,IN,8034
Andhra Pradesh,Palavalasa,532264,IN,8035
Uttar Pradesh,Babugarh,245201,IN,8036
Karnataka,Chambenahalli Sarjapura Road Banglore,562125,IN,8037
Andhra Pradesh,Rampachodavaram.East Godavari Dist,533288,IN,8038
Andhra Pradesh,Rajahmundry,533293,IN,8039
Uttar Pradesh,Bhadohi,221401,IN,8040
Tamil Nadu,Kalpakkam,603102,IN,8041
Jharkhand,Dugda,828404,IN,8042
Chhattisgarh,Balrampur,497119,IN,8043
Kerala,Calicut,673616,IN,8044
West Bengal,Uttar Satali,735215,IN,8045
Rajasthan,Niwai,304021,IN,8046
Chhattisgarh,Durg,490006,IN,8047
Madhya Pradesh,Piplya Mandi,458664,IN,8048
Kerala,Vadakkencherry,678684,IN,8049
Uttar Pradesh,Khatauli,251201,IN,8050
Kerala,Varkala,695310,IN,8051
Meghalaya,Garobadha,794105,IN,8052
Uttar Pradesh,Mohammadabad Farrukhabad District,209651,IN,8053
Kerala,Thrissur,680308,IN,8054
Tamil Nadu,Palavoor,627114,IN,8055
Uttarakhand,Nainital,263127,IN,8056
Uttarakhand,Haldwani. (District: Nainital),263139,IN,8057
Rajasthan,Kishangarh Ajmer District,305817,IN,8058
Odisha,Rourkela,769014,IN,8059
Himachal Pradesh,Dharamshala,176215,IN,8060
Uttar Pradesh,Kamalganj,209724,IN,8061
Kerala,Thrissur,680681,IN,8062
Jharkhand,Dhanbad,826003,IN,8063
West Bengal,Ranaghat,741201,IN,8064
Himachal Pradesh,"Mandi,",175033,IN,8065
Goa,Bambolim,403202,IN,8066
Karnataka,"Harwada, Ankola",581316,IN,8067
Andaman and Nicobar Islands,Port Blair,744106,IN,8068
Maharashtra,Pusad Midc,445204,IN,8069
Telangana,Nirmal,504102,IN,8070
Karnataka,Virajpete,571218,IN,8071
Tamil Nadu,Kalasalingam University,626126,IN,8072
Karnataka,Sullia,574327,IN,8073
Maharashtra,Sangli,416425,IN,8074
Tamil Nadu,Coimbatore I,641001,IN,8075
West Bengal,Jalpaiguri,735229,IN,8076
Punjab,Akalgarh,141104,IN,8077
Maharashtra,Shahapur,421601,IN,8078
Karnataka,Bengalooru,560061,IN,8079
Kerala,Chittur Thathamangalam,678101,IN,8080
Tamil Nadu,Tirupur,641654,IN,8081
Assam,Tezpur,784150,IN,8082
Karnataka,Chikkamagaluru,577181,IN,8083
Chhattisgarh,"Saraipali,  Distt : Mahasamund",493558,IN,8084
Telangana,Siddipet,505467,IN,8085
Uttar Pradesh,Tirwaganj Kannauj,209732,IN,8086
Punjab,Rup Nagar,140001,IN,8087
Sikkim,Tadong,737102,IN,8088
Tamil Nadu,Alur,629801,IN,8089
Odisha,Mayurbhanja,757028,IN,8090
Andhra Pradesh,Narasapur Mandal,534275,IN,8091
Gujarat,Kutiyana,362650,IN,8092
Gujarat,Patan,384265,IN,8093
Karnataka,Mysore,570012,IN,8094
Uttar Pradesh,Merrut,250002,IN,8095
West Bengal,Malda,732206,IN,8096
Karnataka,Koppal,583229,IN,8097
Kerala,Chengamanad,683585,IN,8098
Telangana,Hyderabad .,500045,IN,8099
Maharashtra,Thane,421203,IN,8100
Haryana,Gurugram,124108,IN,8101
West Bengal,Kolkata,700127,IN,8102
Uttar Pradesh,Jewar,203135,IN,8103
Tamil Nadu,Coimbatore,641108,IN,8104
Bihar,Saharsa,852127,IN,8105
Odisha,R Udayagiri,761016,IN,8106
Punjab,Shahkot,144702,IN,8107
Karnataka,Gudibanda,561209,IN,8108
Maharashtra,Peint,422208,IN,8109
Kerala,Kozhikode,673301,IN,8110
Punjab,Pathankot ( Mamun ),145001,IN,8111
Tamil Nadu,Hosur,635124,IN,8112
Maharashtra,Ashta,416301,IN,8113
Karnataka,"Sira Taluk, Bukkapatna",572115,IN,8114
Karnataka,Ganjimutt,574144,IN,8115
West Bengal,Darjeeling,734218,IN,8116
Haryana,Hissar,125005,IN,8117
Kerala,Thiruvananthapuram,695587,IN,8118
Kerala,Chalakudy,680689,IN,8119
Tamil Nadu,Tirupur,641603,IN,8120
Madhya Pradesh,Jaypee Nagar,486450,IN,8121
Goa,Bardez,403502,IN,8122
Maharashtra,Hajarmachi,415105,IN,8123
West Bengal,Kalamjote,734012,IN,8124
Uttar Pradesh,Kanpur,208016,IN,8125
West Bengal,Kharagpur,721140,IN,8126
Uttar Pradesh,Jaunpur,223101,IN,8127
Assam,Jorhat,785013,IN,8128
Punjab,Firozpur,152116,IN,8129
Madhya Pradesh,Shahdol,484444,IN,8130
Kerala,Palakkad,678015,IN,8131
Andhra Pradesh,Gajapathinagaram,535260,IN,8132
Kerala,Thrissur,680734,IN,8133
Tamil Nadu,Chennai,600068,IN,8134
Delhi,Rohini Sector 23 Delhi,110085,IN,8135
Uttar Pradesh,Sidhauli,261302,IN,8136
Punjab,Ludhiana,141004,IN,8137
Andhra Pradesh,Tanuku,534216,IN,8138
Odisha,Cuttack,751024,IN,8139
Uttar Pradesh,"Indirapuram, Ghaziabad",201014,IN,8140
Karnataka,"Goppenahalli, Channagiri Taluk, Davangere District",577215,IN,8141
Himachal Pradesh,Kangra,176218,IN,8142
Tamil Nadu,Coimbatore,641659,IN,8143
Tamil Nadu,Marakkanam,604303,IN,8144
Kerala,Peermade,685531,IN,8145
Tamil Nadu,Nagercoil,629402,IN,8146
Tamil Nadu,Andipalayam,641687,IN,8147
Maharashtra,Titwala ( East),421605,IN,8148
Kerala,Ettumanoor,686564,IN,8149
Kerala,Alappuzha,689508,IN,8150
Bihar,Patnapatna,800001,IN,8151
Kerala,Perumbaikad - Kottayam,686016,IN,8152
West Bengal,"Murarai,Birbhum",731219,IN,8153
Madhya Pradesh,Satna,485775,IN,8154
Himachal Pradesh,Sbi Fagu,171209,IN,8155
Uttarakhand,Bhowali,263137,IN,8156
Maharashtra,Nagpur,441001,IN,8157
Karnataka,Belagavi,591306,IN,8158
Maharashtra,Mumbai,400031,IN,8159
Chhattisgarh,Bilaspur,495223,IN,8160
Kerala,Kottarakkara,691543,IN,8161
Haryana,Ambala City,134003,IN,8162
West Bengal,Dankuni,712310,IN,8163
Uttar Pradesh,Auraiya,206122,IN,8164
Haryana,Garhi Harsaru,122505,IN,8165
Haryana,Kundli Industrial Area,131028,IN,8166
Uttar Pradesh,Kaimganj,209502,IN,8167
Punjab,Chamkaur Sahib,140112,IN,8168
Uttarakhand,Hardwar,249408,IN,8169
Andhra Pradesh,Hyderabad,500061,IN,8170
Karnataka,Bengaluru - 560008,560008,IN,8171
Gujarat,Sevaliya,388239,IN,8172
Kerala,Cheppad,690513,IN,8173
Kerala,Kayamkulam,690535,IN,8174
Madhya Pradesh,Bagli,455227,IN,8175
Andhra Pradesh,Visakhapatnam,530008,IN,8176
Kerala,Palai,686574,IN,8177
Madhya Pradesh,Badra,484334,IN,8178
Punjab,Zirakpur,140604,IN,8179
Assam,Kamrup,781025,IN,8180
Gujarat,Gambhoi/Himmatnagar,383001,IN,8181
Telangana,"Hyderabad,",500016,IN,8182
Chhattisgarh,Dipka,495446,IN,8183
West Bengal,Purba Bardhaman,713512,IN,8184
Assam,No.1 Singimari,781104,IN,8185
West Bengal,"Bidhan Nagar, Kolkata",700097,IN,8186
Madhya Pradesh,Vindhya Nagar Ntpc Township,486888,IN,8187
Kerala,Azheekal Telephone Exchange,690547,IN,8188
Kerala,Kannur,670631,IN,8189
Uttar Pradesh,Babarpur Ajitmal,206121,IN,8190
Assam,Silchar,788107,IN,8191
Kerala,"Vengola, Perumbavoor",683556,IN,8192
Kerala,Wayanad,673121,IN,8193
Goa,"Baiguinim, Old Goa",403402,IN,8194
Delhi,New Delhi,110072,IN,8195
Kerala,Thrissur,680012,IN,8196
Jharkhand,Dist. Bokaro,829127,IN,8197
Maharashtra,Akot,444101,IN,8198
Uttar Pradesh,Jhansi,284127,IN,8199
West Bengal,Darjeeling,734313,IN,8200
Bihar,Vaishali,844122,IN,8201
West Bengal,Jaynagar Mazilpur,743395,IN,8202
Madhya Pradesh,Kurwai,464224,IN,8203
Maharashtra,Ambernath [E] District Ambernath,421501,IN,8204
Tamil Nadu,Kelambakam,603103,IN,8205
Maharashtra,"Thane, Mumbai",400605,IN,8206
Maharashtra,Mahad,402301,IN,8207
Uttar Pradesh,Noida Extension,201009,IN,8208
Gujarat,Khambhalia,361305,IN,8209
West Bengal,Malatipur,732123,IN,8210
Jharkhand,Gumla,835229,IN,8211
Karnataka,Channagiri,577544,IN,8212
Telangana,Hyderabad,500069,IN,8213
Tamil Nadu,Shenkottai,627809,IN,8214
Tamil Nadu,Padappai,601301,IN,8215
Maharashtra,Nagpur,440020,IN,8216
Tripura,Gakulpur,799114,IN,8217
West Bengal,Bhatpara,743126,IN,8218
Kerala,Padne,671312,IN,8219
Andhra Pradesh,Chitrada Village,533450,IN,8220
Karnataka,Kunigal,572130,IN,8221
Tamil Nadu,Trichy,620017,IN,8222
Kerala,Thiruvalla,689551,IN,8223
Gujarat,Vallabh Vidyanagar,388120,IN,8224
Odisha,Nayagarh,752094,IN,8225
Assam,Tezpur Chandmari,784001,IN,8226
Karnataka,Mangaluru,575010,IN,8227
Tamil Nadu,Kanchipuram,600091,IN,8228
Assam,Sipajhar,784144,IN,8229
Himachal Pradesh,Kotkhai,171202,IN,8230
Andhra Pradesh,Visakhapatnam,531019,IN,8231
Maharashtra,Uran Islampur,415409,IN,8232
Kerala,Ramavarmapuram,680631,IN,8233
Maharashtra,Jalna,431007,IN,8234
Kerala,Thurangam Kavala,686692,IN,8235
Uttar Pradesh,Unnao,209861,IN,8236
Kerala,Chelavoor Po,673571,IN,8237
Gujarat,Anand,388120,IN,8238
Tamil Nadu,Namakkal,637408,IN,8239
Kerala,Pilicode,671313,IN,8240
Maharashtra,Tasawade Midc,415109,IN,8241
Kerala,Kalamasserycochin,682021,IN,8242
Tripura,Agartala,799014,IN,8243
Kerala,Ottappalam,679103,IN,8244
Maharashtra,Ambarnath (E),421501,IN,8245
Maharashtra,Akola,444102,IN,8246
Gujarat,Gandhinagar,382001,IN,8247
Kerala,Ernakulam,682311,IN,8248
Maharashtra,Chembur Mumbai,400071,IN,8249
Karnataka,Chitradurga,577511,IN,8250
Karnataka,Huliyar,572218,IN,8251
Andhra Pradesh,Visakhapatnam,530029,IN,8252
Madhya Pradesh,Khandwa,450114,IN,8253
Karnataka,Bangalore,560027,IN,8254
Telangana,Hyderabad,502325,IN,8255
Kerala,Kottayam,686537,IN,8256
Telangana,Karimnagar,505480,IN,8257
Uttar Pradesh,Bharatganj,212104,IN,8258
Tamil Nadu,Auroville,605101,IN,8259
Kerala,Vazhakkala,682039,IN,8260
Andhra Pradesh,Nagari,517590,IN,8261
Telangana,Secunderabad,500080,IN,8262
Telangana,Mudhole,504102,IN,8263
Bihar,Jamui,811307,IN,8264
Uttar Pradesh,Rae Bareli,227409,IN,8265
Goa,Alto Dabolim,403801,IN,8266
Karnataka,Shaktinagar,584170,IN,8267
Bihar,Muzaffarpur,843120,IN,8268
West Bengal,Sirsha,713385,IN,8269
Karnataka,Churchugundi,577214,IN,8270
Andhra Pradesh,Dowleshwaram... Rajahmundry (R),533125,IN,8271
Tamil Nadu,Chennai,601204,IN,8272
Tamil Nadu,Rajapalayam,626117,IN,8273
Andhra Pradesh,Guntur,522261,IN,8274
Andhra Pradesh,Bestawaripeta,523334,IN,8275
Karnataka,Bangalore,560087,IN,8276
Kerala,Thiruvananthapuram,695007,IN,8277
Odisha,Sundargarh,770025,IN,8278
Kerala,Pathanamthitta,689531,IN,8279
Punjab,Mohali,140413,IN,8280
Maharashtra,Bhugaon,412115,IN,8281
Uttar Pradesh,Pratapgarh,230503,IN,8282
Tamil Nadu,Trichy,620021,IN,8283
Assam,Kaliabor,782138,IN,8284
Andhra Pradesh,Parchur,523169,IN,8285
Maharashtra,Mumba,400080,IN,8286
Uttar Pradesh,Noida. Gautam Buddh Nagar,201304,IN,8287
Gujarat,Pethapur,382610,IN,8288
West Bengal,"Kharagpur, West Bengal",721305,IN,8289
Chhattisgarh,Bilaspur,495555,IN,8290
Uttar Pradesh,Allahganj,242220,IN,8291
Rajasthan,Udaipur,313701,IN,8292
Andhra Pradesh,Kalyandurg,515761,IN,8293
Kerala,"Poovattuparamba, Perumanna (Po)",673019,IN,8294
Tamil Nadu,New Chennai,603204,IN,8295
Andhra Pradesh,Koduru,521328,IN,8296
Andhra Pradesh,Chittoor,517152,IN,8297
Sikkim,6Th Mile Tadong,737102,IN,8298
Goa,Goa Velha,403402,IN,8299
Tamil Nadu,Coimbatore,641050,IN,8300
Kerala,Ernakulam,682038,IN,8301
Kerala,Pallippuram Alappuzha District,688541,IN,8302
Tamil Nadu,Thoothukkudi,628008,IN,8303
Uttar Pradesh,Fatehpur,212601,IN,8304
Sikkim,Upper Tadong,737135,IN,8305
Telangana,Cherial,506223,IN,8306
Kerala,Koratty,680741,IN,8307
Punjab,Gharshankar,144527,IN,8308
Jharkhand,Hazaribagh,825303,IN,8309
Kerala,Pathanamthitta,686510,IN,8310
Kerala,Thrissur,680010,IN,8311
Uttar Pradesh,Rae Bareli,229204,IN,8312
Maharashtra,"Awalpur, Dist Chandrapur",442917,IN,8313
Kerala,Kadungalloor,683102,IN,8314
Andhra Pradesh,Donakonda,523305,IN,8315
Uttarakhand,Rishikesh,249203,IN,8316
West Bengal,Diamond Harbour,743332,IN,8317
Chhattisgarh,Mandhar Industrial Area,493111,IN,8318
West Bengal,North 24 Parganas,700129,IN,8319
Karnataka,Hosanagara,577418,IN,8320
Kerala,"Nilambur P O , Malappuram",679329,IN,8321
Maharashtra,Pimpri-Chichwad,411057,IN,8322
Haryana,Binola Industrial Area,122413,IN,8323
Uttar Pradesh,Ballia,221709,IN,8324
Karnataka,Karkal,574108,IN,8325
Gujarat,Valsad,396385,IN,8326
Tamil Nadu,Tiruchirappalli,620023,IN,8327
Karnataka,Mangaluru 575008,575008,IN,8328
Andhra Pradesh,Rajahmundry,533104,IN,8329
West Bengal,New Town/ Kolkata,700159,IN,8330
Uttarakhand,Uttarkashi,249165,IN,8331
Karnataka,Virajpete,574234,IN,8332
Karnataka,Virajpete,571252,IN,8333
Karnataka,Mangalore,575003,IN,8334
Karnataka,Itagi,582211,IN,8335
Telangana,Warangal,506310,IN,8336
Haryana,Taoru,122105,IN,8337
Gujarat,"Dholka, Ahmedabad",382225,IN,8338
West Bengal,Haripal,712403,IN,8339
Bihar,Begusarai,851204,IN,8340
Madhya Pradesh,Indore,452019,IN,8341
Bihar,Madhepura,852112,IN,8342
Telangana,"Mehdipatnam, Hyderabad",500028,IN,8343
Kerala,Chowwara,683105,IN,8344
Gujarat,Dabhoi,391110,IN,8345
Tamil Nadu,Potheri,603203,IN,8346
West Bengal,Sheakhala,712706,IN,8347
Madhya Pradesh,Gwalior,474012,IN,8348
Andhra Pradesh,Undi,534199,IN,8349
West Bengal,Nabadwip,713519,IN,8350
Tamil Nadu,Kuzhithurai,629163,IN,8351
Tamil Nadu,"Thaiyur, Kelambakkam",603103,IN,8352
Madhya Pradesh,Gwalior,474007,IN,8353
Uttar Pradesh,Aonla,243301,IN,8354
Uttar Pradesh,Mathura,281406,IN,8355
Uttar Pradesh,Ghaziabad,201015,IN,8356
Goa,Zuari Nagar,403726,IN,8357
Bihar,Gopalganj,841409,IN,8358
Bihar,Marhaura,841419,IN,8359
Andhra Pradesh,Hyderabad,500050,IN,8360
Odisha,Burla,768018,IN,8361
Assam,Khaira Bari,781315,IN,8362
Maharashtra,Shivai Nagar,400606,IN,8363
Tamil Nadu,"Perumbakkam, Near Chettinadu Villa",600100,IN,8364
Kerala,Thiruvananthapuram,695141,IN,8365
Himachal Pradesh,Kangra,176403,IN,8366
Odisha,Biramitrapur,770033,IN,8367
Maharashtra,Thane West,400608,IN,8368
Kerala,Athiyannur,695123,IN,8369
Assam,Naharkatiya,786610,IN,8370
Gujarat,Mahesana,384003,IN,8371
Uttarakhand,Lansdowne,246155,IN,8372
Karnataka,Chickaballpur,562101,IN,8373
Kerala,Paravur,683520,IN,8374
Karnataka,Ankola,581314,IN,8375
Tamil Nadu,Chennai 106,600106,IN,8376
Kerala,Ponnani,679577,IN,8377
Tamil Nadu,Kollancode,629160,IN,8378
Madhya Pradesh,Mhow Gaon,453441,IN,8379
Kerala,Payyanur,670308,IN,8380
Goa,South Goa,403802,IN,8381
Kerala,Puthenpally; Guruvayoor,680103,IN,8382
Kerala,Kollakadavu,690509,IN,8383
Tamil Nadu,Thisayanvilai,627657,IN,8384
Tamil Nadu,Namakkal,637205,IN,8385
Andhra Pradesh,Draksharamam,533262,IN,8386
Madhya Pradesh,Alot,457114,IN,8387
Jharkhand,Ramgarh Cantonment Civil Township,825101,IN,8388
Kerala,Kallelibhagom,690519,IN,8389
Karnataka,Mysore,570001,IN,8390
Bihar,Gaya,804424,IN,8391
West Bengal,Khoardanga,736202,IN,8392
Uttar Pradesh,Thakurdwara,244601,IN,8393
Tamil Nadu,Tiruchirappalli,620024,IN,8394
Uttar Pradesh,Etawah,206002,IN,8395
Karnataka,Kapikad Kinnigoli,574150,IN,8396
Tamil Nadu,Thoothukkudi,628003,IN,8397
Gujarat,Ahmedabad 380007,380007,IN,8398
Chhattisgarh,Ahiwara,490036,IN,8399
West Bengal,Agarpara,700109,IN,8400
Karnataka,Kinnigoli Post Talipady,574150,IN,8401
Tamil Nadu,Trichy,620009,IN,8402
Goa,"Velsao,Cansaulim",403712,IN,8403
Madhya Pradesh,Shajapur,465001,IN,8404
Andaman and Nicobar Islands,"Prem Nagar, Port Blair",744101,IN,8405
West Bengal,Kolkata 700029,700029,IN,8406
Uttar Pradesh,Suriyawan,221404,IN,8407
Uttar Pradesh,"Anpara,Sonebhadra",231225,IN,8408
Assam,Nalbari,781341,IN,8409
Goa,Casne-Amberem-Poroscadem Vp,403512,IN,8410
Delhi,Janakpuri,110058,IN,8411
Maharashtra,Sasvad,412301,IN,8412
Uttar Pradesh,Deen Dayal Upadhyay Nagar(Mughalsarai),232101,IN,8413
Delhi,Delhi,110070,IN,8414
Tamil Nadu,Salem,636503,IN,8415
Jharkhand,Chainpur,835206,IN,8416
Kerala,Pathanamthitta,691554,IN,8417
Jharkhand,Jamadoba,828301,IN,8418
Tamil Nadu,Perambalur,621113,IN,8419
Telangana,Chennur,504201,IN,8420
Tamil Nadu,Kilapavoor,627808,IN,8421
Uttar Pradesh,Jangipur,233305,IN,8422
Uttar Pradesh,Deoria,274405,IN,8423
Gujarat,Vadodara,390014,IN,8424
Odisha,Kendujhar,756121,IN,8425
Rajasthan,Ladnun,341306,IN,8426
Madhya Pradesh,Rewa,486776,IN,8427
Maharashtra,Dapodi Pimpri Chinchwad Pune,411031,IN,8428
Goa,Sanguem,403704,IN,8429
Bihar,Andhari,802222,IN,8430
Chandigarh,Chandigarh,160019,IN,8431
Tamil Nadu,Vellore,632012,IN,8432
Jammu & Kashmir,Katra,182301,IN,8433
West Bengal,Purbo Burdwan,713103,IN,8434
Uttar Pradesh,Bajna,281201,IN,8435
Kerala,Kolazhy,680651,IN,8436
Kerala,Vatakara,673104,IN,8437
Armed Forces Post Office,Apo,959121,IN,8438
Gujarat,Ahemdabad,382213,IN,8439
Uttar Pradesh,Zaidpur,225414,IN,8440
Delhi,New Delhi,110093,IN,8441
Maharashtra,Mumbai,421201,IN,8442
Andhra Pradesh,Nagaram,522268,IN,8443
Madhya Pradesh,Prithvipur,472338,IN,8444
Bihar,Saharsha,852127,IN,8445
West Bengal,Hindusthan Cables Town,713364,IN,8446
West Bengal,"Habra, Ashokenagar",743222,IN,8447
Rajasthan,Sikar,332023,IN,8448
Kerala,Kottayam,689589,IN,8449
Kerala,Thrissur,679532,IN,8450
Kerala,Adoor,689694,IN,8451
West Bengal,Kolkata,712248,IN,8452
Himachal Pradesh,Shimla,171012,IN,8453
Andhra Pradesh,Srikakulam,532484,IN,8454
Rajasthan,Ajmer,305002,IN,8455
Andhra Pradesh,Vijayawada,520006,IN,8456
Punjab,Hoshiarpur,146113,IN,8457
Haryana,Gohana,131302,IN,8458
Andhra Pradesh,Hyderabad,500090,IN,8459
Bihar,Kahalgaon,813203,IN,8460
Kerala,"Perole,Nileshwar P.O, Kasaragod District",671314,IN,8461
Karnataka,Ullal,575020,IN,8462
Delhi,Hari Nagar,110064,IN,8463
Andhra Pradesh,Visakhapatnam,531033,IN,8464
Kerala,Kozhikode,673021,IN,8465
Telangana,"Madhapur, Hyderabad",500081,IN,8466
West Bengal,Pursura,712415,IN,8467
Maharashtra,Pune Yerwada,411006,IN,8468
Kerala,Pathanamthitta,689711,IN,8469
Karnataka,Tumakuru,572116,IN,8470
Bihar,Jehanabad,824235,IN,8471
Kerala,Vallapuzha,679336,IN,8472
Kerala,Alappuzha,688521,IN,8473
Telangana,Nizamabad,503212,IN,8474
Uttar Pradesh,Sultanpur,228119,IN,8475
West Bengal,Midnapore,721101,IN,8476
Karnataka,Bengaluru 560062,560062,IN,8477
Kerala,Thodupuzha,685605,IN,8478
Telangana,Medak,502279,IN,8479
Himachal Pradesh,Kullu,175126,IN,8480
Maharashtra,Sillod,431112,IN,8481
Himachal Pradesh,Teh. Dharamshala,176209,IN,8482
Bihar,Mahnar Bazar,844506,IN,8483
Karnataka,Sidco Industrial Estate Badanguppe Kellambali,571316,IN,8484
Uttar Pradesh,Shahganj,223101,IN,8485
Karnataka,Bangarapet,563115,IN,8486
Telangana,Saroornagar Rr District,500035,IN,8487
Odisha,Rourkela,769002,IN,8488
Delhi,Delhi,110012,IN,8489
Karnataka,Udupi,574116,IN,8490
Rajasthan,Mundara,306705,IN,8491
Andhra Pradesh,Achanta,534123,IN,8492
Maharashtra,Pune-24,411024,IN,8493
Delhi,New Delhi,110082,IN,8494
Maharashtra,Navapur,425418,IN,8495
Kerala,Vellayani Po.,695522,IN,8496
Tamil Nadu,Veerappanchatiram,638012,IN,8497
Assam,Morigaon,782121,IN,8498
Tamil Nadu,Vaniyanbadi,635751,IN,8499
Tamil Nadu,Sikkathambur Palayam,621008,IN,8500
Kerala,Mavelikara,690105,IN,8501
Karnataka,Dobaspet Industrial Area,562111,IN,8502
Bihar,Sitamarhi,847305,IN,8503
Maharashtra,"Airoli, Navi Mumbai",400708,IN,8504
Kerala,Perinad,691511,IN,8505
Kerala,Manavalassery,680701,IN,8506
Telangana,Medak,502001,IN,8507
Delhi,Aya Nagar,110047,IN,8508
West Bengal,Howrah,711111,IN,8509
Odisha,Danara,759148,IN,8510
Maharashtra,"Mumbai,",400080,IN,8511
Kerala,Muthukulam,690506,IN,8512
Madhya Pradesh,Kannod,455332,IN,8513
Karnataka,Mysore,570002,IN,8514
Karnataka,Belur,573115,IN,8515
Punjab,Balachaur,144522,IN,8516
Jharkhand,Ranchi,834006,IN,8517
Uttar Pradesh,Allahabad,212405,IN,8518
Tamil Nadu,Ponneri Tk,601204,IN,8519
Kerala,Pathanamthitta,689113,IN,8520
Andhra Pradesh,Hyderabad,500078,IN,8521
Kerala,Pathanamthitta,689694,IN,8522
Uttarakhand,Mussoorie,248122,IN,8523
Haryana,Bahaduargarh,124507,IN,8524
Bihar,Lalganj,844121,IN,8525
Himachal Pradesh,Dharampur Industrial Estate,173209,IN,8526
Kerala,Trivandrum,695018,IN,8527
Maharashtra,Mumbai 40064,400064,IN,8528
Gujarat,Kathlal,387630,IN,8529
Kerala,Kothamangalam,686692,IN,8530
Kerala,"Annamanada,Trissur",680741,IN,8531
Karnataka,Bangalore,560091,IN,8532
Kerala,Palakkad,678683,IN,8533
Kerala,Ernakulam,682037,IN,8534
Kerala,Kannur,670504,IN,8535
Assam,Lakhipur Cachar District,788103,IN,8536
Himachal Pradesh,Kasauli,173202,IN,8537
Karnataka,Madapura,571251,IN,8538
Tamil Nadu,Trichy,620016,IN,8539
Uttar Pradesh,Kalpi,285130,IN,8540
Madhya Pradesh,Gotegaon (Dist-Narsinghpur),487118,IN,8541
Assam,Kamrup,782403,IN,8542
Uttar Pradesh,Nawabganj Gonda District,271303,IN,8543
Tamil Nadu,Tiruchirappalli,620005,IN,8544
Kerala,Ernakulam.,682306,IN,8545
Kerala,Mavelikkara,690558,IN,8546
Punjab,Dera Bassi Industrial Area Mohali,140507,IN,8547
Karnataka,Kotekar,575022,IN,8548
Assam,Tinsukia District,786153,IN,8549
Uttar Pradesh,Dhaura Tanda,243202,IN,8550
Andhra Pradesh,Chirala,523155,IN,8551
Uttar Pradesh,Manjhanpur,212207,IN,8552
Karnataka,Srinivaspur,563126,IN,8553
Kerala,Thalassery,670642,IN,8554
Kerala,Malappuram,679331,IN,8555
West Bengal,Burdwan,713407,IN,8556
Bihar,Thakurganj,855116,IN,8557
Andhra Pradesh,P.Gannavaram Mandal,533240,IN,8558
Assam,Dhekiajuji,784110,IN,8559
Uttar Pradesh,Kanpur,208013,IN,8560
Maharashtra,Diva,400612,IN,8561
West Bengal,Kolkatal,700078,IN,8562
Himachal Pradesh,Hamirpur,176048,IN,8563
Bihar,Gopalganj,841501,IN,8564
Himachal Pradesh,Solan,173230,IN,8565
Tamil Nadu,Namagiripettai,637406,IN,8566
Andhra Pradesh,Tekkali,532212,IN,8567
Kerala,Ernakulam,683502,IN,8568
Meghalaya,Selsella,794105,IN,8569
Andhra Pradesh,Nellore,524137,IN,8570
Uttar Pradesh,Hardoi,241121,IN,8571
Bihar,Narkatia,845302,IN,8572
Kerala,Palakkad,678002,IN,8573
Uttar Pradesh,Mankapur,271308,IN,8574
Maharashtra,Dombivalli,421201,IN,8575
Karnataka,Bengaluru Rural Dist,562164,IN,8576
Kerala,Vadakkekara,683515,IN,8577
West Bengal,"Kharagpur, Paschim Midnapur",721301,IN,8578
Manipur,Pungdongbam Makha Leikai,795010,IN,8579
Tamil Nadu,Virudhunagar,626003,IN,8580
Bihar,Kataiya,841437,IN,8581
Gujarat,Bedi,361150,IN,8582
Bihar,Mokameh,803301,IN,8583
West Bengal,Kalna,713434,IN,8584
Himachal Pradesh,Sarkaghat,175028,IN,8585
Maharashtra,Nandgaonpeth Midc,444901,IN,8586
Uttar Pradesh,Lucknow,226301,IN,8587
Uttar Pradesh,Fhatehpur,212664,IN,8588
Himachal Pradesh,Kangra,176076,IN,8589
Kerala,Trivandrum,695526,IN,8590
Haryana,Gurugaon,122017,IN,8591
Telangana,Banswada,503187,IN,8592
Haryana,Faridabad-121004,121004,IN,8593
Maharashtra,Ghansoli Gaon,400701,IN,8594
Maharashtra,Dombivali E,421204,IN,8595
West Bengal,Bansberia,712123,IN,8596
Kerala,Pathanamthitta,689103,IN,8597
Madhya Pradesh,Gwalior,474010,IN,8598
Maharashtra,Lonavla,410401,IN,8599
Karnataka,"Bhagya Nagar,9916015445,Koppal",583231,IN,8600
Gujarat,Karjan,391240,IN,8601
Gujarat,Gandhi Nagar,382424,IN,8602
Karnataka,Tirumakudal Narsipur,571124,IN,8603
Maharashtra,Khed,415709,IN,8604
Goa,Kesarval,403710,IN,8605
Karnataka,"Kinnigoli,Mangluru",574150,IN,8606
Karnataka,Udupi,576230,IN,8607
West Bengal,Chinsurah R. S,712102,IN,8608
Kerala,Ariyallur,676312,IN,8609
Kerala,Kattanam,690501,IN,8610
Uttar Pradesh,Varanasi,222146,IN,8611
Madhya Pradesh,Silwani,464886,IN,8612
Tamil Nadu,Chinnampalayam,642003,IN,8613
Haryana,Dadri,127025,IN,8614
Karnataka,Shimoga,577204,IN,8615
Tamil Nadu,Perambalur,621220,IN,8616
Bihar,Bagaha,845105,IN,8617
Uttar Pradesh,Mohammadabad Ghazipur District,233227,IN,8618
Tamil Nadu,Chenai,600071,IN,8619
Karnataka,Banglore,560085,IN,8620
Uttar Pradesh,Musafirkhana,227811,IN,8621
Kerala,Ancharakandy,670611,IN,8622
Rajasthan,Kaman,321022,IN,8623
Kerala,Ernakulam,683581,IN,8624
Andhra Pradesh,Mangalagiri,522502,IN,8625
Odisha,Asika,761110,IN,8626
Kerala,Kollam,691512,IN,8627
Kerala,Kottayam,686008,IN,8628
Arunachal Pradesh,Kharsang,792122,IN,8629
Punjab,Omaxe New Chandigarh,140901,IN,8630
Himachal Pradesh,Kullukullu,175101,IN,8631
Madhya Pradesh,Ranapur,457993,IN,8632
Karnataka,Sullia,574239,IN,8633
Rajasthan,"Jodhpur,Osian",342303,IN,8634
Karnataka,Chittapur,585211,IN,8635
West Bengal,P. S.  Duttapukur,743248,IN,8636
Kerala,Pappinivattom,680691,IN,8637
Uttar Pradesh,Lalganj,276202,IN,8638
Kerala,Kozhikode,673508,IN,8639
Gujarat,Kim,394110,IN,8640
Andhra Pradesh,Kurnool,518396,IN,8641
Uttar Pradesh,Azamgarh,223225,IN,8642
Kerala,Edapally North Po,682024,IN,8643
Gujarat,Ahmedabad,380025,IN,8644
Uttar Pradesh,Ghiraur,205121,IN,8645
Himachal Pradesh,Hamirpur,177005,IN,8646
Punjab,Mandi Gobindgarh,147301,IN,8647
Assam,Lido Town,786182,IN,8648
Goa,Salcete,403716,IN,8649
Himachal Pradesh,Solan,173223,IN,8650
Gujarat,Gandhinagar,382016,IN,8651
Andhra Pradesh,Tadipatri,515411,IN,8652
Kerala,Cherupuzha,670511,IN,8653
Assam,"Pub Daniram Pather,Hojai",782435,IN,8654
Bihar,Araria,854318,IN,8655
Kerala,Trivandrum,695587,IN,8656
West Bengal,Bankura,722183,IN,8657
Tamil Nadu,Aruppukottai,625022,IN,8658
Uttar Pradesh,Rampur Maniharan,247451,IN,8659
Kerala,Perumbaikad,686561,IN,8660
Andhra Pradesh,Vizianagaram,535145,IN,8661
Haryana,Sampla,124501,IN,8662
Punjab,Jalandhar,144013,IN,8663
Bihar,Lakhisarai,811106,IN,8664
Gujarat,Vadodara,387340,IN,8665
West Bengal,Minakhan,743425,IN,8666
Assam,Sibsagar,785671,IN,8667
Kerala,Trivandrum,695024,IN,8668
Arunachal Pradesh,Diyun,792103,IN,8669
Uttar Pradesh,Akbarpur,209311,IN,8670
Odisha,Belpahar,768217,IN,8671
Maharashtra,Lonand,415521,IN,8672
West Bengal,Deulia,743424,IN,8673
Kerala,Chelakkara,680591,IN,8674
Karnataka,Vijayapur.,586121,IN,8675
Andhra Pradesh,Hyderabad,500073,IN,8676
Kerala,Kottayam,686576,IN,8677
Gujarat,Borsad,388540,IN,8678
Kerala,Irinjalakuda,680711,IN,8679
Madhya Pradesh,Lateri,464114,IN,8680
Gujarat,Ankleshwar,393010,IN,8681
Karnataka,Honavar,581334,IN,8682
Odisha,Kujang,754141,IN,8683
Kerala,Erattupetta,686121,IN,8684
Telangana,Armoor,503224,IN,8685
Assam,Lanka,782446,IN,8686
Tamil Nadu,Oragadam Industrial Area,631604,IN,8687
Andhra Pradesh,Yelamanchili,534266,IN,8688
Chhattisgarh,Ntpc Sipat Township,495555,IN,8689
Kerala,Chengannur,689123,IN,8690
Rajasthan,Rupbas,321404,IN,8691
Bihar,Madhepura,852101,IN,8692
Chhattisgarh,Manendragarh,497442,IN,8693
Rajasthan,Kaprain,323301,IN,8694
Kerala,Calicut Medical College,673008,IN,8695
Maharashtra,Pune 411004,411004,IN,8696
Karnataka,Bagalkot,591220,IN,8697
Kerala,Ponkunnam,686506,IN,8698
Rajasthan,Sujangarh,341304,IN,8699
Uttarakhand,Srinagar,246174,IN,8700
Jharkhand,Pathardih,828119,IN,8701
Gujarat,Vallabhipur,364310,IN,8702
Uttar Pradesh,Kushinagar,274801,IN,8703
Himachal Pradesh,Sabathu,173206,IN,8704
Telangana,"Khajaguda, Gachibowli",500104,IN,8705
Tamil Nadu,Urapakkam,603210,IN,8706
Haryana,"Gurgaon, Hsiidc Sohna",122103,IN,8707
Tamil Nadu,Chennai,600009,IN,8708
West Bengal,Siliguri,734005,IN,8709
Andhra Pradesh,Anantapur,515767,IN,8710
Telangana,Bibinagar Hyderabad,508126,IN,8711
Karnataka,Karkal,576111,IN,8712
Punjab,Amritsar,143116,IN,8713
Telangana,Bellampalle,504251,IN,8714
Karnataka,Ponnampet,571216,IN,8715
Odisha,Puri,752002,IN,8716
Tripura,West Tripura,799006,IN,8717
Odisha,Cuttack,754010,IN,8718
Maharashtra,Murud,402202,IN,8719
Tripura,Kumarghat,799264,IN,8720
Uttar Pradesh,Chopan,231205,IN,8721
West Bengal,Hijuli,723121,IN,8722
Gujarat,Surat,394445,IN,8723
Bihar,Dehri On Sone,821305,IN,8724
Telangana,Beet Bazar,506001,IN,8725
Tamil Nadu,Veerakkalpudur,636403,IN,8726
Gujarat,Navsari,396469,IN,8727
Gujarat,Surat,394240,IN,8728
Andhra Pradesh,Vijayawada,520009,IN,8729
Andhra Pradesh,Bhimadole,534425,IN,8730
Goa,Honda,403530,IN,8731
Telangana,Sangareddy,502285,IN,8732
Maharashtra,"Armori, Dist. Gadchiroli",441208,IN,8733
Andhra Pradesh,Koilakuntla,518134,IN,8734
Uttar Pradesh,Prayagraj,211001,IN,8735
Rajasthan,Salasar,331506,IN,8736
West Bengal,Barasst,743424,IN,8737
Andhra Pradesh,Chittoor,517429,IN,8738
West Bengal,Chandannagar,712137,IN,8739
Tamil Nadu,Gudiyatham Vellore,632601,IN,8740
Karnataka,Mudalgi,591312,IN,8741
Gujarat,"Ranip,Ahmedabad",382480,IN,8742
Tamil Nadu,Panagudi,627109,IN,8743
Telangana,Allipur,502318,IN,8744
Tamil Nadu,Vikravandi,605652,IN,8745
Kerala,Olavanna,673014,IN,8746
Uttar Pradesh,Agra-282001,282001,IN,8747
Madhya Pradesh,Khategaon,455336,IN,8748
Karnataka,Bangalore,560049,IN,8749
Karnataka,Virajpete,571219,IN,8750
Sikkim,Convoy Ground,737102,IN,8751
Uttar Pradesh,Gorakhpur,273017,IN,8752
Kerala,"Kakkanad,Kochi",682021,IN,8753
Karnataka,Tumkur,572201,IN,8754
Assam,Bhuragaon,782001,IN,8755
Kerala,Ariyallur,673314,IN,8756
Odisha,Kashinagara,761206,IN,8757
Andhra Pradesh,Anantapur,515445,IN,8758
Tamil Nadu,Coimbatore,642003,IN,8759
Uttar Pradesh,Kharkhauda,245206,IN,8760
Maharashtra,Babhaleshwar,413713,IN,8761
Uttar Pradesh,Gajraula,244235,IN,8762
Karnataka,Maddur,571419,IN,8763
Delhi,West Delhi,110059,IN,8764
West Bengal,Alipurduar,736122,IN,8765
Tamil Nadu,Ulundurpet Tk,607202,IN,8766
West Bengal,North 24 Parganas,743248,IN,8767
Assam,Mazbat,784114,IN,8768
Uttar Pradesh,Bahraich,271821,IN,8769
Telangana,Secunderabad,500040,IN,8770
Karnataka,"Kyathsandra, Tumkur",572104,IN,8771
Uttar Pradesh,Auraiya,206244,IN,8772
Telangana,Secundrabad,500014,IN,8773
Manipur,Lilong Imphal West,795130,IN,8774
Maharashtra,Shegaon Bk,442906,IN,8775
Bihar,Police Station - Bikram     Tehsil- Danapur,801104,IN,8776
Kerala,Kottayam,686602,IN,8777
Haryana,Taraori,132116,IN,8778
Gujarat,Meghraj,383350,IN,8779
West Bengal,Rajarhat Gopalpur,700136,IN,8780
Kerala,Aroor,688547,IN,8781
Maharashtra,Mangaon,402104,IN,8782
Tamil Nadu,Kolathur,636303,IN,8783
West Bengal,Hasimnagar,743513,IN,8784
Kerala,Pallakad,679514,IN,8785
Kerala,Pathanamthitta,689545,IN,8786
Uttar Pradesh,Chandauli Up,232106,IN,8787
Maharashtra,Mumbra,400612,IN,8788
Gujarat,Hajira,394270,IN,8789
West Bengal,Lagola,742148,IN,8790
Karnataka,Bhalki,585328,IN,8791
Kerala,Naduvannur,673614,IN,8792
Odisha,Koraput,764036,IN,8793
Andhra Pradesh,Rajahmundry,533126,IN,8794
Uttarakhand,Pithoragarh,262502,IN,8795
Delhi,South West Delhi,110074,IN,8796
Kerala,Ernakulam District,683515,IN,8797
Uttar Pradesh,Bijauli Industrial Area,284135,IN,8798
Kerala,"Pattambi, Palakkad",679303,IN,8799
Maharashtra,Mira Bhayander,401107,IN,8800
Tamil Nadu,Kanyakumari District,629501,IN,8801
Rajasthan,Chhipabarod,325221,IN,8802
Karnataka,Hubli,580025,IN,8803
Telangana,Jogipet,502270,IN,8804
Rajasthan,Jodhpur,342009,IN,8805
Andhra Pradesh,Agiripalle,521211,IN,8806
Uttar Pradesh,Gaura Kala,221104,IN,8807
Kerala,Aroor,688535,IN,8808
Andhra Pradesh,Guntur,522501,IN,8809
Gujarat,Harij,384240,IN,8810
Maharashtra,Mumbai.,400091,IN,8811
Maharashtra,Ulhasnagar 3,421003,IN,8812
Maharashtra,Mahasla,402105,IN,8813
Maharashtra,Roha Ashtami,402109,IN,8814
Tamil Nadu,Veerapandianpattinam,628216,IN,8815
Delhi,New Delhi 110075,110075,IN,8816
Tamil Nadu,Tiruvallur,600053,IN,8817
Kerala,Pallikunnu (P O),670004,IN,8818
Punjab,Doraha,141421,IN,8819
Kerala,Aluva,683518,IN,8820
Assam,Damara Patpara,783122,IN,8821
Tamil Nadu,Kanchipuram,600070,IN,8822
Kerala,Ernakulam,683574,IN,8823
Assam,Pathsala,781325,IN,8824
Tamil Nadu,Thiruchengode,637215,IN,8825
Chandigarh,Chandigarh,160061,IN,8826
Kerala,Pampakuda Via,686667,IN,8827
Karnataka,Sambra,591124,IN,8828
Telangana,Warangal Urban,506001,IN,8829
Karnataka,Dod Ballapur,561205,IN,8830
Maharashtra,Sahakar Nagar Pune,411009,IN,8831
Rajasthan,Ahore,307029,IN,8832
Goa,Majorda,403713,IN,8833
Tamil Nadu,Thoothukkudi,628205,IN,8834
Kerala,Kannur,670582,IN,8835
Odisha,Niali,754004,IN,8836
Uttar Pradesh,Mainpuri,206301,IN,8837
Tamil Nadu,Sriperumbudur Ph:9944226768,602105,IN,8838
Uttarakhand,Kathgodam (Haldwani),263139,IN,8839
Kerala,Haripad,690507,IN,8840
Kerala,Hosdurg,671326,IN,8841
Kerala,Kollam,691505,IN,8842
Punjab,"Rajpura Town, Dist Patiala",140401,IN,8843
Telangana,Khammam,507164,IN,8844
Uttar Pradesh,Mathura,281006,IN,8845
Tamil Nadu,Erode District,638311,IN,8846
Tamil Nadu,Namakkal,637201,IN,8847
Maharashtra,Mumbai 400102,400102,IN,8848
Kerala,Pulpally,673579,IN,8849
Gujarat,Rajkot,360330,IN,8850
Himachal Pradesh,Kangra,176081,IN,8851
Maharashtra,Gadchiroli,442605,IN,8852
West Bengal,Hindusthan Cables Town,713335,IN,8853
Uttar Pradesh,Agra,282009,IN,8854
Andhra Pradesh,Guntur,522017,IN,8855
Karnataka,Banglore,560102,IN,8856
Uttar Pradesh,"Kalyanpur,Lucknow",226022,IN,8857
Goa,Caranzalem - Tiswadi,403002,IN,8858
Kerala,Kottayam,686610,IN,8859
Rajasthan,Jodhpur,342304,IN,8860
Chhattisgarh,Raipur,493221,IN,8861
Kerala,Palakkad,678612,IN,8862
Tamil Nadu,"Mettur, Salem",636402,IN,8863
Andhra Pradesh,Tadepalligudem,534145,IN,8864
Karnataka,Mysuru,571130,IN,8865
Uttarakhand,Rishikesh,249302,IN,8866
Punjab,Tharial,145024,IN,8867
Rajasthan,Bikaner,334022,IN,8868
Delhi,Delhi Cantt,110010,IN,8869
Maharashtra,Nerul (East),400706,IN,8870
Karnataka,Bengaluru; 560047,560047,IN,8871
Kerala,Thiruvananthapuram,695563,IN,8872
Kerala,Aluva Ernakulam,683511,IN,8873
Maharashtra,Shirwal,412801,IN,8874
Maharashtra,Satara,412806,IN,8875
Himachal Pradesh,Hamirpur,177022,IN,8876
Maharashtra,Jat,416402,IN,8877
Assam,Rangia,781380,IN,8878
Jharkhand,Dhanbad,828109,IN,8879
Rajasthan,Hindaun,322236,IN,8880
Maharashtra,Dombiwali (E),421201,IN,8881
Maharashtra,Kedgaon,412203,IN,8882
Kerala,Njarackal,682505,IN,8883
Bihar,Rajgir,803121,IN,8884
Kerala,Wadakkanchery,680582,IN,8885
Delhi,Delhi,110051,IN,8886
Goa,Old Goa,403402,IN,8887
Kerala,Nadathara,680751,IN,8888
Punjab,Faridkot,151212,IN,8889
Tamil Nadu,Oragadam Industrial Area,602105,IN,8890
Odisha,Gorumahisani,757042,IN,8891
Tamil Nadu,Tiruppur,641603,IN,8892
Karnataka,Shahpur,585223,IN,8893
Tripura,Kailasahar,799277,IN,8894
Chandigarh,Chandigarh,160015,IN,8895
Odisha,Kendrapara,754212,IN,8896
Andhra Pradesh,Kaikaluru,521333,IN,8897
Punjab,Rahon,144517,IN,8898
Uttar Pradesh,Mundera Bazar,273201,IN,8899
Madhya Pradesh,Shahpur Burhanpur District,450445,IN,8900
Tamil Nadu,Chennai 600028,600028,IN,8901
Andhra Pradesh,Eluru,534006,IN,8902
Kerala,Vaikom,686611,IN,8903
Kerala,Chengannur,689624,IN,8904
Tamil Nadu,"Chenghlepet Taluk, Kancheepuram Dt.",603204,IN,8905
Madhya Pradesh,Barwaha,451115,IN,8906
Kerala,Kolazhy,680581,IN,8907
Maharashtra,"Pimpri Chinchwad, Pune",411039,IN,8908
Telangana,Peddapalli,505184,IN,8909
Himachal Pradesh,Sundarnagar,175018,IN,8910
Telangana,Thrumalagiri,508223,IN,8911
Bihar,Siwan,841232,IN,8912
Assam,Boko,781123,IN,8913
Haryana,Gurugram,121102,IN,8914
Tamil Nadu,Thirumanagalam Madurai,625706,IN,8915
Andhra Pradesh,Chittoor,517234,IN,8916
Andhra Pradesh,Kadapa,516329,IN,8917
West Bengal,Haringhata Farm,741246,IN,8918
Andhra Pradesh,Nellore,524121,IN,8919
Andhra Pradesh,Anantapur District,515571,IN,8920
Uttar Pradesh,Sahawar,207245,IN,8921
Tamil Nadu,Theni Allinagaram,625531,IN,8922
Kerala,Ollur,680322,IN,8923
Tamil Nadu,Kancheepuram District,603204,IN,8924
Goa,Agarwada,403512,IN,8925
Tamil Nadu,Erodeerode,638011,IN,8926
Manipur,Churachandpur,795128,IN,8927
Karnataka,Hiriyur,577598,IN,8928
Kerala,Ernakulam,682305,IN,8929
Himachal Pradesh,District Mandi,175001,IN,8930
Tamil Nadu,"Polur,Thiruvannamalai District",606803,IN,8931
Jammu & Kashmir,Kathua,184151,IN,8932
Maharashtra,Koregaon,415107,IN,8933
Telangana,Peddapalle,505174,IN,8934
Tamil Nadu,Thiruvarur,614706,IN,8935
Delhi,South West Delhi,110078,IN,8936
Karnataka,Virajpete,571217,IN,8937
Chandigarh,Chandigarh,160020,IN,8938
Andhra Pradesh,Kanchikacherla,521180,IN,8939
Gujarat,Valsad,396020,IN,8940
Bihar,"Danapur, Patna",800012,IN,8941
Punjab,Amritsar,143606,IN,8942
Tamil Nadu,Chennnai,600045,IN,8943
Haryana,Hisar,125004,IN,8944
Maharashtra,"Pimple Saudagar, Pimpri-Chinchwad",411027,IN,8945
Uttar Pradesh,Jarwa Road Tulsipur,271208,IN,8946
Kerala,Pallippuram Alappuzha District,688528,IN,8947
Madhya Pradesh,Bhopal,462002,IN,8948
Odisha,Jajur Road,755022,IN,8949
Tamil Nadu,Moolavaikkal,638453,IN,8950
Karnataka,Yadgir,585202,IN,8951
Telangana,"Malkajgiri, Hyderabad",500047,IN,8952
Andaman and Nicobar Islands,School Line,744102,IN,8953
Maharashtra,"Evershine City, Vasai (East)",401202,IN,8954
Tamil Nadu,Coimbatore,641105,IN,8955
Chhattisgarh,Naya Baradwar,495687,IN,8956
Maharashtra,Ghansoli  Navi Mumbai,400701,IN,8957
Maharashtra,Nasik,422001,IN,8958
Madhya Pradesh,Indore,452007,IN,8959
Sikkim,Namchi South Sikkim,737126,IN,8960
Punjab,Begowal,144621,IN,8961
Maharashtra,Mangaon,402112,IN,8962
Andhra Pradesh,Addanki,523201,IN,8963
Maharashtra,Uran,400702,IN,8964
Gujarat,Dharampur,396050,IN,8965
Telangana,Warangal,506315,IN,8966
Maharashtra,Pimpri-Chinchwad,411027,IN,8967
Kerala,Thiruvananthapuram,695523,IN,8968
Karnataka,Kalaburgi 585102,585102,IN,8969
Kerala,Calicut,673655,IN,8970
Tamil Nadu,Thoothukudi,628103,IN,8971
Delhi,"Sector - 15 , Rohini",110089,IN,8972
Kerala,"Poothakkulam,Parippally",691302,IN,8973
Maharashtra,Ahmadnagar,414005,IN,8974
Karnataka,Bengalurubangalore,560080,IN,8975
Goa,South Goa,403703,IN,8976
Karnataka,Bangalore,560039,IN,8977
Tamil Nadu,"Opposite Jains Public School,Thirumudivakam",600044,IN,8978
Andhra Pradesh,Hyderabad,500049,IN,8979
Tamil Nadu,"Ranipet, Vellore Dt",632405,IN,8980
Tamil Nadu,Mettupalayam Tiruchirappalli District,621210,IN,8981
Jammu & Kashmir,Jammu,180019,IN,8982
Gujarat,Porbandar,360577,IN,8983
Andhra Pradesh,"Pedapadu,Westgodavari",534437,IN,8984
Maharashtra,Morshi,444707,IN,8985
West Bengal,Kolkata,700143,IN,8986
Uttar Pradesh,Jamuhan,206244,IN,8987
Jharkhand,Bokaro,827001,IN,8988
Maharashtra,Ahmedpur,413523,IN,8989
Jharkhand,Ranchi,835221,IN,8990
Tamil Nadu,Salem,636002,IN,8991
Tamil Nadu,Pollachi,642114,IN,8992
Tamil Nadu,Kanchipuram,631552,IN,8993
Kerala,Palai,686573,IN,8994
Kerala,Kottarakkara,691505,IN,8995
Uttar Pradesh,Ghatampur,209206,IN,8996
Telangana,Secunderab,500017,IN,8997
Telangana,Secunderabad,500108,IN,8998
Punjab,Nakodar,144630,IN,8999
Punjab,Malaut,152107,IN,9000
Uttar Pradesh,Mathura,281003,IN,9001
Karnataka,Tumkur,576101,IN,9002
Kerala,Malappuram,676561,IN,9003
Kerala,Pottore,680596,IN,9004
Maharashtra,Malegaon,423105,IN,9005
Tamil Nadu,Tirupathur Vellore District,635602,IN,9006
Goa,Chinchinim,403725,IN,9007
Uttar Pradesh,Gautam Buddha Nagar,201310,IN,9008
Andhra Pradesh,"Tadigadapa,Vijayawada",521137,IN,9009
Kerala,Taliparamba,670141,IN,9010
Madhya Pradesh,Amla,460553,IN,9011
West Bengal,Dakshin Deogaon,735213,IN,9012
Andhra Pradesh,Gannavaram,521101,IN,9013
Maharashtra,Ahmadnagar,422622,IN,9014
Telangana,Sangareddy,502319,IN,9015
West Bengal,Belur,711227,IN,9016
Karnataka,Navanagar Bagalkot,587103,IN,9017
Andhra Pradesh,Krishna,520010,IN,9018
Tamil Nadu,Pudupattinam,603127,IN,9019
Telangana,Warangal,506015,IN,9020
Kerala,Nattakam,686013,IN,9021
Punjab,Ferozpur Cantt,152004,IN,9022
Maharashtra,Yavatmal,445305,IN,9023
Chhattisgarh,"Bhilai-490006, District -Durg ,",490006,IN,9024
Haryana,Mahendragarh,123028,IN,9025
Tamil Nadu,Chengelpattu,600044,IN,9026
Maharashtra,"Borivali-West, Mumbai",400091,IN,9027
Maharashtra,Barabungallow,410401,IN,9028
Tamil Nadu,Pollachi,642003,IN,9029
West Bengal,Malbazar,735221,IN,9030
Kerala,Irinjalakuda,680661,IN,9031
Maharashtra,Pathardi,414102,IN,9032
Maharashtra,Nagpur,440035,IN,9033
Gujarat,Nadiad,387370,IN,9034
Madhya Pradesh,Bhopal,462044,IN,9035
Uttar Pradesh,Sirsiya,273302,IN,9036
Delhi,Delhi,110023,IN,9037
Telangana,Medak,502336,IN,9038
Kerala,Chengannur,689506,IN,9039
Telangana,Hyderabad-47,500040,IN,9040
Uttar Pradesh,Hastinapur,250404,IN,9041
Assam,Kamrup,781028,IN,9042
West Bengal,Bidhan Nagar,700098,IN,9043
West Bengal,North 24 Parganas,743127,IN,9044
Karnataka,Bengaluru-560005,560005,IN,9045
Kerala,Kozhikode,673633,IN,9046
Uttar Pradesh,Gorakhpur,273006,IN,9047
Chhattisgarh,Naya Raipur,492015,IN,9048
West Bengal,Samuktola,736206,IN,9049
Goa,Neura Pequeno,403104,IN,9050
Tamil Nadu,Coimbatore,641032,IN,9051
Kerala,Karunagappally,690518,IN,9052
Madhya Pradesh,Raghogarh,473226,IN,9053
Madhya Pradesh,Mandleshwar,451221,IN,9054
Uttar Pradesh,Mahrajganj Mahrajganj District,273303,IN,9055
Karnataka,Bengaluru-28,560028,IN,9056
Kerala,Alappuzha,688503,IN,9057
Kerala,Chalakudy,680722,IN,9058
Goa,Sanvordem,403706,IN,9059
Kerala,Puranattukara,680553,IN,9060
Madhya Pradesh,Churhat,486771,IN,9061
Maharashtra,"Shikrapur, Pune",412208,IN,9062
Andhra Pradesh,Nallajerla,534112,IN,9063
Tamil Nadu,Neyveli,607801,IN,9064
West Bengal,Bhattanagar .Liluah .Howrah,711203,IN,9065
Haryana,Chandi Mandir,134114,IN,9066
Karnataka,Bengaluru,560107,IN,9067
Uttar Pradesh,Debai,203393,IN,9068
Maharashtra,Sanaswadi,412216,IN,9069
Tamil Nadu,"Alagappapuram,Kanyakumari District",629401,IN,9070
Telangana,Karimnagar,505472,IN,9071
Andhra Pradesh,Rayachoty,516267,IN,9072
Delhi,New Delhi-110033,110033,IN,9073
Delhi,Moujpur New Delhi,110053,IN,9074
Maharashtra,Pune,410516,IN,9075
Maharashtra,Ulhasnagar.Mumbai,421004,IN,9076
Uttar Pradesh,Gautam Buddha Nagar,201318,IN,9077
Uttar Pradesh,Basti,272151,IN,9078
Maharashtra,"Taluka-Shahapur , Dist- Thane",421601,IN,9079
Kerala,Cherpu,680562,IN,9080
Kerala,Kottayam,686517,IN,9081
Tamil Nadu,Karungal,629157,IN,9082
Uttar Pradesh,Lucknow,226501,IN,9083
Odisha,Kendujhar,758023,IN,9084
Telangana,Shadnagar,509216,IN,9085
Assam,North Lakhimpur,787032,IN,9086
Karnataka,Mysuru,570014,IN,9087
Odisha,Cuttack,754032,IN,9088
Odisha,Gorakhpur,765015,IN,9089
Gujarat,Surendranagar,363035,IN,9090
Madhya Pradesh,Rajgarh Rajgarh District,465661,IN,9091
Tamil Nadu,Karur,639003,IN,9092
Punjab,Hoshiarpur,144523,IN,9093
Uttar Pradesh,Greater Noida,203201,IN,9094
Karnataka,Kodambal,585412,IN,9095
Tamil Nadu,Theni,625579,IN,9096
Kerala,Chittur Thathamangalam,678531,IN,9097
Andhra Pradesh,West Godavari,534260,IN,9098
West Bengal,Kakdwip,743347,IN,9099
Uttar Pradesh,Basti,272302,IN,9100
Tamil Nadu,"Harur (Tk), Dharmapuri (Dt).",636903,IN,9101
Uttar Pradesh,Bulandshahr,203392,IN,9102
Maharashtra,Sinnar,422103,IN,9103
Tamil Nadu,Dharapuram,638656,IN,9104
Kerala,Puthuppally,686011,IN,9105
Kerala,Nileshwar,671314,IN,9106
Karnataka,"Holealur, District: Gadag",582203,IN,9107
Tamil Nadu,Kanchipuram,600115,IN,9108
Odisha,Bhadrak,756130,IN,9109
Karnataka,Chik Ballapur,562101,IN,9110
Odisha,Puri,752014,IN,9111
Kerala,Kozhikode,673032,IN,9112
Tamil Nadu,Kanchepuram,601301,IN,9113
Telangana,Nizamabad,503165,IN,9114
Karnataka,Nargund,582207,IN,9115
Andhra Pradesh,Guntur,522503,IN,9116
Haryana,Nit Faridabad,121001,IN,9117
Kerala,Chengannur Alapuzha,689521,IN,9118
Maharashtra,Pune,412211,IN,9119
Karnataka,Bengaluru Rural,562107,IN,9120
Karnataka,Bangalore North,560092,IN,9121
Maharashtra,Satara,415015,IN,9122
Tamil Nadu,Tirukkoyilur,605757,IN,9123
Karnataka,Bailhongal,591102,IN,9124
Uttar Pradesh,Near Kaushalya Vatika Nh2 Etawah,206001,IN,9125
Karnataka,Mysore,570007,IN,9126
Kerala,Pathanamthitta District,689544,IN,9127
Chhattisgarh,Sukma,494111,IN,9128
Goa,"Caranzalem, Panjim",403002,IN,9129
Karnataka,Ranebennur,581115,IN,9130
Goa,Goa,403717,IN,9131
Kerala,Cherthala City,688524,IN,9132
Odisha,Jagatsinghapur,754103,IN,9133
Rajasthan,Kawai,325219,IN,9134
Kerala,Alappuzha,688007,IN,9135
Karnataka,Khanapur,591302,IN,9136
Goa,Margao,403718,IN,9137
Tamil Nadu,Kannamangalam,632311,IN,9138
Tamil Nadu,Pandalkudi,626113,IN,9139
Gujarat,Dahej Sir,392130,IN,9140
Andhra Pradesh,L.N.D Peta (Lakshmi Narayana Devi Peta),534318,IN,9141
Rajasthan,Bhinmal,343029,IN,9142
Karnataka,Kudchi,591311,IN,9143
Telangana,"Perzaadiguda, Hyderabad",500039,IN,9144
Karnataka,Bangaluru,560102,IN,9145
Kerala,Malappuram,673642,IN,9146
Andhra Pradesh,Bestawaripeta,523346,IN,9147
Karnataka,"Mahalakshmi Layout, Banagalore",560086,IN,9148
Maharashtra,Khandala Satara,412802,IN,9149
West Bengal,Galsi,713406,IN,9150
Himachal Pradesh,Shivnagari Holi Industrial Estate,176309,IN,9151
Kerala,"Perumchery  Post, Thrissur",680306,IN,9152
Kerala,Thrikkakkara,682021,IN,9153
Odisha,Rourkela,770034,IN,9154
Odisha,Ib Themal Power Plant Banharpali Township,768234,IN,9155
Maharashtra,Ahmed Nagar,423107,IN,9156
Gujarat,Jhalod,389170,IN,9157
West Bengal,Karari Chandpur,732201,IN,9158
Karnataka,Magadi,562120,IN,9159
Chandigarh,Sector 22 B,160022,IN,9160
Kerala,Trivandrum,695013,IN,9161
Chhattisgarh,Korba,495684,IN,9162
Haryana,Nagal Chaudhry,123023,IN,9163
Andhra Pradesh,"Penumur, Chittoor",517126,IN,9164
Delhi,West Patel Nagar,110008,IN,9165
Punjab,Jalandhar,144021,IN,9166
West Bengal,"Chandannagar, District - Hooghly",712136,IN,9167
Madhya Pradesh,Narsimhapur,487001,IN,9168
Maharashtra,Bhandup East Mumbai,400042,IN,9169
Bihar,"Raxaul, East Champaran, Pin-845305",845305,IN,9170
Uttar Pradesh,Karwi Chitrakoot,210205,IN,9171
Tamil Nadu,"Somanur,Karumathampatti",641668,IN,9172
Tamil Nadu,Salem,636010,IN,9173
Maharashtra,Nashik,422222,IN,9174
Kerala,Erayamkudy,680308,IN,9175
Karnataka,Challakere,577522,IN,9176
Uttar Pradesh,Noida Extension,201307,IN,9177
Jharkhand,Bokaro Thermal,829107,IN,9178
Uttar Pradesh,Nanpara,271865,IN,9179
Punjab,Karoran,140901,IN,9180
West Bengal,"Bangihati, Po-Mallickpara,Serampore",712203,IN,9181
Goa,Old Goa,403110,IN,9182
Karnataka,Kalaburgi,585106,IN,9183
Tamil Nadu,Aruppukkottai,626101,IN,9184
Uttar Pradesh,Ballia,277506,IN,9185
Uttar Pradesh,Rudrapur,274204,IN,9186
Kerala,Trissur,680010,IN,9187
Karnataka,Shivamoga,577424,IN,9188
Uttar Pradesh,Ghaziabad Up,201002,IN,9189
Jharkhand,Ramgarh Cantt,829122,IN,9190
Tamil Nadu,Batlagundu,624202,IN,9191
Manipur,Sekmai Bazar,795136,IN,9192
Kerala,Kalliasseri,670331,IN,9193
Maharashtra,Rukadi,416118,IN,9194
Karnataka,Maddur,571422,IN,9195
Tamil Nadu,Veerakkalpudur,636402,IN,9196
Uttar Pradesh,Bulandshahr,203389,IN,9197
Tamil Nadu,Chennai 600042,600042,IN,9198
Karnataka,Halashi,591120,IN,9199
Andhra Pradesh,Martur,523301,IN,9200
West Bengal,Sukhia Pokhari,734221,IN,9201
Kerala,Thrissur,680541,IN,9202
Tamil Nadu,Vaniyambadi Tirpattur District,635752,IN,9203
West Bengal,Batika,712134,IN,9204
West Bengal,Oodlabari,735222,IN,9205
Gujarat,Songadh Tapi District,394670,IN,9206
Kerala,Perumbala,671317,IN,9207
Uttar Pradesh,Baghpat,250620,IN,9208
Kerala,Kasaragod,671317,IN,9209
Jharkhand,Adityapur/ Jamshedpur,831013,IN,9210
Karnataka,Bangalore,560002,IN,9211
Uttar Pradesh,Maharajganj,273302,IN,9212
Kerala,"Kakkanad, Ernakulam",682030,IN,9213
Karnataka,Uttara Kannada,581365,IN,9214
Odisha,Bandhbahal,768211,IN,9215
Maharashtra,Ballarpur,442401,IN,9216
Tamil Nadu,Coimb,641034,IN,9217
West Bengal,Kolkata 700078,700078,IN,9218
West Bengal,Kolkata - 700028,700028,IN,9219
Kerala,Kizhakkummuri,680571,IN,9220
Kerala,Nilambur Kalikavu,676525,IN,9221
Uttar Pradesh,Kushinagar,274207,IN,9222
Madhya Pradesh,Badnagar Jill Ujjain,456771,IN,9223
Kerala,Ernakulam,683513,IN,9224
Kerala,Kureekkad,682305,IN,9225
Tamil Nadu,Bargur,635104,IN,9226
Madhya Pradesh,Jobat,457990,IN,9227
Tamil Nadu,Katpadi,632007,IN,9228
Uttar Pradesh,Maharajganj,273310,IN,9229
Madhya Pradesh,Indoreindore,452012,IN,9230
Maharashtra,"Chaul,Katkar Ali,Alibag,Raigad",402203,IN,9231
Uttar Pradesh,Kuraoli,205265,IN,9232
Karnataka,"Bengaluru,",560043,IN,9233
Andhra Pradesh,Punganur,517247,IN,9234
Tamil Nadu,Thirupporur,603110,IN,9235
Kerala,Pathanamthitta,689615,IN,9236
Maharashtra,Pune,412110,IN,9237
Andhra Pradesh,Gajapathinagaram,535270,IN,9238
Odisha,Khariar,766107,IN,9239
Maharashtra,Mumbai - 400092.,400092,IN,9240
Kerala,Aluva,683106,IN,9241
Bihar,Sarairanjan,848127,IN,9242
Delhi,Gtb Nagar,110009,IN,9243
Maharashtra,Nagpur,441401,IN,9244
Karnataka,Chikkaballapur,561228,IN,9245
Kerala,Ernakulam,682312,IN,9246
Odisha,Cuttack,754221,IN,9247
Uttarakhand,Haridwar,249402,IN,9248
Andhra Pradesh,Sanivarapupeta,534003,IN,9249
Karnataka,Hejamadi,574103,IN,9250
Andhra Pradesh,Gudipala,517132,IN,9251
Uttar Pradesh,Sikandra Rao Hathras,204215,IN,9252
Uttarakhand,Bhel Haridwar,249403,IN,9253
Odisha,Jeypore,764001,IN,9254
Tamil Nadu,Suriyampalayam,638316,IN,9255
Andhra Pradesh,Nandyala District,518124,IN,9256
Gujarat,Surat,394230,IN,9257
Andhra Pradesh,Kurnool,518145,IN,9258
Tamil Nadu,Vadipatti,625218,IN,9259
Jharkhand,Bagodar,825322,IN,9260
Uttar Pradesh,Shikohabad,283141,IN,9261
Maharashtra,Mumbai,400705,IN,9262
Punjab,Banga,144505,IN,9263
Odisha,Angul,759145,IN,9264
Tamil Nadu,Nilgiris,643001,IN,9265
Uttarakhand,Tehri,249124,IN,9266
Maharashtra,Mumbai 400064,400064,IN,9267
Andhra Pradesh,Rangampeta,533291,IN,9268
Madhya Pradesh,Chhindwara,480003,IN,9269
Andhra Pradesh,"Kanchikacherla, Krishna District",521180,IN,9270
Karnataka,Kognoli,591229,IN,9271
West Bengal,Salt Lake City,700064,IN,9272
Kerala,Venmony,689509,IN,9273
Delhi,New Delhi 110023,110023,IN,9274
Maharashtra,Virar East,401303,IN,9275
Arunachal Pradesh,Nirjuli,791109,IN,9276
Kerala,Kovalam,695527,IN,9277
Jharkhand,Bishnugarh,825312,IN,9278
Gujarat,Gandhinagar,382024,IN,9279
Meghalaya,Williamnagar,794111,IN,9280
Uttar Pradesh,Indian Tehephone Industry Mankapur,271308,IN,9281
Kerala,Ottappalam,679302,IN,9282
West Bengal,Contai,721455,IN,9283
Kerala,Kannur,670008,IN,9284
Karnataka,Shivamogga,577436,IN,9285
Gujarat,Bavla,382220,IN,9286
Haryana,Bhiwani,127029,IN,9287
Andhra Pradesh,Nellore,524222,IN,9288
Goa,Tiswadi,403005,IN,9289
Goa,South Goa,403721,IN,9290
Maharashtra,Buldana,443001,IN,9291
Maharashtra,Digras,413517,IN,9292
Uttar Pradesh,Greater Noida(West) Sector 1,201308,IN,9293
Kerala,Pathanamthitta,689693,IN,9294
Telangana,"Boduppal, Hyderabad - 92",500092,IN,9295
Kerala,Kozhikode,673015,IN,9296
Tamil Nadu,Chengalpattu Taluk,603202,IN,9297
Tamil Nadu,Thoothukkudi,628904,IN,9298
Madhya Pradesh,Ashoknagar,473331,IN,9299
Maharashtra,Talegaon Dhamdhere Bazaarmaidaan,412208,IN,9300
West Bengal,Chandannagar,712102,IN,9301
Punjab,Bhatinda,151004,IN,9302
West Bengal,Kolkata,700111,IN,9303
Telangana,Nizamabad,503230,IN,9304
Kerala,Kottayam,686564,IN,9305
Delhi,Delhi,110029,IN,9306
Maharashtra,Nalla-Sopara,401203,IN,9307
West Bengal,Bardhaman,713205,IN,9308
Karnataka,Holehonnur,577227,IN,9309
Kerala,Kunnamkulam,680517,IN,9310
Delhi,Pitampura,110034,IN,9311
Uttar Pradesh,Agra,283125,IN,9312
Maharashtra,Pune,412306,IN,9313
Gujarat,Mehmedabad,387130,IN,9314
Karnataka,Gulbarga,585313,IN,9315
Maharashtra,Mumbai,421202,IN,9316
Maharashtra,"Kharghar,Navi Mumbai",410210,IN,9317
Andhra Pradesh,Gooty,515401,IN,9318
Goa,Margao Salcete,403720,IN,9319
Odisha,Bhushan Steel Plant Meramandali Township,759121,IN,9320
Uttar Pradesh,Prayagraj,211011,IN,9321
Chhattisgarh,Khairagarh,491881,IN,9322
Karnataka,Mysuru,570012,IN,9323
Tamil Nadu,"Perumanallur, Tirupur",641666,IN,9324
Kerala,Pathanamthitta,689503,IN,9325
Andhra Pradesh,Nellore,524240,IN,9326
Tamil Nadu,Thanjavur,613009,IN,9327
Maharashtra,Aurangabad,431133,IN,9328
Telangana,Nizamabad,503306,IN,9329
Uttar Pradesh,Amethi,227817,IN,9330
Odisha,Kulada,761131,IN,9331
Kerala,Angamaly,683574,IN,9332
West Bengal,Raipur Bazar,722134,IN,9333
Andhra Pradesh,"Kondapur, Hyderabad",500084,IN,9334
Kerala,Munnar,685565,IN,9335
Andhra Pradesh,Tenali,522202,IN,9336
Tamil Nadu,Kottakuppam,605104,IN,9337
Maharashtra,Thane(Near Kalyan),421204,IN,9338
West Bengal,Dist- Paschim Medinipore,721133,IN,9339
Punjab,Talwandi Sabo,151302,IN,9340
Odisha,Phulabani,762029,IN,9341
Bihar,Amrath,811313,IN,9342
Kerala,Kurumpilavu,680564,IN,9343
Uttar Pradesh,Raya,281204,IN,9344
Kerala,Eranakulam,682021,IN,9345
Karnataka,Davanagere,577230,IN,9346
Himachal Pradesh,Shimla,172001,IN,9347
Maharashtra,"Pen, Dist : Raigad",402107,IN,9348
Maharashtra,Pune 411038,411038,IN,9349
Delhi,New Delhi 41,110041,IN,9350
Goa,South Goa,403709,IN,9351
Jharkhand,Charhi,825336,IN,9352
Karnataka,Kodagu Dist,571216,IN,9353
Maharashtra,Thane-West,400606,IN,9354
Uttar Pradesh,Mathura,281204,IN,9355
Maharashtra,Kolhapur,416223,IN,9356
Odisha,Jajpur Road,755019,IN,9357
Kerala,Kannur,670641,IN,9358
Maharashtra,"New Panvel, Navi Mumbai, Raigad Dist.",410206,IN,9359
Maharashtra,"Kharghar,",410210,IN,9360
Punjab,Firozpur,152001,IN,9361
Rajasthan,Lakheri,323603,IN,9362
Uttar Pradesh,Gautam Buddha Nagar,201303,IN,9363
Kerala,Balussery,673612,IN,9364
Meghalaya,Ampati,794105,IN,9365
West Bengal,"Liluah,Howrah",711203,IN,9366
Uttar Pradesh,Mallawan,241303,IN,9367
Himachal Pradesh,Kangra,176025,IN,9368
Karnataka,Karkal,576117,IN,9369
Andhra Pradesh,Anaparthy,533264,IN,9370
Andhra Pradesh,Nellore,524123,IN,9371
Himachal Pradesh,Joginder Nagar,175015,IN,9372
Uttar Pradesh,Sarsawan,247232,IN,9373
Karnataka,Bantval,574265,IN,9374
Jharkhand,Chatra,825401,IN,9375
Tamil Nadu,Thuraiyur,621008,IN,9376
Bihar,Samastipur,848205,IN,9377
Andhra Pradesh,Pallana Gari Palli,516504,IN,9378
Uttar Pradesh,Allahabad,211015,IN,9379
Delhi,Dilshad Garden,110095,IN,9380
Odisha,Koraput,764044,IN,9381
Punjab,Amritsar,143514,IN,9382
Karnataka,Pavagada,561202,IN,9383
Chhattisgarh,Supela Bhilai,490023,IN,9384
Delhi,Kirti Nagar,110015,IN,9385
Punjab,Nawanshahr,144524,IN,9386
Maharashtra,Roha Midc,402116,IN,9387
Maharashtra,Goregaon East,400063,IN,9388
Telangana,Achampet,509375,IN,9389
Kerala,Thrissur,680621,IN,9390
Gujarat,Dakor,388225,IN,9391
West Bengal,Adra,723121,IN,9392
Kerala,Changanacherry,686101,IN,9393
West Bengal,Khanakul I,712613,IN,9394
Chhattisgarh,Bhilai Nagar,490006,IN,9395
West Bengal,Kharagpur,721145,IN,9396
Uttar Pradesh,Amethi,227412,IN,9397
Kerala,Thiruvalla,689582,IN,9398
Maharashtra,"Kandivali (W), Mumbai",400067,IN,9399
Andhra Pradesh,Guntur District,522213,IN,9400
Odisha,Kendrapara,754142,IN,9401
Himachal Pradesh,Nadaun,177033,IN,9402
Kerala,Chendamangalam,680734,IN,9403
Tamil Nadu,"Kanuvai, Coimbatore",641108,IN,9404
West Bengal,Jangipur,742225,IN,9405
Tamil Nadu,Vaddakkankulam,627116,IN,9406
Telangana,"Rallaguda Bridge, Besides Mallikarjuna Marbles And",501218,IN,9407
Uttar Pradesh,"Gautam Buddha Nagar,Noida",201301,IN,9408
Kerala,Punnapara,688003,IN,9409
Kerala,Uliyazhathura,695587,IN,9410
Uttar Pradesh,Marihan,231309,IN,9411
Kerala,Ponnani,679586,IN,9412
Punjab,Mahilpur,146107,IN,9413
Andhra Pradesh,Seethanagaram,533287,IN,9414
Punjab,Dera Bassi,140507,IN,9415
Tamil Nadu,Sivaganga,630562,IN,9416
Karnataka,Terdal,587315,IN,9417
Punjab,Hoshiarpur,144527,IN,9418
Haryana,Gurgaun,122001,IN,9419
Tamil Nadu,Coimbatore,641010,IN,9420
Bihar,Sitamarhi,843301,IN,9421
Kerala,Nayathod Angamaly,683572,IN,9422
Karnataka,Somasundarapalaya,560102,IN,9423
West Bengal,Mejia Thermal Power Township,722183,IN,9424
Maharashtra,Wani,445304,IN,9425
Kerala,Mananthavady,670646,IN,9426
Kerala,Thoppippala,685511,IN,9427
Kerala,Kochi,682508,IN,9428
Karnataka,Bangalore,560063,IN,9429
Nagaland,Chumukedima,797103,IN,9430
Odisha,Bhadrak,756116,IN,9431
Tamil Nadu,Ramanathapuram,623534,IN,9432
Maharashtra,Musalgaon Midc,422112,IN,9433
Gujarat,Waghai,394730,IN,9434
Odisha,Berhampur,761002,IN,9435
Delhi,Delhi,110056,IN,9436
Maharashtra,Mira Road.....,401107,IN,9437
Kerala,Thrissur,680699,IN,9438
Delhi,"Vikas Puri, F Block",110018,IN,9439
Uttar Pradesh,Manjhana,209504,IN,9440
Maharashtra,Mumbai Maharashtra,400104,IN,9441
West Bengal,Murshidabad,742406,IN,9442
Tamil Nadu,Ponmanai,629161,IN,9443
Uttar Pradesh,Azamgarh,223224,IN,9444
Kerala,Cherthala,688527,IN,9445
Jammu & Kashmir,Badgam,191111,IN,9446
Kerala,Pathanamthitta,689582,IN,9447
Gujarat,Nizar (Bardoli),394350,IN,9448
Tamil Nadu,Eral,628802,IN,9449
Uttar Pradesh,Zamania,232340,IN,9450
Maharashtra,Punepune,411041,IN,9451
Maharashtra,"Pimple Saudagar, Pune",411027,IN,9452
Goa,Dicarpali - Navelim,403707,IN,9453
Andhra Pradesh,Chittoor,517129,IN,9454
Kerala,Athirampuzha,686601,IN,9455
Assam,Gossaigaon,783360,IN,9456
Andhra Pradesh,Banaganapalle,518124,IN,9457
Madhya Pradesh,Bhopal,462047,IN,9458
Karnataka,Chikkbalapura,562103,IN,9459
Kerala,Pathanamthitta,689663,IN,9460
Maharashtra,Raver,425508,IN,9461
Tamil Nadu,Cuddalore,607006,IN,9462
Haryana,Ambala,133207,IN,9463
Maharashtra,Nanded,431603,IN,9464
Chandigarh,Chandigarh,160043,IN,9465
Uttar Pradesh,Baragaon,221204,IN,9466
Punjab,Patiala,140412,IN,9467
Kerala,Pathanamthitta,689513,IN,9468
Odisha,Indipur,759025,IN,9469
Uttarakhand,Haridwar,249404,IN,9470
Haryana,Kundli Tdi City Kingsbury,131028,IN,9471
Maharashtra,Mumbai 400 020,400020,IN,9472
Kerala,Ernakulam,682306,IN,9473
Madhya Pradesh,Ukwa,481105,IN,9474
Kerala,Elampalloor,691014,IN,9475
Maharashtra,Solapur,413007,IN,9476
Maharashtra,Akurdi,411033,IN,9477
Maharashtra,Wada,421303,IN,9478
Uttar Pradesh,Baghpat,250619,IN,9479
Maharashtra,Dombivili,421204,IN,9480
Kerala,Thrissur,680569,IN,9481
Tamil Nadu,Chennai.600073.,600073,IN,9482
Rajasthan,Beawer,305901,IN,9483
Andhra Pradesh,Vizianagaram,535217,IN,9484
Uttar Pradesh,Rae Bareli,229304,IN,9485
Puducherry,Puducherry 605001,605001,IN,9486
Karnataka,Bengaluru,562114,IN,9487
Odisha,Gotamara,759128,IN,9488
Uttar Pradesh,Maurawan Road Lucknow,226301,IN,9489
Tamil Nadu,Palakkarai,638057,IN,9490
Karnataka,Ugar Khurd,591316,IN,9491
Maharashtra,Bhokar,431801,IN,9492
Chhattisgarh,Raipur,493111,IN,9493
Jharkhand,Barkagaw,825311,IN,9494
Kerala,"Payyanur, Kannur",670307,IN,9495
Jharkhand,Badkagaw,825311,IN,9496
Punjab,Tarntaran,143411,IN,9497
Maharashtra,"Vasai, Thane",401201,IN,9498
Telangana,"Nizampet Village, Ranga Reddy District, Hyderabad",500090,IN,9499
Maharashtra,"Nerul East, Navi Mumbai",400706,IN,9500
Tamil Nadu,Kalkulam,629809,IN,9501
Goa,Verna,403710,IN,9502
Madhya Pradesh,"Namli, Tehsil-Ratlam, Dist. Ratlam",457222,IN,9503
Karnataka,Chamarajanagara,571128,IN,9504
Assam,Guwahati,781039,IN,9505
Arunachal Pradesh,Aalo,791001,IN,9506
Delhi,New Delhi-35,110035,IN,9507
Bihar,Patna,800011,IN,9508
Andhra Pradesh,Chittoor,517319,IN,9509
Maharashtra,"Thakurli East,Kalyan",421201,IN,9510
Punjab,Ludhiana,142021,IN,9511
Maharashtra,Thane West,400604,IN,9512
Maharashtra,Borivali West Mumbai,400103,IN,9513
Maharashtra,Mumbai- 400054,400054,IN,9514
Bihar,Behea,802152,IN,9515
Telangana,Siddipet,502279,IN,9516
Kerala,Vadakkekara,683522,IN,9517
Himachal Pradesh,Ratti Industrial Area,175008,IN,9518
Tamil Nadu,Nagapattinam,611110,IN,9519
Maharashtra,Aamby Valley,410401,IN,9520
Jharkhand,Ramgarh Canttoment,829122,IN,9521
West Bengal,North 24 Parganas,700110,IN,9522
Kerala,Kannur,670011,IN,9523
Karnataka,Balehonnur,577112,IN,9524
Tamil Nadu,Podakkudi,614103,IN,9525
Andhra Pradesh,Guntur District,522601,IN,9526
Uttar Pradesh,Chunar,231305,IN,9527
West Bengal,Howrah,711203,IN,9528
Andhra Pradesh,Chittoor District,517417,IN,9529
Uttar Pradesh,Kannauj,209722,IN,9530
Rajasthan,Alwar,301406,IN,9531
Odisha,Sambalpur,768003,IN,9532
Karnataka,Shimoga,577211,IN,9533
Punjab,Gurdaspur,143512,IN,9534
Kerala,Kasargod,671313,IN,9535
Bihar,Kishanganj,855108,IN,9536
Maharashtra,Nalasopara West,401203,IN,9537
Ladakh,Leh Ladakh,194101,IN,9538
Maharashtra,Vaibhawadi,416810,IN,9539
Rajasthan,Shahjahanpur,301706,IN,9540
Andhra Pradesh,"Ongole, Prakasam Dist",523002,IN,9541
Maharashtra,Nanded Waghala,445103,IN,9542
Punjab,Guru Har Sahai,152022,IN,9543
Maharashtra,Mumbai Mumbai,400074,IN,9544
Tamil Nadu,Thuvakudi,620015,IN,9545
Punjab,Chandigarh,160055,IN,9546
Madhya Pradesh,Satwas,455459,IN,9547
Rajasthan,Alwar,301709,IN,9548
Karnataka,Sidlaghatta,562105,IN,9549
Andhra Pradesh,Ongole,523280,IN,9550
Karnataka,"Nelamangala Taluk ,Bengaluru",562123,IN,9551
Assam,Bongaigaon,783385,IN,9552
Bihar,Barauni Ioc Township,851134,IN,9553
Gujarat,Ahmedabad,382421,IN,9554
Bihar,Bihar Begusarai District,851210,IN,9555
Tamil Nadu,"Urapakkam,Kanchipuram",603202,IN,9556
Andhra Pradesh,Kurnool Dist,518405,IN,9557
Telangana,Hyderabadyderabad,500090,IN,9558
Madhya Pradesh,Rewa,486003,IN,9559
Kerala,Kozhikode,673011,IN,9560
Maharashtra,Devgad,416613,IN,9561
Kerala,Vadakkummuri,680567,IN,9562
Manipur,Imphal,795114,IN,9563
Andhra Pradesh,Hyderabad,500059,IN,9564
Tamil Nadu,Kanchipuram,600122,IN,9565
West Bengal,Ranaghat,741504,IN,9566
Kerala,"Kottakkal, Malappuram",676503,IN,9567
Gujarat,Rajpipla,393145,IN,9568
Kerala,Mannarkad,678583,IN,9569
West Bengal,Rudranagar,731238,IN,9570
Punjab,Mukanpur,144507,IN,9571
Maharashtra,Wanjrwada,413514,IN,9572
Maharashtra,Lakhni,441804,IN,9573
Tamil Nadu,Attur,636102,IN,9574
Gujarat,Anklav,388510,IN,9575
Maharashtra,Pimpri Pune,411018,IN,9576
Maharashtra,Pimpri Chinchwad,411062,IN,9577
Delhi,New Delhi 110070,110070,IN,9578
West Bengal,Bhatpara,743125,IN,9579
Uttar Pradesh,Mangapur,230125,IN,9580
West Bengal,Bandoan,723129,IN,9581
Maharashtra,Hatkanangle,416109,IN,9582
West Bengal,Kolkata 56,700056,IN,9583
Maharashtra,Ahmednagar,414005,IN,9584
West Bengal,Amdanga,743126,IN,9585
Kerala,Thrissur,680563,IN,9586
Karnataka,Mangalore,575022,IN,9587
Karnataka,Bangalore,560080,IN,9588
Goa,Aquem Margao,403601,IN,9589
Kerala,Adoor,691523,IN,9590
West Bengal,Ukhra,713363,IN,9591
Rajasthan,Ramganj Mandi,326519,IN,9592
West Bengal,Barasat,700128,IN,9593
Andhra Pradesh,Bhimavaram,534208,IN,9594
West Bengal,Habra,743263,IN,9595
Madhya Pradesh,Mandsaur,458001,IN,9596
Kerala,Eranakulam,682308,IN,9597
Karnataka,Koppal,583279,IN,9598
Tamil Nadu,Kancheepuram,631552,IN,9599
Andhra Pradesh,Tirupathi,517502,IN,9600
Andhra Pradesh,Tirupathi,517507,IN,9601
Kerala,Thiruvananthapuram,695133,IN,9602
Telangana,Warangal,506005,IN,9603
Andhra Pradesh,Visakhapatnam,531040,IN,9604
Andhra Pradesh,Anantapur,515261,IN,9605
Kerala,Kottayam,686017,IN,9606
Chhattisgarh,Raipur,492014,IN,9607
Karnataka,Bangalore,562125,IN,9608
Bihar,Katihar,854106,IN,9609
Uttar Pradesh,Gulaothi Distt. Bulandshahar,245408,IN,9610
Gujarat,Dharmaj,388430,IN,9611
Andhra Pradesh,Ysr District,516162,IN,9612
Kerala,Ernakulam,683511,IN,9613
Tamil Nadu,Chengam,606701,IN,9614
Kerala,Thrissur,680505,IN,9615
Uttar Pradesh,Maigal Ganj,261505,IN,9616
Karnataka,Bengaluru,560088,IN,9617
Bihar,Barh,803214,IN,9618
Tamil Nadu,"Parvathynagar, Old Perungalathore",600063,IN,9619
West Bengal,Bally,711202,IN,9620
Rajasthan,Deeg,321203,IN,9621
Kerala,Chanthavila,695584,IN,9622
Puducherry,Puducherry,607402,IN,9623
Rajasthan,Bijainagar Ajmer District,305624,IN,9624
Tamil Nadu,Chennai,600025,IN,9625
Maharashtra,Cbd Belapur Navi Mumbai,400614,IN,9626
Andaman and Nicobar Islands,Port Blair,744107,IN,9627
Telangana,Kukatpally,500085,IN,9628
Odisha,Bhadrak,756101,IN,9629
Uttar Pradesh,Kunda,230204,IN,9630
Karnataka,"Judicial Layout, Bengaluru",560065,IN,9631
Maharashtra,Dombivli (West),421202,IN,9632
Goa,Salcete,403715,IN,9633
Tamil Nadu,Perundurai,638052,IN,9634
West Bengal,Sonarpur Bazar,700150,IN,9635
Andhra Pradesh,Vizianagaram,535005,IN,9636
Bihar,Islampur,801303,IN,9637
Telangana,Mancherial,504209,IN,9638
Kerala,Palakkad,678510,IN,9639
Karnataka,Davanagere,577215,IN,9640
West Bengal,Barrackpor,700118,IN,9641
Uttar Pradesh,Bindki Fatehpur,212663,IN,9642
Odisha,Koida,770048,IN,9643
Telangana,Rangareddy,500049,IN,9644
Maharashtra,Bajrang Nagar Gali No 9 Nagpur,440027,IN,9645
Telangana,Bodhan,503185,IN,9646
Karnataka,Magadi.,562120,IN,9647
Himachal Pradesh,Amb,177203,IN,9648
Bihar,"Laukaha , Madhubani",847421,IN,9649
Maharashtra,Kolhar,413710,IN,9650
Uttar Pradesh,Hamirpur,210301,IN,9651
Andhra Pradesh,Anantapur,515331,IN,9652
Kerala,Palakkad,678508,IN,9653
Uttar Pradesh,Mansurpur,251203,IN,9654
Karnataka,Arkalgud,573102,IN,9655
Kerala,Calicut,673032,IN,9656
Maharashtra,Kannad,431103,IN,9657
Maharashtra,"Kalewadi, Pimpri Chinchwad, Pune",411017,IN,9658
West Bengal,"Newtown, Kolkata",700156,IN,9659
Kerala,Malappuram,679334,IN,9660
Maharashtra,Chalsigaon,424101,IN,9661
West Bengal,Coochbehar,736171,IN,9662
Andhra Pradesh,Guntur,522201,IN,9663
Maharashtra,"Vashi Koparkhairane Road, Navi Mumbai",400709,IN,9664
Uttarakhand,New Tehri,249001,IN,9665
Delhi,Newdelhi,110085,IN,9666
Delhi,Delhi-92.,110092,IN,9667
West Bengal,Kolkata-700101,700101,IN,9668
Uttar Pradesh,Lakhimpur Kheri,262903,IN,9669
Kerala,Thrissur,680570,IN,9670
Karnataka,Bangalore,560069,IN,9671
Madhya Pradesh,Banmor Morena,476444,IN,9672
West Bengal,North 24 Parganas,700156,IN,9673
Maharashtra,Dombivli(West),421202,IN,9674
Tamil Nadu,Coimbatore,641201,IN,9675
Kerala,Thiruvananthapuram,695304,IN,9676
Kerala,Kollam,691010,IN,9677
Gujarat,Ahmedabad,380019,IN,9678
Kerala,Ongallur Ii,679303,IN,9679
West Bengal,Bally,711205,IN,9680
Andhra Pradesh,Vishakapatnam,530046,IN,9681
Karnataka,"Hanur, Kollegal Tq, Chamarajanagar District",571439,IN,9682
Himachal Pradesh,Mohal,175126,IN,9683
Kerala,Cherukunnu,670331,IN,9684
Tamil Nadu,Papparapatti Dharmapuri District,636809,IN,9685
Andhra Pradesh,Chagallu Mandal,534342,IN,9686
Kerala,Devikulam,685561,IN,9687
Chhattisgarh,Keskal,494331,IN,9688
Tamil Nadu,"Chekkanoorani, Madurai",625514,IN,9689
Odisha,Cuttack,754294,IN,9690
Assam,Kamrup,781004,IN,9691
Kerala,Palakkad,679101,IN,9692
West Bengal,Panskura,721152,IN,9693
Punjab,Bhikhiwind,143303,IN,9694
Uttar Pradesh,Kannauj,209727,IN,9695
West Bengal,Jhargram,721507,IN,9696
Madhya Pradesh,Waidhan,486886,IN,9697
Jharkhand,Post-Bokaro Thermal Dist- Bokaro,829107,IN,9698
Kerala,Kottayam,686538,IN,9699
Telangana,"Hayathnagar, Hyderabad",501505,IN,9700
Karnataka,Robertsonpet,563120,IN,9701
Bihar,Kanti,843109,IN,9702
Maharashtra,Sangli,416414,IN,9703
Tamil Nadu,Arakonam,631006,IN,9704
Andhra Pradesh,Guntur,522018,IN,9705
Uttar Pradesh,Shahabad,241124,IN,9706
Gujarat,Sukhsar,389190,IN,9707
Maharashtra,Chinchwad-Pune,411033,IN,9708
Rajasthan,Bharatpur,321026,IN,9709
Bihar,Bhojpur,802301,IN,9710
Uttar Pradesh,Greater Noida West Sec 2,201305,IN,9711
Tamil Nadu,"Egattur, Chennai",603103,IN,9712
West Bengal,Baidyabati,712222,IN,9713
West Bengal,Harindanga,741139,IN,9714
Kerala,Alappuzha,689571,IN,9715
Kerala,Eravattur,673524,IN,9716
Andhra Pradesh,Narasapur,534280,IN,9717
Uttar Pradesh,Nai Bazar,221409,IN,9718
Maharashtra,Solapur,413202,IN,9719
Maharashtra,Bid,431122,IN,9720
Karnataka,Bangalore,560082,IN,9721
Andhra Pradesh,Chinnagottigallu,517194,IN,9722
Delhi,Delhi,110018,IN,9723
Andhra Pradesh,Dhaniyanicheruvu.Village,515521,IN,9724
Madhya Pradesh,Niwari,472442,IN,9725
Andhra Pradesh,Bhimavaram,534204,IN,9726
Odisha,Nimapada,752106,IN,9727
Punjab,Moga,151208,IN,9728
Kerala,Perakam,680505,IN,9729
Tamil Nadu,Gudalur,643212,IN,9730
Punjab,Talwara,144216,IN,9731
Kerala,Choornikkara,683112,IN,9732
Maharashtra,"Shirur Kasar, Bid",413249,IN,9733
Goa,Ribandar,403006,IN,9734
West Bengal,Bolpur,731235,IN,9735
Tamil Nadu,Hms Colony Madurai,625016,IN,9736
Maharashtra,Arvi,415116,IN,9737
Dadra and Nagar Haveli and Daman and Diu,"Samarvarni, Silvassa",396230,IN,9738
Maharashtra,Ghansoli,400701,IN,9739
Gujarat,Sanjan,396150,IN,9740
Haryana,Barara,133201,IN,9741
Telangana,Rayaparthi,506314,IN,9742
Uttar Pradesh,Lalganj,230139,IN,9743
Goa,Morjim,403512,IN,9744
Kerala,Via Kalliasseri,670562,IN,9745
West Bengal,"Sector 3, Salt Lake , Kolkata",700097,IN,9746
Maharashtra,Nanded Waghala,431603,IN,9747
Uttar Pradesh,Chitrakoot,210204,IN,9748
Jammu & Kashmir,Srinagar,190008,IN,9749
Uttar Pradesh,Gajiyabad,201102,IN,9750
Maharashtra,Dharni,444702,IN,9751
West Bengal,Bahirgram,721152,IN,9752
West Bengal,Tapan,733127,IN,9753
Telangana,Medak,502314,IN,9754
Haryana,Bhiwani,127031,IN,9755
West Bengal,Howrah,711205,IN,9756
Gujarat,"Vallabh Vidyanagar, Anand",388120,IN,9757
West Bengal,Santaldih,723146,IN,9758
Puducherry,Pondicherry,605009,IN,9759
Kerala,Punalur,691322,IN,9760
West Bengal,Aurangabad,742201,IN,9761
Rajasthan,Taranagar,331304,IN,9762
Uttar Pradesh,Khaga,212653,IN,9763
Tamil Nadu,Karur - 6,639006,IN,9764
Telangana,Hyderabad,501359,IN,9765
Bihar,Kaluahi,847229,IN,9766
Uttar Pradesh,Sitapur,261125,IN,9767
Kerala,Pathiyoor Alappuzha District,690508,IN,9768
Kerala,Kasaragod,671318,IN,9769
Rajasthan,Karauli,322241,IN,9770
Madhya Pradesh,Near Laurel'S International School,452001,IN,9771
Andhra Pradesh,Kanekal,515871,IN,9772
Kerala,Thiruvalla,689103,IN,9773
Goa,Ponda,403115,IN,9774
Karnataka,Shahabad,585228,IN,9775
Haryana,"Golf Course Road,  Sector 53, Gurugram",122003,IN,9776
Uttarakhand,Srinagar,249161,IN,9777
West Bengal,Chaltia,742407,IN,9778
Tamil Nadu,Tiruvarur,610001,IN,9779
Chhattisgarh,Sarangarh,496450,IN,9780
Bihar,Banka,814131,IN,9781
West Bengal,Burdwan,713124,IN,9782
Tamil Nadu,Vellore District,632602,IN,9783
Kerala,Cochi,682020,IN,9784
Telangana,Patancheru,502307,IN,9785
Karnataka,Belgaum,590019,IN,9786
Maharashtra,Thane East,400603,IN,9787
Punjab,Mohali,160063,IN,9788
Karnataka,Bangalore,560053,IN,9789
Puducherry,Thirumalairayan Pattinam,609606,IN,9790
Kerala,Mannanchery,688538,IN,9791
Uttar Pradesh,"Dudahi, Kushinagar",274302,IN,9792
Karnataka,Mandya Distic,571606,IN,9793
Andhra Pradesh,Nandhaluru,521185,IN,9794
Andhra Pradesh,Chittoor District,517130,IN,9795
Rajasthan,Jalore,343001,IN,9796
Delhi,South West Delhi,110057,IN,9797
Kerala,Keekan,671316,IN,9798
Uttarakhand,Manglaur,247656,IN,9799
Uttar Pradesh,Bihka,212208,IN,9800
Tamil Nadu,Tirukalukundram,603109,IN,9801
Maharashtra,Ashti Wardha District,442202,IN,9802
Telangana,Hyderabad.,500072,IN,9803
Kerala,Kozhikode,673586,IN,9804
Kerala,"Changanacherry, Kottayam",686535,IN,9805
Bihar,Muzaffarpur,843130,IN,9806
Bihar,Begusarai District,851129,IN,9807
Gujarat,Jamnagar,361142,IN,9808
Himachal Pradesh,Kullu,175138,IN,9809
Jammu & Kashmir,Kirpind,181101,IN,9810
Gujarat,Keshod,362220,IN,9811
Himachal Pradesh,Sundernagar,175002,IN,9812
Punjab,Amritsar,143022,IN,9813
Kerala,Palakkad,678013,IN,9814
Gujarat,Amreli,365220,IN,9815
Manipur,Leimakhong Town,795002,IN,9816
Karnataka,Kgf,563120,IN,9817
West Bengal,Islampur,733207,IN,9818
Andhra Pradesh,Thullur,522237,IN,9819
Maharashtra,Kalyan East-421306,421306,IN,9820
Haryana,Sonipat,131023,IN,9821
Tamil Nadu,Vellore,632601,IN,9822
Kerala,Chirayinkeezhu,695305,IN,9823
Telangana,Medak,502345,IN,9824
Uttarakhand,Pauri Garhwal,246001,IN,9825
Kerala,Puranattukara,680555,IN,9826
Maharashtra,Thane West,400602,IN,9827
Uttar Pradesh,"Plot No. 8 Vaibhav Khand, Indirapuram, Ghaziabad",201010,IN,9828
Haryana,Jagadhri,135003,IN,9829
Madhya Pradesh,Kundam,483110,IN,9830
Andhra Pradesh,Vuyyuru,521245,IN,9831
Uttar Pradesh,Ghaziabad,201309,IN,9832
Karnataka,Koppa,577123,IN,9833
Uttar Pradesh,Ujhani,243639,IN,9834
Telangana,Ameenpur Hyderabad,502032,IN,9835
Jammu & Kashmir,Bhaderwah,182222,IN,9836
Maharashtra,Mouje Anjanvel,415634,IN,9837
Assam,Teok,785112,IN,9838
Karnataka,Doddaballapur,561203,IN,9839
Kerala,Kollam,691531,IN,9840
Bihar,Gaya,824217,IN,9841
Haryana,Karnal,132117,IN,9842
Uttar Pradesh,Pratapgarh,230302,IN,9843
Tamil Nadu,Ooty,643003,IN,9844
Haryana,Sirsa,125058,IN,9845
Andhra Pradesh,"Paderu, Visakhapatnam",531024,IN,9846
Tamil Nadu,Tenkasi,627808,IN,9847
Punjab,Sahibzada Ajit Singh Nagar,140301,IN,9848
Maharashtra,"Baner,Pune",411045,IN,9849
Uttarakhand,Jolly Grant,248140,IN,9850
Andhra Pradesh,Allavaram,533217,IN,9851
Tamil Nadu,Karambakkam Porur Chennai,600116,IN,9852
Bihar,Mahadeopur,813101,IN,9853
Assam,Naobaicha,784160,IN,9854
Odisha,Dist-Koraput,763002,IN,9855
Tamil Nadu,"Vellore,",632007,IN,9856
Odisha,Bhadrak,756119,IN,9857
Kerala,Kozhikode,673580,IN,9858
Tamil Nadu,"Navalur, Chennai",603103,IN,9859
Tamil Nadu,Acharapakkam,603301,IN,9860
Andhra Pradesh,Bheemunipatanm,531163,IN,9861
Puducherry,Puducherry 605003,605003,IN,9862
Karnataka,Holehonnuru,577227,IN,9863
Andhra Pradesh,"Cheepurupalli, Vizianagaram Dist",535128,IN,9864
Assam,Dhubri,783135,IN,9865
Madhya Pradesh,Katni,483501,IN,9866
Rajasthan,Gulabpura,311021,IN,9867
Tamil Nadu,Kothanallur,629166,IN,9868
Tamil Nadu,Kambam,625516,IN,9869
Maharashtra,Dombivili,421202,IN,9870
Maharashtra,Bhayander West,401101,IN,9871
Haryana,Panchkula,134103,IN,9872
Maharashtra,Ballarpur,442701,IN,9873
Maharashtra,Barshi,413411,IN,9874
Haryana,Jakhalmandi,125133,IN,9875
Tamil Nadu,Cuddalore,607002,IN,9876
Bihar,Arariya,854334,IN,9877
Uttar Pradesh,Noida Extension (Greater Noida West),201009,IN,9878
Kerala,Palakkad,678594,IN,9879
Karnataka,Banglore,560037,IN,9880
Uttar Pradesh,Kesopur Sathla,245402,IN,9881
Uttar Pradesh,Gr Noida,201301,IN,9882
Kerala,Vatakara,673106,IN,9883
Kerala,Kodannur,680563,IN,9884
Madhya Pradesh,Karera,473660,IN,9885
Maharashtra,Jawhar,401603,IN,9886
Tamil Nadu,Chennaichennai,600040,IN,9887
Jharkhand,Gumia,829111,IN,9888
Goa,South Goa,403713,IN,9889
Uttar Pradesh,Indirapuram Ghaziabad,201010,IN,9890
Tamil Nadu,Tiruvannamalai,606905,IN,9891
Kerala,Pathanamthitta,689678,IN,9892
Kerala,Palai,686635,IN,9893
Uttar Pradesh,Ballia,277208,IN,9894
Uttar Pradesh,Dataganj,243635,IN,9895
Kerala,Kozhikode,673019,IN,9896
Rajasthan,Udaipurudaipur,313001,IN,9897
Jammu & Kashmir,Jammujammu,180004,IN,9898
Gujarat,Idar,383410,IN,9899
Kerala,"Allapra, Perumbavoor",683556,IN,9900
Odisha,Bhadrak,756162,IN,9901
Andhra Pradesh,Guntur,522015,IN,9902
Madhya Pradesh,Kasrawad,451228,IN,9903
Telangana,"Ecil,Hyderabad",500062,IN,9904
Karnataka,Kgf,563122,IN,9905
Kerala,Chethipuzha,686106,IN,9906
Tamil Nadu,Nandivaram Guduvancher,603203,IN,9907
Madhya Pradesh,Bhopal,462037,IN,9908
Bihar,Banka,813102,IN,9909
Himachal Pradesh,Kangra,176206,IN,9910
Karnataka,Udupi,576124,IN,9911
Tamil Nadu,Ootacamund The Nilgiri,643004,IN,9912
Haryana,Bilaspur,135102,IN,9913
Telangana,Ibrahimpatnam,501506,IN,9914
Karnataka,Kotturu,583134,IN,9915
Kerala,Cochin,682020,IN,9916
Kerala,Malappuram,679327,IN,9917
Chhattisgarh,Farsabahar,496242,IN,9918
Kerala,Cheranallur,682026,IN,9919
West Bengal,Balurghat,733102,IN,9920
Andhra Pradesh,Tangutur,523272,IN,9921
Tamil Nadu,Vellore,632403,IN,9922
Maharashtra,"Wakad,Pune",411057,IN,9923
Gujarat,Himatnagar,383001,IN,9924
Tamil Nadu,Trichy,620003,IN,9925
Uttar Pradesh,Renukoot,231217,IN,9926
Uttarakhand,Kichha,263148,IN,9927
Haryana,"Sector-86,Faridabad",121002,IN,9928
Jammu & Kashmir,Bhalwal,181206,IN,9929
Chhattisgarh,Bijapur,494450,IN,9930
Karnataka,Nadsal,574111,IN,9931
Andhra Pradesh,Guntur,522235,IN,9932
West Bengal,Belur,711202,IN,9933
Gujarat,Vadodara,390017,IN,9934
Kerala,Payimbra,673571,IN,9935
Kerala,Malappuram,679333,IN,9936
Tamil Nadu,Ariyalur,621804,IN,9937
Kerala,Vazhakkala,682309,IN,9938
Himachal Pradesh,Kasauli,173204,IN,9939
Karnataka,Hebri,576112,IN,9940
West Bengal,"Salkia, Howrah",711106,IN,9941
Chandigarh,Chandigarh,160009,IN,9942
Rajasthan,Kishangarh Renwal,303603,IN,9943
Kerala,Malappuram,676541,IN,9944
Bihar,Koilwar,802160,IN,9945
Andhra Pradesh,Chintalapudi,534460,IN,9946
Uttar Pradesh,Mirzapur,231313,IN,9947
West Bengal,Hooghly,712404,IN,9948
Tamil Nadu,Vadakkuvalliyur,627117,IN,9949
Tamil Nadu,"Pollachi, Coimbatore",642002,IN,9950
Rajasthan,Barmer,344001,IN,9951
Kerala,Panangad Thrissur District,680671,IN,9952
Uttar Pradesh,Allahabad,212107,IN,9953
Tamil Nadu,Kanchipuram,600063,IN,9954
Tamil Nadu,Coimbatore-641041,641041,IN,9955
Uttar Pradesh,Rasra,221712,IN,9956
Andhra Pradesh,Palasa Kasibugga,532222,IN,9957
Tamil Nadu,Trichy,621006,IN,9958
Kerala,Perumbavoor,683550,IN,9959
Tamil Nadu,Anaimalai,642104,IN,9960
Kerala,Kannapuram,670301,IN,9961
Tamil Nadu,Coimbatore,641107,IN,9962
Karnataka,Kumta,581327,IN,9963
Odisha,Cuttack,754022,IN,9964
West Bengal,Dalkhola,733201,IN,9965
Andhra Pradesh,Vuyyuru,521256,IN,9966
Telangana,"Mayuri Nagar, Miyapur",500049,IN,9967
West Bengal,Dakshin Rajyadharpur,712203,IN,9968
Maharashtra,Ahmadnagara,414003,IN,9969
Jammu & Kashmir,Rajauri,185234,IN,9970
West Bengal,Bardhaman,713339,IN,9971
Uttar Pradesh,Shivpur Varanasi,221003,IN,9972
Uttar Pradesh,Greater Noida,201311,IN,9973
Odisha,Madanpur Rampur,766102,IN,9974
Kerala,Njarackal,682509,IN,9975
Maharashtra,Raigarh,410203,IN,9976
Kerala,"Kakkanad West P.O, Cochin-30",682030,IN,9977
Tamil Nadu,Polur Tiruvannamalai,606803,IN,9978
Gujarat,Naliya,370655,IN,9979
Punjab,"Pakhowal Road, Ludhiana",142022,IN,9980
Andhra Pradesh,Anantapur,515003,IN,9981
Maharashtra,"Borivali,Mumbai",400066,IN,9982
Kerala,Elampalloor,691501,IN,9983
Kerala,Kottayam,686634,IN,9984
Rajasthan,Karauli,322215,IN,9985
Rajasthan,Phalodi,342301,IN,9986
Telangana,"Miyapur ,Hyderabad",500049,IN,9987
Jharkhand,Jamshedpur,831020,IN,9988
Kerala,"Kanjirappally, Kottayam",686515,IN,9989
Kerala,Pathanamthitta,689597,IN,9990
West Bengal,Kolkata,700149,IN,9991
Assam,Badarpur Rly Town,788806,IN,9992
West Bengal,"New Town, Kolkata",700135,IN,9993
Telangana,Malkajgiri,500010,IN,9994
Karnataka,Gangawati,583229,IN,9995
Tamil Nadu,Chennai600031,600031,IN,9996
Gujarat,Patan,385360,IN,9997
Arunachal Pradesh,Sunpura,792111,IN,9998
Tamil Nadu,Sankari,637301,IN,9999
Karnataka,"Nagamangla Taluk,Mandya District",571448,IN,10000
Maharashtra,Thane(W),400601,IN,10001
Karnataka,Shivmogga,577204,IN,10002
Goa,Bardez,403503,IN,10003
Karnataka,Ullal,575017,IN,10004
Karnataka,Banglore,560068,IN,10005
Meghalaya,Garodoba,794105,IN,10006
Maharashtra,Thane,401201,IN,10007
Tamil Nadu,Tiruchirappalli,621218,IN,10008
Rajasthan,Bikaner,334403,IN,10009
Kerala,Thrissur,680618,IN,10010
Tamil Nadu,Tiruppur,638108,IN,10011
Kerala,Manjeri P.O,676121,IN,10012
Uttar Pradesh,Maunath Bhanjan,275102,IN,10013
Tamil Nadu,Mettupalayam,641301,IN,10014
Kerala,Mavelikkara,690105,IN,10015
Maharashtra,Khaperkheda,441102,IN,10016
Gujarat,Uchchhal,394375,IN,10017
Kerala,Haripad,690514,IN,10018
Delhi,West Delhi,110043,IN,10019
Gujarat,Lathi,365430,IN,10020
Madhya Pradesh,Neelbad,462044,IN,10021
Maharashtra,Mumbai,401209,IN,10022
West Bengal,Serampore (Hooghly),712203,IN,10023
Goa,Colva,403708,IN,10024
Chhattisgarh,Dharamjaigarh,496116,IN,10025
Kerala,Kadungalloor,683501,IN,10026
Madhya Pradesh,Ramnagar,485881,IN,10027
Kerala,Alappuzha,690559,IN,10028
Tamil Nadu,Sipcot Industrial Park Sriprumbudur,602106,IN,10029
Jharkhand,Gidi,829108,IN,10030
Uttarakhand,Almora,263637,IN,10031
Odisha,Cuttack,754006,IN,10032
Karnataka,Hassan,573202,IN,10033
Maharashtra,Bhandup Mumbai,400078,IN,10034
Kerala,Edappal,679582,IN,10035
Andhra Pradesh,Visakhapatnam,531151,IN,10036
Kerala,Thodupuzha,685586,IN,10037
Telangana,Patancheru,502319,IN,10038
Maharashtra,Pimple Gurav,411027,IN,10039
Uttar Pradesh,Mau,221602,IN,10040
Maharashtra,Palghar,401209,IN,10041
Kerala,"Rajagiri Valley P O, Kakkanad",682039,IN,10042
Kerala,Thiruvanathapuram,695024,IN,10043
Maharashtra,Natepute,413109,IN,10044
Kerala,Madhoor,671124,IN,10045
Andhra Pradesh,.Gannavaram,521101,IN,10046
West Bengal,Serampur,712201,IN,10047
Assam,Barpeta,781308,IN,10048
Uttar Pradesh,Khutar,242405,IN,10049
Tamil Nadu,Athur Thoothukkudi District,628151,IN,10050
Kerala,Pathanamthitta,689653,IN,10051
Telangana,Kamareddy,503125,IN,10052
West Bengal,Balichak,721124,IN,10053
Maharashtra,Daunddaund,413801,IN,10054
Jharkhand,Ramgarh Cantonment,829122,IN,10055
Kerala,Ernakulam,682310,IN,10056
Kerala,Ettumanoor,686587,IN,10057
Tamil Nadu,Tiruchengode,637211,IN,10058
Karnataka,Tattilli,581411,IN,10059
Maharashtra,Mumbai,421503,IN,10060
Maharashtra,Vasai West (Mumbai),401202,IN,10061
Haryana,Rewari,123411,IN,10062
Tamil Nadu,Madurai,625004,IN,10063
Jharkhand,Simdega,835223,IN,10064
Kerala,Wayanad,670645,IN,10065
Maharashtra,Revdanda,402202,IN,10066
Kerala,Alappuzha,689504,IN,10067
Punjab,Jalandhar City,144003,IN,10068
Odisha,Khorda,751025,IN,10069
Telangana,Devarkadra,509204,IN,10070
Uttar Pradesh,Sultanpur,224229,IN,10071
Telangana,Secunderabad,500104,IN,10072
Maharashtra,"Vashi, New Bombay",400703,IN,10073
Madhya Pradesh,Indore,453552,IN,10074
Maharashtra,Mumbai Maharashtra,400003,IN,10075
West Bengal,Howrah 711102,711102,IN,10076
Karnataka,Saligram Upupi,576225,IN,10077
Uttarakhand,Rudraprayag,246171,IN,10078
Kerala,Kalamassery,683501,IN,10079
Haryana,"Panchgaon, Manesar, Gurgaon",122413,IN,10080
Tamil Nadu,Hosur,635110,IN,10081
Andhra Pradesh,Rajamahendravaram,533105,IN,10082
Karnataka,Byadgi,581106,IN,10083
Kerala,Kasaragod,671314,IN,10084
Kerala,Puthuparamba,676501,IN,10085
West Bengal,Nazirpur,741165,IN,10086
Tamil Nadu,"Vallioor Via, Tirunelveli District",627113,IN,10087
Telangana,Nizamabad,503235,IN,10088
Uttar Pradesh,Lalganj,229206,IN,10089
Kerala,"Edapally, Ernakulam",682021,IN,10090
Kerala,Near District Jail,682037,IN,10091
Kerala,Alappuzha,688562,IN,10092
Telangana,Peddapally,505187,IN,10093
Kerala,Ernakulam,683104,IN,10094
Uttar Pradesh,Kanpur,208004,IN,10095
Tamil Nadu,Nasiyanur,638107,IN,10096
Maharashtra,Mumba,400024,IN,10097
Tamil Nadu,"Krishnapuram, Coimbatore",641668,IN,10098
Kerala,Vaniyambalam,679339,IN,10099
Punjab,Malout,152107,IN,10100
Uttar Pradesh,Prayagraj,211019,IN,10101
Andhra Pradesh,Narasaropet,522601,IN,10102
Andhra Pradesh,Atchutapuram Apsez,531061,IN,10103
Maharashtra,Virar West,401302,IN,10104
Odisha,Kendrapara,754208,IN,10105
Tamil Nadu,Kumbakonam,612002,IN,10106
Delhi,Delhi,110039,IN,10107
Madhya Pradesh,Anuppur,484224,IN,10108
Haryana,Kalanwali,125201,IN,10109
West Bengal,Chinsurah,712102,IN,10110
Tamil Nadu,"Selaiyur , Chennai",600073,IN,10111
Maharashtra,Virar West,401305,IN,10112
West Bengal,Ichapore,743144,IN,10113
Tamil Nadu,Salem,636103,IN,10114
Himachal Pradesh,Palampur,176102,IN,10115
Madhya Pradesh,Huzur,462047,IN,10116
Tamil Nadu,Salem,636140,IN,10117
Tamil Nadu,Tiruppur,641666,IN,10118
Andaman and Nicobar Islands,Garacharma,744105,IN,10119
Kerala,Ernakulam,682309,IN,10120
Andhra Pradesh,Addanki Mandal Bapatl District,523201,IN,10121
Karnataka,Bangalore,560013,IN,10122
Punjab,Ludhiana,141016,IN,10123
Gujarat,Kudasan,382421,IN,10124
Andhra Pradesh,Nellore,524311,IN,10125
Haryana,Khedar,125121,IN,10126
Kerala,Malappuram,676506,IN,10127
Punjab,Gardhiwala,144207,IN,10128
Tamil Nadu,Chengalpattu,603109,IN,10129
Kerala,Chelari,676317,IN,10130
Bihar,"Hanuman Nagar,Patna",800020,IN,10131
Tamil Nadu,Sathyamangalam Erode,638401,IN,10132
Kerala,Pathanamthitta,689648,IN,10133
Assam,Manja Fish Market,782461,IN,10134
Tripura,Badharghat,799014,IN,10135
Karnataka,Chitgoppa,585412,IN,10136
Uttar Pradesh,Azamgarh,276303,IN,10137
West Bengal,Asansol,713341,IN,10138
Tamil Nadu,Kannyakumari,629158,IN,10139
Andhra Pradesh,Bathalapalle,515661,IN,10140
Rajasthan,Sojat City,306104,IN,10141
Assam,Silchar,788003,IN,10142
Karnataka,"Aluru ,Hassan District",573213,IN,10143
Odisha,Rairangpur,757048,IN,10144
Maharashtra,Solapur,413108,IN,10145
Kerala,Muttam,670304,IN,10146
West Bengal,Dist : Nadia,741222,IN,10147
West Bengal,Puruliya,723102,IN,10148
Assam,Guwahati,781023,IN,10149
Maharashtra,Kandivali East Mumbai,400101,IN,10150
Tamil Nadu,Tiruvannamalai,606603,IN,10151
Himachal Pradesh,Nurpur,176202,IN,10152
Bihar,Dumraon,802136,IN,10153
Karnataka,"Honnali , Davangere",577219,IN,10154
Bihar,Purnea,984196,IN,10155
Maharashtra,Dist Thane,421605,IN,10156
Kerala,Chalakudy,680741,IN,10157
Assam,Johrat,785013,IN,10158
West Bengal,Kolkata,711103,IN,10159
Delhi,Delhi,110067,IN,10160
Kerala,Vellimadukunnu,673012,IN,10161
Gujarat,Ahmdabad,380015,IN,10162
Assam,Guwahati 5,781005,IN,10163
Punjab,Bathinda,151302,IN,10164
Karnataka,Belagavi,591220,IN,10165
Kerala,Irinjalakuda,680683,IN,10166
Madhya Pradesh,Mehgaon,477557,IN,10167
West Bengal,Nalikul,712407,IN,10168
Jharkhand,Garhwa,822121,IN,10169
Uttar Pradesh,Ashrafpur Kichhauchha,224129,IN,10170
Kerala,Kayamkulam,690564,IN,10171
Telangana,Tekulapalli,507123,IN,10172
Telangana,Hyderabad,500031,IN,10173
Uttar Pradesh,"Faridpur,Bareilly",243503,IN,10174
Kerala,Koduvayur,678501,IN,10175
Telangana,Anjani Portland Cement Factory,508246,IN,10176
Uttar Pradesh,Pilkhuwa Hapur,245304,IN,10177
Maharashtra,"Sea Woods, Navi Mumbai",400706,IN,10178
Bihar,"Kahalgaon, Bhagalpur",813203,IN,10179
Tamil Nadu,Edaikodu,629101,IN,10180
Andhra Pradesh,"Duvva, Tanuku Mandalam,",534156,IN,10181
West Bengal,"Pujali,Budge Budge",700138,IN,10182
Kerala,Ranni,689675,IN,10183
Maharashtra,Vasai Virar,401302,IN,10184
Kerala,Kollam,691557,IN,10185
Andhra Pradesh,Kudithipalem,524313,IN,10186
Telangana,Thorrur,506163,IN,10187
Telangana,"Kukatpally, Hyderabad",500085,IN,10188
West Bengal,"Kolkata,Sinthi",700050,IN,10189
West Bengal,Kolkata,700137,IN,10190
Tamil Nadu,Chennai 81,600081,IN,10191
Assam,Dibrugarh,786002,IN,10192
Uttar Pradesh,"Milak, Rampur",243701,IN,10193
Rajasthan,Madanganj Kishangarh,305801,IN,10194
Karnataka,Bengaluru-560085,560085,IN,10195
Kerala,Kannur,670004,IN,10196
Maharashtra,"Uttan, Thane",401106,IN,10197
Kerala,Pathanamthitta,689671,IN,10198
Kerala,Palakkad,678546,IN,10199
Kerala,"Pallikkunnu, Kannur",670004,IN,10200
Assam,"Nagaon Town,Nagaon,Assam.",782001,IN,10201
Madhya Pradesh,Begamganj,464881,IN,10202
Kerala,Chengannur,689126,IN,10203
Gujarat,Surendranagar,363020,IN,10204
Karnataka,Dabbaspet,562111,IN,10205
Maharashtra,Solapur,413216,IN,10206
Andhra Pradesh,West Godavari,534176,IN,10207
Karnataka,Doddaballapura Bengaluru Rural District,561203,IN,10208
Bihar,Madhubani,847235,IN,10209
Telangana,Chitkul,502307,IN,10210
Gujarat,Mandvi,370485,IN,10211
Kerala,Quilandy,673522,IN,10212
Karnataka,Channagiri,577215,IN,10213
West Bengal,Naihati,743165,IN,10214
Karnataka,Bengalurubangalore,560066,IN,10215
Goa,Mapusa Guirim,403507,IN,10216
Telangana,Hyderabad,501504,IN,10217
Tamil Nadu,Thoothukudi,628008,IN,10218
Uttar Pradesh,Noida Extention,201303,IN,10219
Mizoram,Saiha,796901,IN,10220
Punjab,Jalandhar,144701,IN,10221
Kerala,Cheruthazham,670503,IN,10222
Andhra Pradesh,Murakambattu,517127,IN,10223
Tamil Nadu,Irugur,641103,IN,10224
Uttar Pradesh,Bareilly,243123,IN,10225
Maharashtra,Buldhana,443308,IN,10226
Chandigarh,Chandigarhchandigarh,160043,IN,10227
Delhi,Delhi,110035,IN,10228
Kerala,Vilappilsala,695573,IN,10229
Kerala,Koppam,679307,IN,10230
Maharashtra,Thana,400612,IN,10231
Telangana,Mahbubnagar,509002,IN,10232
Andhra Pradesh,Tripuranthakam,523330,IN,10233
Bihar,Patna,801507,IN,10234
Karnataka,Mandya,571402,IN,10235
Kerala,Njrackel,682509,IN,10236
Goa,Davorlim,403707,IN,10237
Himachal Pradesh,Bilaspur,174021,IN,10238
West Bengal,Andul-Mouri,711302,IN,10239
Kerala,"Kalpetta, Wayanad",673121,IN,10240
Assam,Kharijapikon,783126,IN,10241
Andhra Pradesh,Thatipaka,533247,IN,10242
Bihar,Aurangabad,824127,IN,10243
Uttar Pradesh,"Chhibramau,Kannauj",209721,IN,10244
Kerala,Ernakulam,686673,IN,10245
Karnataka,T Narasipura,571124,IN,10246
Maharashtra,Mudkhed,431806,IN,10247
Gujarat,Navsari,396560,IN,10248
Andhra Pradesh,Ganavaram,521101,IN,10249
Rajasthan,Aburoad,307026,IN,10250
Maharashtra,Pune,410507,IN,10251
Maharashtra,Thane,401104,IN,10252
Andhra Pradesh,Satyavedu,517588,IN,10253
Tamil Nadu,Tiruppur,641654,IN,10254
West Bengal,Nabadwip,741313,IN,10255
Kerala,Vylathur,679563,IN,10256
Bihar,Dhaka,845418,IN,10257
Punjab,Morinda,140101,IN,10258
Gujarat,Bhuj,370427,IN,10259
Andhra Pradesh,Thirupathi,517501,IN,10260
Maharashtra,Dombivli (East),421201,IN,10261
Kerala,Kannur,670562,IN,10262
Punjab,Kansal,160103,IN,10263
Gujarat,"South Bopal, Ahmedabad",380058,IN,10264
Maharashtra,Pauni,441910,IN,10265
Maharashtra,Nagpur,440037,IN,10266
Kerala,Thalakkulathur Fresh Bakery,673317,IN,10267
Rajasthan,Jaipur,302040,IN,10268
Uttar Pradesh,Azamgarh,276140,IN,10269
Madhya Pradesh,Khargone,451113,IN,10270
West Bengal,Duilllya,711302,IN,10271
Maharashtra,Surgana,422211,IN,10272
Kerala,Ernakulam,686663,IN,10273
Maharashtra,Mumbaimumbai,400064,IN,10274
Tamil Nadu,Madurai,625501,IN,10275
Kerala,Azhikode,670009,IN,10276
Uttar Pradesh,Palia Kalan Lakhimpur Kheri,262902,IN,10277
Goa,"Chinchinim, South Goa",403715,IN,10278
Delhi,Dwarka,110077,IN,10279
Kerala,Vaniyamkulam Ii,679523,IN,10280
Kerala,Kannur,670503,IN,10281
Chhattisgarh,Bijapur,494444,IN,10282
Jharkhand,Tonto,833215,IN,10283
Maharashtra,Nagpur,441122,IN,10284
Tamil Nadu,"Somanur, Coimbatore",641668,IN,10285
Maharashtra,Thane,421505,IN,10286
Karnataka,Raichur,584116,IN,10287
Tamil Nadu,Karur District,639006,IN,10288
Assam,Barpeta,781301,IN,10289
Tamil Nadu,Erode,638012,IN,10290
Andhra Pradesh,Srikakulam,532243,IN,10291
Uttar Pradesh,Gida Gorakhpur,273209,IN,10292
Andhra Pradesh,Guntur,522035,IN,10293
Gujarat,Kodinar,362720,IN,10294
Bihar,Bhagalpur,812004,IN,10295
Punjab,Pathankot,143534,IN,10296
Karnataka,Davangere,577552,IN,10297
Telangana,Karimnagar,505331,IN,10298
Karnataka,Sindagi,586128,IN,10299
Andhra Pradesh,Kadapa,516227,IN,10300
Karnataka,"Gundlupet Taloku,Chamarajanagara Distic",571111,IN,10301
Maharashtra,Tarapur,401103,IN,10302
Gujarat,Ahmedabadvasna,380007,IN,10303
Kerala,Iringaprom,680103,IN,10304
Tamil Nadu,Chengalpattu  D.T,603103,IN,10305
Uttarakhand,Dehradun,248160,IN,10306
Kerala,Payyanur,670310,IN,10307
Tamil Nadu,Coimbatore,641104,IN,10308
Uttar Pradesh,Banthra,227101,IN,10309
Uttar Pradesh,Bachhraon,244225,IN,10310
Jharkhand,Sindri,828122,IN,10311
Kerala,Calicut,673571,IN,10312
Kerala,Ernakulam,686661,IN,10313
Karnataka,Tumkur,572103,IN,10314
Goa,Orlim Salcette,403724,IN,10315
Tamil Nadu,Thiruthuraipoondi,614703,IN,10316
Andhra Pradesh,Kaikalur,521340,IN,10317
Tamil Nadu,Nanjikottai,613006,IN,10318
Rajasthan,Kota,324007,IN,10319
Tamil Nadu,Chennai,601206,IN,10320
Rajasthan,Nawalgarh,333042,IN,10321
Sikkim,Ranipool,737135,IN,10322
Kerala,Changanassery,686532,IN,10323
Andhra Pradesh,Industrial Growth Centre Thimmanapalem,523183,IN,10324
Andhra Pradesh,Vinukonda,522660,IN,10325
Meghalaya,Ranikor,793106,IN,10326
Maharashtra,Lanja,416701,IN,10327
Uttar Pradesh,Grater Noida West,201009,IN,10328
Uttarakhand,Kapkot,263632,IN,10329
Kerala,Chalakudy,680721,IN,10330
Kerala,Kayamkulam,690527,IN,10331
Tamil Nadu,Udumalaipettai,642126,IN,10332
Jammu & Kashmir,Ganderbal,191201,IN,10333
Punjab,Ludhiana,141015,IN,10334
Maharashtra,"Tal-Alibag, Dist - Raigad, Pin 402201",402201,IN,10335
Kerala,Kodur,676505,IN,10336
Uttar Pradesh,Gautam Buddha Nagar,201304,IN,10337
Punjab,Jalandhar,144102,IN,10338
Tamil Nadu,Coimbatore,641402,IN,10339
West Bengal,Gangarampur,733124,IN,10340
Uttar Pradesh,Lucknowl,226017,IN,10341
Kerala,Kozhikode,673603,IN,10342
Andhra Pradesh,Amaravathi,522020,IN,10343
Telangana,Kanchanbagh  Hyderabad,500058,IN,10344
Assam,Jorhat,785704,IN,10345
Maharashtra,Dondaicha Warwade,425408,IN,10346
Bihar,Darbhanga,847307,IN,10347
Karnataka,Channgiri,577213,IN,10348
West Bengal,Gopalnagar,743262,IN,10349
West Bengal,Paschim Medinipur,721101,IN,10350
Chhattisgarh,Kansabel,496223,IN,10351
Tamil Nadu,Arani Thiruvallur District,601101,IN,10352
Goa,North Goa,403517,IN,10353
Odisha,Nandapur,764037,IN,10354
Tamil Nadu,Velur,638181,IN,10355
Kerala,Anthicad,680641,IN,10356
Telangana,Rangareddy,501503,IN,10357
Maharashtra,Ordnance Factory Bhadravati Township,442902,IN,10358
West Bengal,"Bidhan Nagar, Kolkata- 700102",700102,IN,10359
Andhra Pradesh,Golugonda,531084,IN,10360
Kerala,Ernakulam,686636,IN,10361
Madhya Pradesh,Vindhya Nagar Ntpc Township,486886,IN,10362
Punjab,Mohali,160054,IN,10363
Maharashtra,Satara Midc,415004,IN,10364
Tamil Nadu,Sathyamangalam,638402,IN,10365
Kerala,Kodakara,680689,IN,10366
Tamil Nadu,Madipakam Chennai,600091,IN,10367
Andhra Pradesh,Yemmiganur,518360,IN,10368
Kerala,Kottayam,686665,IN,10369
Bihar,Fatwah,803201,IN,10370
Kerala,Madappally,673102,IN,10371
Gujarat,"Veraval, District - Gir Somnath",362265,IN,10372
Andhra Pradesh,Mudinepalle,521329,IN,10373
Karnataka,"Chitpadi, Udupi",576101,IN,10374
Uttar Pradesh,Meerut,250341,IN,10375
Maharashtra,Yavatmal,445204,IN,10376
Gujarat,"Bodakdev, Ahmedabad",380054,IN,10377
Andhra Pradesh,Tenali,522308,IN,10378
Uttarakhand,Selaqui,248197,IN,10379
Gujarat,Surat,395023,IN,10380
Maharashtra,Rahuri,413705,IN,10381
Telangana,"Lunger Houz , Hyderabad",500008,IN,10382
Uttar Pradesh,Kachhauna Patseni,241126,IN,10383
Maharashtra,Dombivali West  Tal: Kalyan Dist: Thane,421202,IN,10384
Andhra Pradesh,Madanapalle,517326,IN,10385
Telangana,Choutuppal,508252,IN,10386
Chhattisgarh,Hirmi,493195,IN,10387
Assam,Gohpur,784168,IN,10388
Telangana,"Yapral, Secunderabad",500087,IN,10389
Maharashtra,"Dombivali East,",421204,IN,10390
Goa,Bardez,403516,IN,10391
Goa,Bastora - Mapusa,403507,IN,10392
Uttarakhand,"Haldwani,Nainital",263139,IN,10393
Andhra Pradesh,Chittoor,517124,IN,10394
Maharashtra,Igatpuri,422403,IN,10395
Karnataka,Gulbarga,585103,IN,10396
Tamil Nadu,Chidambaram,608401,IN,10397
Maharashtra,Nashik,412101,IN,10398
Andhra Pradesh,Chittoor,517643,IN,10399
Goa,Dabolim,403711,IN,10400
Gujarat,Navasari,396521,IN,10401
Maharashtra,Akluj,413101,IN,10402
West Bengal,Piali,743363,IN,10403
Kerala,"Angamaly, Ernakulam",683572,IN,10404
West Bengal,Dist. - N 24 Parganas,743290,IN,10405
West Bengal,Alipurduar,735215,IN,10406
Kerala,Ernakulam,682308,IN,10407
Uttar Pradesh,Baksar,245207,IN,10408
Odisha,Ntpc Kaniha Township,759117,IN,10409
Kerala,Trivandrum,695583,IN,10410
Karnataka,Ullal,575022,IN,10411
Assam,Raha Town,782103,IN,10412
Tamil Nadu,Chennai,600120,IN,10413
Maharashtra,"Deccan , Pune",411004,IN,10414
Goa,"Alto Porvorim,",403521,IN,10415
Punjab,Ludhiana,141401,IN,10416
Andhra Pradesh,Hyderabad,500016,IN,10417
Maharashtra,Kasegaon Tal Walwa Dist Sangli,415404,IN,10418
Punjab,Amritsar,143008,IN,10419
Kerala,Kozhikode,673632,IN,10420
Andhra Pradesh,Inkollu,523167,IN,10421
Kerala,Kuruvattur,673611,IN,10422
Kerala,Channankara Thiruvananthapuram District,695301,IN,10423
Tamil Nadu,Tirunelveli,627001,IN,10424
Karnataka,Chiknayakanhalli,572214,IN,10425
Puducherry,"Pillaiarkuppam,  Manapet Post",607402,IN,10426
Andhra Pradesh,Dowleswaram,533125,IN,10427
Karnataka,Mangalore,575018,IN,10428
Tamil Nadu,Madurai - 625006,625006,IN,10429
Rajasthan,Sridungargarh,331803,IN,10430
Maharashtra,Pimpri Chinchwad,411007,IN,10431
Gujarat,Radhanpur,385340,IN,10432
Telangana,Nizamabad,503002,IN,10433
Uttar Pradesh,Sirsi,244301,IN,10434
Karnataka,Bangalore,560018,IN,10435
Tamil Nadu,Nagapattinam,609110,IN,10436
Karnataka,Mundargi,582118,IN,10437
Himachal Pradesh,Amb,174316,IN,10438
Karnataka,Bidar,585329,IN,10439
Karnataka,Navnagar Bagalkot,587103,IN,10440
Rajasthan,Baram,325223,IN,10441
Himachal Pradesh,Shoghi,171219,IN,10442
Kerala,Palakkad,678642,IN,10443
Uttar Pradesh,Ambedkarnager,224152,IN,10444
Andhra Pradesh,"Kornepadu, Guntur",522017,IN,10445
Haryana,Shahzadpur,134202,IN,10446
Haryana,Hodal,121106,IN,10447
Manipur,Senapati,795150,IN,10448
Telangana,Khammam,507157,IN,10449
Rajasthan,Bhawani Mandi,326502,IN,10450
Assam,Chirang,783394,IN,10451
Uttar Pradesh,Wazirganj,243726,IN,10452
Maharashtra,Kandivali Est Mumbai,400101,IN,10453
Madhya Pradesh,Rau,453331,IN,10454
Uttar Pradesh,Muradnagar,201206,IN,10455
Uttar Pradesh,Kheragarh,283121,IN,10456
Andhra Pradesh,"Rangareddy District,Hyderabad",500083,IN,10457
Maharashtra,Mumbai 400005,400005,IN,10458
Uttar Pradesh,Dohrighat,275303,IN,10459
Tamil Nadu,Salem,636112,IN,10460
Tamil Nadu,"Selaiyur, Chennai",600073,IN,10461
Tamil Nadu,Kottaram,629703,IN,10462
Odisha,Cuttack,754204,IN,10463
Telangana,Secunderabad,500044,IN,10464
Maharashtra,Pachora,424201,IN,10465
Tamil Nadu,Maduranthakam,603306,IN,10466
Madhya Pradesh,Pansemal,451770,IN,10467
Tamil Nadu,Neyveli Township,607803,IN,10468
Tamil Nadu,Lalgudi,621703,IN,10469
Tamil Nadu,Villupuram,605766,IN,10470
Kerala,Kozhikode,673582,IN,10471
Delhi,New Delhi 110017,110017,IN,10472
Maharashtra,Dombivli ( West),421202,IN,10473
Kerala,Nayathode,683572,IN,10474
Bihar,Muzaffarpur,844118,IN,10475
Andhra Pradesh,Rajam Srikakulam District,532127,IN,10476
Rajasthan,Dungargarh,331803,IN,10477
Kerala,Ottapalam,679103,IN,10478
Tamil Nadu,"Puduchatram, Namakkal",637018,IN,10479
Telangana,Kothagudem,507128,IN,10480
Maharashtra,Ganpatipule,415615,IN,10481
Assam,Rupaisiding Tinsukia District,786153,IN,10482
West Bengal,Kapasaria,721628,IN,10483
Maharashtra,Banda,416511,IN,10484
Andhra Pradesh,Kurnool,518412,IN,10485
Kerala,Kumaranellur,680590,IN,10486
Telangana,Chilkur,508206,IN,10487
West Bengal,Bidhan Nagar,700102,IN,10488
Tamil Nadu,Kanchipuram,600096,IN,10489
Maharashtra,Nashik,422206,IN,10490
Tamil Nadu,Chidambaram,608002,IN,10491
Odisha,Cuttack,754029,IN,10492
Madhya Pradesh,Tikamgarh,472001,IN,10493
Delhi,North Delhi,110007,IN,10494
Karnataka,Mandya,571404,IN,10495
Maharashtra,Mumbai,400703,IN,10496
Kerala,Trivandrum,695009,IN,10497
Haryana,Bhiwani,127028,IN,10498
Delhi,North West Delhi,110009,IN,10499
Tamil Nadu,"Nandivaram Guduvancheri,",603202,IN,10500
Gujarat,Devdhari,360055,IN,10501
Karnataka,Banglore,560036,IN,10502
Uttar Pradesh,"Sahibabad, Ghaziabad",201005,IN,10503
Maharashtra,Rajura,442905,IN,10504
Gujarat,"Chandlodia, Ahmedabad",382481,IN,10505
Tamil Nadu,Thakkolam,631151,IN,10506
Maharashtra,Nagothane,402106,IN,10507
Goa,Chorao,403102,IN,10508
Delhi,New Delhi Dwarka Secter 6,110075,IN,10509
Kerala,Kottakal,676503,IN,10510
Bihar,Dalsinghsarai,848114,IN,10511
Tamil Nadu,Sundarapandiapuram,627858,IN,10512
Kerala,North Chalakudy,680307,IN,10513
Kerala,Thrissur,680507,IN,10514
Rajasthan,Masuda,305623,IN,10515
Bihar,Muzaffarpur,843165,IN,10516
Kerala,Aluva2,683102,IN,10517
Maharashtra,Vasai Virar Virar West,401303,IN,10518
Jammu & Kashmir,Nowshehra,185152,IN,10519
Madhya Pradesh,Jamai,480553,IN,10520
Uttar Pradesh,Kabrai,210424,IN,10521
Kerala,Iriveri,670613,IN,10522
Andhra Pradesh,Kadapa,516214,IN,10523
Uttarakhand,Kirtinagar,249161,IN,10524
Uttar Pradesh,Tanda Rampur District,244925,IN,10525
Telangana,"Chandanagar, Hyderabad",500050,IN,10526
Maharashtra,"Kasheli, Taluka Bhiwandi, District Thane",421302,IN,10527
Kerala,Udyogamandal,683501,IN,10528
Kerala,Varkala,695142,IN,10529
Andhra Pradesh,Vizag,530016,IN,10530
Jharkhand,Seraikella,833219,IN,10531
Kerala,"Aryanad,Trivandrum",695542,IN,10532
Rajasthan,Bhadra,335501,IN,10533
Kerala,Alappuzha,689506,IN,10534
Maharashtra,Shirur Anantpal,413544,IN,10535
Karnataka,Belagavi,587122,IN,10536
Uttar Pradesh,Sirsaganj,283151,IN,10537
Tamil Nadu,Cinna Kottakuppam,605104,IN,10538
Tamil Nadu,Coonoor,643231,IN,10539
Kerala,Cheruvathur,671313,IN,10540
Rajasthan,Sardarshahar,331403,IN,10541
Kerala,Palakkad,678501,IN,10542
Haryana,Ladwa,136132,IN,10543
Kerala,Kozhikode,673604,IN,10544
Kerala,Kochi,682017,IN,10545
Kerala,Allapuzha,689505,IN,10546
Karnataka,Bengaluru,560007,IN,10547
Kerala,Malappuram,682030,IN,10548
Kerala,Thiruvananthapuram,695562,IN,10549
Tamil Nadu,Kanchipuram,600088,IN,10550
Uttar Pradesh,.Azamgarh,276001,IN,10551
Karnataka,Basavana Bagevadi,586121,IN,10552
Kerala,Cheruthazham,670309,IN,10553
Tamil Nadu,Thanjavur,614204,IN,10554
Uttar Pradesh,लखनऊ,226002,IN,10555
Maharashtra,Pune 412207,412207,IN,10556
Bihar,Kahalgaon,813214,IN,10557
Delhi,Dwarka 110078,110078,IN,10558
West Bengal,Binnaguri,735203,IN,10559
Bihar,Vaishali,844509,IN,10560
Kerala,"Puzhakkal P O, Thrissur",680553,IN,10561
Kerala,Vazhakulam,686670,IN,10562
Rajasthan,Bikaner 9680830319,334001,IN,10563
Karnataka,Hubli,580021,IN,10564
Maharashtra,Thane,400705,IN,10565
West Bengal,Jalpaiguri,735202,IN,10566
Andaman and Nicobar Islands,Andaman And Nicobar Islands Port Blair,744101,IN,10567
Tamil Nadu,Hanumanthan Patty,625533,IN,10568
Chhattisgarh,Korba,495682,IN,10569
Himachal Pradesh,Kangra,176125,IN,10570
Himachal Pradesh,Baddi,173205,IN,10571
Telangana,Peddapalle,505185,IN,10572
Kerala,"Adoor, Vaddakkedathu Cavu",691523,IN,10573
Tamil Nadu,Natchiarkoil,612602,IN,10574
Kerala,Nilambur,679339,IN,10575
Bihar,"Nala Road, Patna",800003,IN,10576
Telangana,Ghatkesar(Vill)(Mandal),501301,IN,10577
Maharashtra,Mumbai 400066,400066,IN,10578
Kerala,Thrissur,680008,IN,10579
Punjab,Pathankot,145025,IN,10580
Bihar,Vaishali,844503,IN,10581
Kerala,Iringal,673521,IN,10582
Gujarat,Amreli,365601,IN,10583
Maharashtra,Amravati,444902,IN,10584
Kerala,"Kaloor, Kochi",682017,IN,10585
Kerala,"Nedumangad, Thiruvananthapuram",695541,IN,10586
Kerala,Koovalaseery.P.O,695512,IN,10587
Kerala,Idukki,685583,IN,10588
Karnataka,Bengoloor,560103,IN,10589
Madhya Pradesh,Bankhedi,461990,IN,10590
West Bengal,Jalpaiguri,735231,IN,10591
Rajasthan,Jaipur,303702,IN,10592
Kerala,Cochin,682021,IN,10593
Jammu & Kashmir,Srinagar,190004,IN,10594
Gujarat,"Vadodara, Vadodara",390004,IN,10595
West Bengal,"Barendrapara,Near-Avinandan Furniture, Po-Sonarpur",700149,IN,10596
Odisha,Balipatna,752102,IN,10597
Andhra Pradesh,Makavarapalem,531113,IN,10598
Tamil Nadu,Tirichirapalli,620002,IN,10599
Kerala,Palakkad,678622,IN,10600
Uttar Pradesh,Tarabganj,271310,IN,10601
Telangana,Manugur,507117,IN,10602
Delhi,South West Delhi,110043,IN,10603
Uttar Pradesh,Prayagraj,211012,IN,10604
Kerala,Thrissur,680552,IN,10605
Chhattisgarh,Jaijaipur,495690,IN,10606
Maharashtra,Alibag,402209,IN,10607
Delhi,Central Delhi,110008,IN,10608
Telangana,Karimnagar,505303,IN,10609
Uttarakhand,"Kotdwar, Distt. Pauri Garhwal",246149,IN,10610
Kerala,Tirur,676109,IN,10611
Kerala,Ernakulam,682007,IN,10612
Delhi,Mayur Vihar Phase-1,110091,IN,10613
Gujarat,Gandhinagar,382028,IN,10614
Maharashtra,Opp Tata Motor.Ajmera,411018,IN,10615
Delhi,New Delhi -110067,110067,IN,10616
Kerala,Trivandrum,695308,IN,10617
West Bengal,Rajpur Sonarpur,700147,IN,10618
Maharashtra,Dombivli - West,421202,IN,10619
Goa,Cuncolim,403715,IN,10620
Jharkhand,Nirsa,828205,IN,10621
Andhra Pradesh,Guntur,522508,IN,10622
Dadra and Nagar Haveli and Daman and Diu,Silvass,396230,IN,10623
Tamil Nadu,Chennai,602105,IN,10624
Andhra Pradesh,Kanumolu,521106,IN,10625
Dadra and Nagar Haveli and Daman and Diu,Nani Daman,396210,IN,10626
Kerala,Chengannur,689109,IN,10627
Andhra Pradesh,Srikakulam,532195,IN,10628
Odisha,Belpahar,768218,IN,10629
Maharashtra,Thane-West,400607,IN,10630
Uttar Pradesh,Ballia,221716,IN,10631
West Bengal,Rajpur Sonarpur,700145,IN,10632
Delhi,"Dwarka, Sector - 22",110075,IN,10633
Kerala,Perumbavoor,683543,IN,10634
Madhya Pradesh,Tekanpur Gwalior,475005,IN,10635
Maharashtra,Kolhapur,416526,IN,10636
Jammu & Kashmir,Muthi,181205,IN,10637
Karnataka,Srirangapatna,571438,IN,10638
Jharkhand,Jamshedpur,831019,IN,10639
Karnataka,Kalaburgi,585318,IN,10640
Maharashtra,Akola,444104,IN,10641
Punjab,"Zirakpur,Mohali",140603,IN,10642
Jharkhand,Jorapokhar,828108,IN,10643
Uttar Pradesh,Misrikh Cum Neemsar,261401,IN,10644
Karnataka,Koppa,577126,IN,10645
Bihar,Kasba,854330,IN,10646
Kerala,Malappuram,676510,IN,10647
Madhya Pradesh,Mangalya,453771,IN,10648
Maharashtra,Sanaswadi,412208,IN,10649
Uttarakhand,Dogadda,246127,IN,10650
Andhra Pradesh,Visakhapatnam,531022,IN,10651
Andhra Pradesh,Visakhapatnam,530015,IN,10652
Karnataka,Vijayapura,586130,IN,10653
Gujarat,Bhilad,396105,IN,10654
Kerala,Perumbavoor,683556,IN,10655
Tamil Nadu,Madurai,625514,IN,10656
Uttarakhand,Dehradun,248011,IN,10657
Assam,"Kathiatoli,Nagaon",782427,IN,10658
Uttar Pradesh,Sahaspur,246745,IN,10659
Madhya Pradesh,Jaora,457226,IN,10660
Gujarat,Khedbrahma,383255,IN,10661
West Bengal,Nadia,741201,IN,10662
Mizoram,Aizawl,796008,IN,10663
Maharashtra,Navi Mumbai,410217,IN,10664
Telangana,Warangal,506371,IN,10665
West Bengal,Tamluk,721636,IN,10666
Maharashtra,Dombivili East,421201,IN,10667
Himachal Pradesh,Nadaun,177040,IN,10668
Maharashtra,"Rawet, Pune",412101,IN,10669
Tamil Nadu,Chetpet,606801,IN,10670
Andhra Pradesh,Nellore Dist.,524322,IN,10671
Karnataka,Aland,585311,IN,10672
Kerala,Panniyannur,670694,IN,10673
Uttar Pradesh,Mau,221603,IN,10674
Andhra Pradesh,Gundimeda,522303,IN,10675
Andhra Pradesh,Ravulapalem,533238,IN,10676
Tamil Nadu,Naduvattam,643224,IN,10677
Karnataka,Bangalore,560021,IN,10678
Chandigarh,Chandigarh,160001,IN,10679
Andhra Pradesh,"Maachavaram, Piduguralla",522435,IN,10680
Punjab,Akalgarh,141105,IN,10681
Arunachal Pradesh,Doimukh,791112,IN,10682
Tamil Nadu,Chennai,601102,IN,10683
Delhi,South West Delhi,110068,IN,10684
West Bengal,Belgharia,700049,IN,10685
Andhra Pradesh,Jaggaiahpet,521175,IN,10686
Delhi,Delhi,110002,IN,10687
Kerala,Pariyaram,670334,IN,10688
Tamil Nadu,Thuckalay P.O,629175,IN,10689
Maharashtra,Mumbai,400035,IN,10690
Kerala,Angamalay,683572,IN,10691
West Bengal,North 24 Parganas,700136,IN,10692
Kerala,Trivandrum,695005,IN,10693
Goa,North Goa,403507,IN,10694
Uttar Pradesh,Greater Noida (W),201009,IN,10695
Maharashtra,Kolhapur,416114,IN,10696
Tamil Nadu,Saravanampatticoimbatore.,641035,IN,10697
Madhya Pradesh,Sironj,464228,IN,10698
Andhra Pradesh,"Puttur, Chittooor",517583,IN,10699
Andhra Pradesh,East Godavari,533101,IN,10700
Kerala,Paravur,683515,IN,10701
Uttarakhand,Jaspur,244712,IN,10702
Andhra Pradesh,Vijayawada,521212,IN,10703
Rajasthan,Pokaran,345021,IN,10704
Maharashtra,Parola,425111,IN,10705
Maharashtra,Nigadi Pradhikaran Pune,411044,IN,10706
Andhra Pradesh,Kondepi,523271,IN,10707
West Bengal,Burdwan,713427,IN,10708
Kerala,Ernakulam,686668,IN,10709
West Bengal,147/19 B Keshab Chandra Sen Street Kolkata Nine Ma,700009,IN,10710
Kerala,Thrissur,680751,IN,10711
Kerala,Thrissur,680732,IN,10712
Kerala,Ernakulam,686693,IN,10713
Karnataka,Shanivarsante,571235,IN,10714
Tamil Nadu,"New Perungalathur, Chennai",600063,IN,10715
Odisha,Koraput,764002,IN,10716
Uttarakhand,Tehri Garhwal,249161,IN,10717
Kerala,Angamaly,683579,IN,10718
West Bengal,Bankura,722132,IN,10719
Andhra Pradesh,Paravada Industrial Area,531021,IN,10720
Karnataka,Mulbagal,563131,IN,10721
Karnataka,Bangalore,562114,IN,10722
Jammu & Kashmir,Ranbirsinghpora,181102,IN,10723
Maharashtra,Deglur,431717,IN,10724
Uttar Pradesh,Basti,272150,IN,10725
West Bengal,Newbarrackpur,700131,IN,10726
Assam,Salakati,783369,IN,10727
Bihar,Benipur,847233,IN,10728
Uttar Pradesh,Gola Gokarannath,262802,IN,10729
Kerala,Ambalamedu,682303,IN,10730
Tamil Nadu,Ambur,635804,IN,10731
Karnataka,Karwar,581324,IN,10732
Dadra and Nagar Haveli and Daman and Diu,Silvasa,396230,IN,10733
Gujarat,Dolvan,394635,IN,10734
Andhra Pradesh,Pulla,534401,IN,10735
Kerala,Chengannur,689124,IN,10736
Karnataka,Mangaluru,574509,IN,10737
Delhi,"Kanti Nagar Extension, Krishna Nagar",110051,IN,10738
Maharashtra,Deola,423102,IN,10739
Rajasthan,Phulera,303338,IN,10740
Telangana,Jadcherla,509301,IN,10741
Karnataka,"Hiriyur, Chitradurga District",577598,IN,10742
Maharashtra,Nanded Waghala,445207,IN,10743
Delhi,New Delhi,110004,IN,10744
Karnataka,Hosanagara,577426,IN,10745
Maharashtra,Mul,441224,IN,10746
Andhra Pradesh,Sompeta,532284,IN,10747
Karnataka,Bagepalli,561207,IN,10748
Uttar Pradesh,Maniyar,277207,IN,10749
Tamil Nadu,Kariapatti,626106,IN,10750
Uttar Pradesh,Phoolpur,276304,IN,10751
Kerala,Balaramapuram /Mudavoorpara,695501,IN,10752
Tamil Nadu,Attur,636141,IN,10753
Gujarat,Kheda,387630,IN,10754
Rajasthan,Khetri,333503,IN,10755
Tamil Nadu,"Annamalai Nagar , Chidhambaram",608002,IN,10756
Maharashtra,Kudal,416519,IN,10757
Kerala,Thrissur,680652,IN,10758
West Bengal,Baguiati,700059,IN,10759
Tamil Nadu,Coimbatore,641020,IN,10760
Tamil Nadu,Anthiyur,638501,IN,10761
Jammu & Kashmir,Srinagar,190024,IN,10762
Kerala,Palakkad,678702,IN,10763
Andhra Pradesh,Secunderabad,500062,IN,10764
Gujarat,Amreli,365455,IN,10765
Assam,Dist - Dibrugarh,786001,IN,10766
Maharashtra,Kolhapur,416011,IN,10767
Tamil Nadu,Singaperumal Koil,603204,IN,10768
Tamil Nadu,Chennai.,600087,IN,10769
Telangana,"Shankerpally, R.R.Dist",501203,IN,10770
Uttar Pradesh,Lalganj,230132,IN,10771
Maharashtra,Satara,415519,IN,10772
Madhya Pradesh,Ashta,466116,IN,10773
Rajasthan,Neemrana,301705,IN,10774
Andhra Pradesh,"Buchireddipalem, Nellore",524305,IN,10775
Kerala,Vakkom,695306,IN,10776
Bihar,Purnea,854301,IN,10777
Uttar Pradesh,Prayagraj,211003,IN,10778
Karnataka,Belagavi,590017,IN,10779
Tamil Nadu,Avalapalli,635109,IN,10780
Maharashtra,Baif Road Wagholi Pune,412207,IN,10781
Kerala,Kasaragod,671122,IN,10782
Arunachal Pradesh,Naharlugun Model Arunachal Pradesh,791110,IN,10783
West Bengal,Haora,711112,IN,10784
Kerala,Muhamma,688525,IN,10785
Punjab,Ludhiana,141006,IN,10786
Punjab,Ludhiana,141120,IN,10787
Maharashtra,Navimumbai,400709,IN,10788
Telangana,"Nizamabad,Telangana",503001,IN,10789
Kerala,Payyannur,670306,IN,10790
Puducherry,Villianur Taluk,605107,IN,10791
Assam,Mazbat,784507,IN,10792
Maharashtra,Mumbai,401503,IN,10793
Andhra Pradesh,Nellore District,524309,IN,10794
Andhra Pradesh,Bhimavaram,534207,IN,10795
Kerala,Vazhakkala,682030,IN,10796
Punjab,Phagwara,144402,IN,10797
Andhra Pradesh,Amalapuram,533221,IN,10798
Gujarat,Pethapur,382041,IN,10799
Karnataka,Kolar,562104,IN,10800
West Bengal,Nadia,741235,IN,10801
Lakshadweep,Agatti,682553,IN,10802
Telangana,Medak,502110,IN,10803
Kerala,Thrissur,680026,IN,10804
Maharashtra,Palghar,401608,IN,10805
Chhattisgarh,Bhilai Charoda,490021,IN,10806
Tamil Nadu,Coimbatore,641019,IN,10807
Kerala,Ernakulam,683517,IN,10808
Uttar Pradesh,Jhansi,284200,IN,10809
Tamil Nadu,Sivakasi,626189,IN,10810
Karnataka,Kollur,576220,IN,10811
Maharashtra,"Kenwad, Malegaon Jahagir",444503,IN,10812
Telangana,Hyderabad.,500044,IN,10813
Kerala,Thriprayar,680567,IN,10814
Uttarakhand,Dwarahat,263653,IN,10815
Bihar,Lauriya,845103,IN,10816
Uttar Pradesh,Bareilly,243403,IN,10817
Kerala,Kakanad,682021,IN,10818
Uttarakhand,Chinyalisaur P.O -Pipalmandi,249196,IN,10819
Delhi,Delhi,110033,IN,10820
Kerala,Mannarkkad,678598,IN,10821
Kerala,Kalliasseri,670563,IN,10822
Bihar,Pandual,847239,IN,10823
Maharashtra,Yavatmal,445307,IN,10824
Karnataka,Bangalore,560074,IN,10825
Jammu & Kashmir,Handwara,193302,IN,10826
Tamil Nadu,Jambai,638312,IN,10827
Tamil Nadu,Arakonam,631003,IN,10828
Tamil Nadu,Karuppur,636012,IN,10829
Kerala,Perla Town,671552,IN,10830
Odisha,Bhubaneswar,751011,IN,10831
Telangana,Warangal,506011,IN,10832
Tamil Nadu,Tiruvallur,600050,IN,10833
West Bengal,Purulia,723101,IN,10834
Madhya Pradesh,Mundi,450112,IN,10835
Kerala,Cheppad,690507,IN,10836
Gujarat,Ahmedabad,382315,IN,10837
Tamil Nadu,Sankarankoil,627756,IN,10838
Gujarat,Jamnagar,361003,IN,10839
Kerala,"Mananthavady,",670645,IN,10840
Karnataka,Anekal,562106,IN,10841
West Bengal,Alipurduar,736121,IN,10842
Uttar Pradesh,Colonelganj,271502,IN,10843
Uttar Pradesh,"Nai Bazar ,Bhadohi",221409,IN,10844
Tamil Nadu,Thiruparankundram,625015,IN,10845
Karnataka,Koramangala Bangalore,560034,IN,10846
Telangana,Hyderabad,508126,IN,10847
Kerala,Ernakulam,683102,IN,10848
Assam,Bongaigaon,783392,IN,10849
Andhra Pradesh,"Tenali, Guntur District",522202,IN,10850
Andhra Pradesh,Pondura,532168,IN,10851
Kerala,"Mannarkkad , Palakkad",678593,IN,10852
Karnataka,Kota,576221,IN,10853
West Bengal,Kolaghat,721134,IN,10854
Tamil Nadu,Tirupur,641605,IN,10855
Kerala,Ernakulam,683578,IN,10856
Bihar,Murliganj,852122,IN,10857
Odisha,Tarbha,767016,IN,10858
Uttar Pradesh,Raibareli,229406,IN,10859
Jharkhand,Garhwa,822114,IN,10860
Maharashtra,Nanded,431602,IN,10861
Odisha,Nuapada,766105,IN,10862
Kerala,Kottayam Dist,686532,IN,10863
Punjab,Amritsar,143112,IN,10864
Punjab,Sirhind,140406,IN,10865
Tamil Nadu,"S. Ramalingapuram,Virudhunagar District",626102,IN,10866
Tamil Nadu,Srivilliputhur,626138,IN,10867
West Bengal,North 24 Parganas,700055,IN,10868
Tamil Nadu,Vellore,635803,IN,10869
Andhra Pradesh,Ulavapadu,523292,IN,10870
Mizoram,Aizawl,796014,IN,10871
West Bengal,Bansberia,712503,IN,10872
Maharashtra,"Anushaktinagar, Mumbai",400094,IN,10873
Puducherry,Karaikal,609604,IN,10874
Goa,Panjim,403403,IN,10875
Kerala,Ganeshgiri (P O) Shoranur,679123,IN,10876
Maharashtra,"Bandra East, Mumbai",400051,IN,10877
Rajasthan,Khairthal,301404,IN,10878
Goa,"Raibander, Old Goa",403006,IN,10879
Madhya Pradesh,Bhopal,462004,IN,10880
Kerala,University,673634,IN,10881
Andhra Pradesh,Kalikiri,517234,IN,10882
Punjab,Nawanshahar,144513,IN,10883
Andhra Pradesh,East Godavari,533221,IN,10884
Andhra Pradesh,"Vadamalpet (M), Chittoor (D.T)",517551,IN,10885
Kerala,Kannur,670307,IN,10886
Goa,Ribander,403006,IN,10887
Telangana,My Home Industries Pvt Ltd,508246,IN,10888
Uttar Pradesh,Haldaur,246726,IN,10889
Kerala,Vadanappally,680619,IN,10890
Madhya Pradesh,Sagore Dist.Dhar,454774,IN,10891
Karnataka,Doddaballapura Apparel Park,562163,IN,10892
Karnataka,Bengaluru-560098,560098,IN,10893
Gujarat,Mundra,370435,IN,10894
Tamil Nadu,Nallur Tirunelveli District,627853,IN,10895
Kerala,Ettumanoor,686637,IN,10896
Himachal Pradesh,Nurpur,176051,IN,10897
Punjab,Sas Nagar,160059,IN,10898
Jammu & Kashmir,Jammu,181152,IN,10899
Haryana,Narwana,126116,IN,10900
Andhra Pradesh,"Kavali,Nellore Dt",524201,IN,10901
West Bengal,"Debipur, Panagarh",713148,IN,10902
Bihar,Siwan,841245,IN,10903
Kerala,Kannur,670303,IN,10904
Uttar Pradesh,Naugarh,272202,IN,10905
Maharashtra,Malegaon,423208,IN,10906
Karnataka,Gundlupet,571123,IN,10907
West Bengal,Bethuadharai,741126,IN,10908
Maharashtra,Pune,412208,IN,10909
Jharkhand,Jamshedpurjamshedpur,831004,IN,10910
Andhra Pradesh,Nellore,524226,IN,10911
Uttar Pradesh,Kathaura,227817,IN,10912
Karnataka,Bengaluru-11,560011,IN,10913
Delhi,Delhi,110046,IN,10914
Maharashtra,Nallasopara,401304,IN,10915
Andhra Pradesh,Hyderabad,500020,IN,10916
Maharashtra,Saphale,401102,IN,10917
Maharashtra,Virar East,401305,IN,10918
Maharashtra,Dombivali East,421203,IN,10919
Uttar Pradesh,Jahangirabad,203394,IN,10920
Telangana,"Hyderabad, Telangana",500036,IN,10921
Odisha,Baleshwar,756019,IN,10922
Himachal Pradesh,Sundernagr,175019,IN,10923
Uttar Pradesh,Unnao,209866,IN,10924
Tamil Nadu,Kanchipuram,600119,IN,10925
Kerala,Palakkad,679337,IN,10926
Karnataka,Tumkur,572104,IN,10927
Tamil Nadu,Thiruthuraipoondi,614713,IN,10928
Tripura,Bankimnagar,799035,IN,10929
Madhya Pradesh,Chandameta Butaria,480441,IN,10930
Uttar Pradesh,Bilhaur,209202,IN,10931
Andhra Pradesh,Apiic Tada,524401,IN,10932
Odisha,Bhanjanagar,761123,IN,10933
Telangana,Khammam District,507158,IN,10934
Gujarat,Halol,389350,IN,10935
Tamil Nadu,Tiruchirappalli,621216,IN,10936
Andhra Pradesh,Hyderabad,500057,IN,10937
Assam,Silchar,788011,IN,10938
Maharashtra,Sangli Miraj Kupwad,416415,IN,10939
Kerala,"Kolazhy P.O, Thrissur",680010,IN,10940
Andhra Pradesh,Penugonda,534326,IN,10941
West Bengal,Karimpur,742303,IN,10942
Karnataka,Shiggoun,581205,IN,10943
Tamil Nadu,Nangavalli,636454,IN,10944
Tamil Nadu,Ulundurpet,607201,IN,10945
Maharashtra,Roha,402109,IN,10946
Kerala,Thrissur,680508,IN,10947
Tamil Nadu,Karur,639136,IN,10948
Maharashtra,Dombivali East,421201,IN,10949
Chhattisgarh,Kunkuri,496225,IN,10950
Chhattisgarh,Dipka,495452,IN,10951
Tamil Nadu,Karur,639113,IN,10952
Kerala,Palakkad Kerala,678574,IN,10953
Telangana,Kothagudem,507119,IN,10954
Tamil Nadu,Thoothukudi,628251,IN,10955
Assam,Ledo,786182,IN,10956
Tamil Nadu,"Keeranoor,Mallur",636203,IN,10957
Tamil Nadu,"Triplicane,Chennai",600005,IN,10958
Tamil Nadu,Pettai,627010,IN,10959
Bihar,Sheikhpura,811315,IN,10960
Karnataka,Virajpet,571211,IN,10961
Maharashtra,Bhandara,441701,IN,10962
Odisha,Sunabeda,763004,IN,10963
Assam,Azara,781128,IN,10964
Tamil Nadu,Kanchipuram District,602106,IN,10965
Kerala,Sultan Bathery,673595,IN,10966
Maharashtra,District Raigadh,410206,IN,10967
Andhra Pradesh,Razole,533242,IN,10968
Uttar Pradesh,Chakia Chandaulu,232103,IN,10969
Tamil Nadu,Mettur Dam,636452,IN,10970
Odisha,"Berhampur, Ganjam",760010,IN,10971
West Bengal,Habra,743222,IN,10972
Tamil Nadu,Chennimalai,638051,IN,10973
Kerala,Manadan House,680741,IN,10974
Gujarat,Navsari,396424,IN,10975
Maharashtra,Thane(W),400607,IN,10976
Tamil Nadu,Krishnagiri,635126,IN,10977
Karnataka,Udupi,576215,IN,10978
Tamil Nadu,Puthalam,629602,IN,10979
Maharashtra,Thane,421311,IN,10980
Kerala,Vakkom,695308,IN,10981
Tamil Nadu,Nagercoil,629901,IN,10982
Maharashtra,Mulund (East)Mumbai,400081,IN,10983
Kerala,Pampady,686516,IN,10984
West Bengal,"Howrah, Liluah",711204,IN,10985
Haryana,Rohtak,124021,IN,10986
Karnataka,"Amruthahalli, Jakkur Post",560064,IN,10987
Uttar Pradesh,Chandauli,233232,IN,10988
Haryana,Panchkula,134107,IN,10989
Tripura,Agartala,799210,IN,10990
Karnataka,Gogipeth,585309,IN,10991
West Bengal,Malda,732207,IN,10992
Himachal Pradesh,Sundarnagar,174401,IN,10993
Kerala,Ponnur,680501,IN,10994
West Bengal,Kolkata 53,700053,IN,10995
Bihar,Danapur Cantt,801503,IN,10996
West Bengal,Ashoknagar,743263,IN,10997
Gujarat,Kachchh,370001,IN,10998
Telangana,Hyderabad Telangana,500030,IN,10999
Karnataka,Sirsi,581318,IN,11000
Telangana,Hydrabad,502319,IN,11001
Karnataka,"Bangalore,",560011,IN,11002
Tamil Nadu,Poonamallee,600056,IN,11003
Uttar Pradesh,Chhaprauli,250617,IN,11004
Karnataka,Bangalore,560030,IN,11005
Andhra Pradesh,Avanigadda,521122,IN,11006
Odisha,Kantabanji,767039,IN,11007
Tamil Nadu,Gudalur,625518,IN,11008
Haryana,Farrukh Nagar,123506,IN,11009
Maharashtra,"Mahim (West), Mumbai",400016,IN,11010
Bihar,Patna,801103,IN,11011
Kerala,"Venjaramoodu, Thiruvananthapuram",695607,IN,11012
Karnataka,Belagavi,590018,IN,11013
Gujarat,Valsad,396045,IN,11014
Kerala,Kazhakuttom. Thiruvananthapuram,695586,IN,11015
Tamil Nadu,Ariyalur,621707,IN,11016
Rajasthan,Hindaun City,322230,IN,11017
Uttar Pradesh,Allahabad,229412,IN,11018
Karnataka,Tirthahalli,577414,IN,11019
Bihar,Bikram,801104,IN,11020
Telangana,Dornakal,506381,IN,11021
Gujarat,Umbergaon,396170,IN,11022
Andhra Pradesh,Chittoor,517589,IN,11023
Telangana,Choppadandi,505415,IN,11024
Kerala,"Ettumanoor,Kottayam",686016,IN,11025
Uttar Pradesh,Merrut,250406,IN,11026
Rajasthan,Udaipur,313004,IN,11027
Maharashtra,Mohpa,441502,IN,11028
Andhra Pradesh,Chittoor,517421,IN,11029
Uttar Pradesh,Gorakhpur,273405,IN,11030
Kerala,Chengamanad P O 683578,683578,IN,11031
Telangana,Nizamabad,503217,IN,11032
Tamil Nadu,Tiruppur,641608,IN,11033
Himachal Pradesh,Mandi,175045,IN,11034
Tamil Nadu,Vellore,632404,IN,11035
West Bengal,Darjeeling,734104,IN,11036
Karnataka,"Sandur Taluk, Bellary District",583119,IN,11037
Maharashtra,"Ns Rd 10, Jvpds, Vile Parle (W) Mumbai",400049,IN,11038
Gujarat,Dabhoi,391210,IN,11039
Telangana,Warangal Rural,506005,IN,11040
Andhra Pradesh,T.Narasapuram Mandalam,534467,IN,11041
Odisha,Rayagada,765015,IN,11042
Punjab,Tarn Taran,143117,IN,11043
West Bengal,Haldia,721605,IN,11044
Puducherry,Pondicherry,605007,IN,11045
Uttar Pradesh,Maudaha,210507,IN,11046
Delhi,Old Delhi,110006,IN,11047
Telangana,Rangareddy,501359,IN,11048
Kerala,"Kakkodi, Kozhikode",673611,IN,11049
Tamil Nadu,Thiruvallur,602002,IN,11050
Gujarat,Kathor,394150,IN,11051
Manipur,Imphal-West,795004,IN,11052
Karnataka,Bangalore,560052,IN,11053
Odisha,Baripada,757003,IN,11054
Uttar Pradesh,Lucknow,226009,IN,11055
Uttar Pradesh,Kemri,244928,IN,11056
Punjab,Dhariwal,143519,IN,11057
Karnataka,Varamballi,576213,IN,11058
Tamil Nadu,Ramapuram,629303,IN,11059
Himachal Pradesh,Kangra,176216,IN,11060
West Bengal,Debipur,713169,IN,11061
Andhra Pradesh,Mundlamuru,523265,IN,11062
Tamil Nadu,Erode,636006,IN,11063
Kerala,Thiruvalla,689621,IN,11064
Andhra Pradesh,Anantapur,516390,IN,11065
Kerala,Kottaym,686611,IN,11066
Gujarat,Valsad,396030,IN,11067
Rajasthan,Hanumangarh,335513,IN,11068
Tamil Nadu,Coimbatore,641033,IN,11069
West Bengal,Kolkata-700064,700064,IN,11070
Karnataka,Tumkur,572102,IN,11071
Tamil Nadu,Uthukkottai,602026,IN,11072
Gujarat,Umreth,388220,IN,11073
Assam,Orang,784114,IN,11074
Kerala,Kannur,670673,IN,11075
Andaman and Nicobar Islands,Port Blair / South Andaman,744101,IN,11076
Jharkhand,Jharia,828111,IN,11077
Punjab,Jalandhar,144416,IN,11078
Uttarakhand,Almora,263658,IN,11079
Maharashtra,Ahmednagar,411003,IN,11080
Kerala,Kottayam,686603,IN,11081
Karnataka,Chickballapur,562101,IN,11082
West Bengal,Belghria,700049,IN,11083
Goa,Old Goa,403108,IN,11084
Andhra Pradesh,Bapatla,522113,IN,11085
Karnataka,Talipady,574150,IN,11086
Bihar,"Barh, Patna",803215,IN,11087
Tripura,Kamalpur,799285,IN,11088
Telangana,Sicendrabad,500010,IN,11089
Kerala,Kulasekharapuram,690528,IN,11090
Tamil Nadu,Manamadurai,630606,IN,11091
Andaman and Nicobar Islands,Portblair,744102,IN,11092
Andhra Pradesh,Chittoor,517167,IN,11093
Tamil Nadu,Sivagangai  District,630106,IN,11094
Telangana,Dharmaram Karimnagar District,505416,IN,11095
Uttar Pradesh,Jhansi,284120,IN,11096
Uttar Pradesh,Mauranipur,284204,IN,11097
Uttar Pradesh,Siddharthnagar,272202,IN,11098
Andhra Pradesh,Visakhapatnam,531035,IN,11099
Kerala,Trivandrum,695582,IN,11100
Tamil Nadu,"Kalaiyanur, Coimbatore",641108,IN,11101
Uttar Pradesh,Ghaziabad,201206,IN,11102
Bihar,West Champaran,845306,IN,11103
Kerala,Calicut,673010,IN,11104
Kerala,Athirampuzha,686602,IN,11105
Uttar Pradesh,Pali Hardoi District,241123,IN,11106
Kerala,Kadapra Niranam,689621,IN,11107
Tamil Nadu,"Kalapatti, Coimbatore",641048,IN,11108
Gujarat,Anand,388121,IN,11109
Gujarat,Bhavnagar,364004,IN,11110
Andhra Pradesh,Nellore City,524003,IN,11111
Tamil Nadu,Virudhachalam,606003,IN,11112
Telangana,Warangal,506244,IN,11113
Punjab,Jalandhar,144012,IN,11114
Goa,Panaji,403003,IN,11115
Tamil Nadu,"Attur, Salem",636108,IN,11116
Telangana,Kothagudem,507118,IN,11117
Maharashtra,"Pune, 51",411041,IN,11118
Karnataka,Chittapur Tq,585211,IN,11119
Tamil Nadu,"Avanyapuram , Madurai",625012,IN,11120
Punjab,Mallanwala Khas/Ferozepur,152021,IN,11121
Jharkhand,Gobindpur,828109,IN,11122
West Bengal,Sonarpur,700150,IN,11123
Uttar Pradesh,Bhogaon,205262,IN,11124
Himachal Pradesh,Reckong Peo,172107,IN,11125
Jammu & Kashmir,..Katra,182301,IN,11126
Maharashtra,Kandhar,431714,IN,11127
Maharashtra,Satara,415114,IN,11128
Bihar,Patna,801111,IN,11129
Tamil Nadu,Ranipet,632404,IN,11130
Jharkhand,Musabani,832104,IN,11131
Andhra Pradesh,Anantapur,515832,IN,11132
Andhra Pradesh,Mummidivaram,533216,IN,11133
Madhya Pradesh,Agar,465441,IN,11134
Kerala,Perambra,673524,IN,11135
Maharashtra,Nashik,422213,IN,11136
West Bengal,Howrah,711113,IN,11137
Kerala,Thiruvananthapuram,695027,IN,11138
Maharashtra,Kankavli,416609,IN,11139
Maharashtra,Kalyan Dombivli,421203,IN,11140
Assam,Baithalangso,782450,IN,11141
Uttar Pradesh,Greater Noida West,201310,IN,11142
Andhra Pradesh,Guntur,521120,IN,11143
Telangana,Elgaid,505525,IN,11144
Tamil Nadu,Kallakuruchi,605766,IN,11145
Gujarat,"R.C. Technical College Road, Ghatlodia, Ahmedabad",380061,IN,11146
Himachal Pradesh,Bilaspur,174027,IN,11147
Tamil Nadu,Kalugumalai,628552,IN,11148
Goa,Sao Jose De Areal,403707,IN,11149
Kerala,Trivandrum,695572,IN,11150
Uttar Pradesh,Sultanpur,228159,IN,11151
Odisha,Ranpur,752026,IN,11152
Telangana,Kazipet,506003,IN,11153
Kerala,"Chengannur, Alappuzha District",689505,IN,11154
Haryana,Gurgaon,122005,IN,11155
Maharashtra,Satana,423301,IN,11156
Tamil Nadu,Kanniyakumari,629171,IN,11157
Uttar Pradesh,Faizabad,224206,IN,11158
Karnataka,Bajpe,574142,IN,11159
Rajasthan,Didwana,341303,IN,11160
Himachal Pradesh,Dehra H.O,177101,IN,11161
Uttar Pradesh,Bikapur,224204,IN,11162
Kerala,Changanacherry,686536,IN,11163
Kerala,Thiruvananthapuram 1,695001,IN,11164
Jammu & Kashmir,Bishnah,181132,IN,11165
Maharashtra,Panvel,410210,IN,11166
Maharashtra,"Bhandup (West), Mumbai - 400078",400078,IN,11167
Kerala,Perinad,691590,IN,11168
Gujarat,Jamnagar,361009,IN,11169
Uttar Pradesh,Unchahar,229404,IN,11170
Maharashtra,"Goregaon (West), Mumbai",400062,IN,11171
Tamil Nadu,Arni,632301,IN,11172
Gujarat,Khapat,362530,IN,11173
Punjab,Jalandhar Cantt,144005,IN,11174
Maharashtra,Beed,431122,IN,11175
Bihar,Rahui Block. Local Town-Biharsarif,803119,IN,11176
Uttar Pradesh,Aligarh,202165,IN,11177
Haryana,Hsiidc Industrial Estate Panipat,132140,IN,11178
Kerala,Thiroor,680581,IN,11179
Maharashtra,Thane. West,400601,IN,11180
Himachal Pradesh,Kangra,176057,IN,11181
Kerala,"Chittethukara, Kakkanad,Cochin",682037,IN,11182
West Bengal,Haora,711409,IN,11183
Uttar Pradesh,Azamgarh,223221,IN,11184
Maharashtra,"Malwani Church, Malad West , Mumbai.",400095,IN,11185
Maharashtra,Aurangabad,431154,IN,11186
Himachal Pradesh,Solan,173213,IN,11187
Andhra Pradesh,Rayabhupalapatnam,533437,IN,11188
Andhra Pradesh,Mydukur,516172,IN,11189
Jammu & Kashmir,Shopian,192303,IN,11190
Tamil Nadu,Kelamangalam,635113,IN,11191
Karnataka,Birur,577116,IN,11192
Tamil Nadu,Thoothukkudi,628717,IN,11193
Tamil Nadu,"Old Mathigiri, Hosur",635110,IN,11194
Karnataka,Ullal,575023,IN,11195
Maharashtra,Murtajapur,444107,IN,11196
Kerala,Mullassery,680509,IN,11197
Assam,Sibsagar,785664,IN,11198
Uttar Pradesh,Azamgarh,276406,IN,11199
Kerala,Kozhikode,673527,IN,11200
Karnataka,Dharwad,580005,IN,11201
Maharashtra,Dhanori-Vishrantwadi,411015,IN,11202
Tamil Nadu,Rajapalayam Virudhunagar District,626102,IN,11203
Kerala,Thiruvananthapuram,695584,IN,11204
Tamil Nadu,Vikramasingapuram,627425,IN,11205
Odisha,Damanjodi,763008,IN,11206
Himachal Pradesh,Santokhgarh,174301,IN,11207
Maharashtra,Vasai(W),401201,IN,11208
Tamil Nadu,Kaliakkavila Maruthancode,629153,IN,11209
Telangana,Manakondur,505469,IN,11210
Uttarakhand,Dehradun 248001,248001,IN,11211
Rajasthan,Todabhim,321611,IN,11212
Maharashtra,Dombivli West 421202,421202,IN,11213
Haryana,Ambala,133202,IN,11214
Tamil Nadu,Ezhudesam,629154,IN,11215
Odisha,Balasore,756046,IN,11216
Karnataka,"Huvinahadagali (Tq),, Ballari (D)",583217,IN,11217
Punjab,Ludhiana,141116,IN,11218
Kerala,Ernakullam,682024,IN,11219
Odisha,Soro,756046,IN,11220
Gujarat,Sihor,364240,IN,11221
Delhi,Tri Nagar,110035,IN,11222
Jammu & Kashmir,Jammu,181121,IN,11223
Uttar Pradesh,Anandnagar,273155,IN,11224
Kerala,Calicut,673005,IN,11225
Odisha,Boudh,762014,IN,11226
Maharashtra,Singnapur Kopargaon,423601,IN,11227
Kerala,Chittur,678510,IN,11228
Kerala,Kannur,670705,IN,11229
Andhra Pradesh,Kurnool,518543,IN,11230
Maharashtra,"Kalyan, Thane",421102,IN,11231
Odisha,Golabandha,761052,IN,11232
Kerala,Punalur,691331,IN,11233
Punjab,Dhar Kalan,145001,IN,11234
Uttar Pradesh,Agra,282008,IN,11235
Rajasthan,Behror,301701,IN,11236
Andhra Pradesh,Guntur,522019,IN,11237
Chhattisgarh,Dantewada,494115,IN,11238
West Bengal,Sonatikiri,743245,IN,11239
Jharkhand,Nagri Kalan,828113,IN,11240
West Bengal,Jaynagar Mazilpur,743337,IN,11241
Andhra Pradesh,Vizianagaram,535006,IN,11242
Tamil Nadu,Namakkal,637020,IN,11243
Himachal Pradesh,"Nahan, Sirmour",173001,IN,11244
Kerala,Chelora,670006,IN,11245
Telangana,Peddapalli District,505215,IN,11246
Tamil Nadu,"Nagercoil-4, 629004",629004,IN,11247
West Bengal,Farakka Barrage Township,742202,IN,11248
Bihar,Sonbarsa,843330,IN,11249
Madhya Pradesh,Chitrakoot,485334,IN,11250
Uttar Pradesh,Lucknow Cantt,226002,IN,11251
Kerala,Enathu,691526,IN,11252
Uttar Pradesh,Bisalpur,248870,IN,11253
Goa,Chimbelpanjim,403006,IN,11254
Andhra Pradesh,Hyderabad,500034,IN,11255
West Bengal,Badkulla,741121,IN,11256
Bihar,Nalanda,803101,IN,11257
Tamil Nadu,Dindigul,624601,IN,11258
Gujarat,Gandhinagar,382042,IN,11259
Karnataka,Bangalore,560012,IN,11260
Goa,Vasco-Da-Gama,403802,IN,11261
Maharashtra,"Mira Bhayandar,Thane",401101,IN,11262
Delhi,Delhi,110021,IN,11263
Maharashtra,"Walkeshwar,Mumbai",400006,IN,11264
Uttar Pradesh,Gautam Buddha Nagar,201307,IN,11265
West Bengal,Panchla,711322,IN,11266
Maharashtra,Ulhasnager,421004,IN,11267
Karnataka,Davanagere,577221,IN,11268
Tamil Nadu,Edappadi,637101,IN,11269
Uttar Pradesh,Noida Gautam Buddha Nagar,201309,IN,11270
Kerala,"Tirurangadi, Malappuram",676306,IN,11271
Kerala,"Vazhakkala  , Kochi",682030,IN,11272
Rajasthan,Rupbas,321302,IN,11273
Chhattisgarh,Bhilai,490024,IN,11274
Maharashtra,Vasai Virar,401210,IN,11275
Kerala,Kanhangad,671315,IN,11276
Kerala,Kochi,683106,IN,11277
Kerala,Kanjiramkulam,695526,IN,11278
Kerala,Vaikom,686141,IN,11279
Bihar,Sheosagar,821111,IN,11280
Punjab,Rajpura,140402,IN,11281
Telangana,Secendrabad,500062,IN,11282
Goa,Mapusa,403502,IN,11283
Kerala,Kothamangalam,686671,IN,11284
Uttar Pradesh,Ghaziabadsahibabad,201005,IN,11285
Rajasthan,Udaipurwati Jhunjhunu,333307,IN,11286
Uttar Pradesh,Kadipur,228161,IN,11287
Kerala,Beypore,673655,IN,11288
Maharashtra,Palghar,401201,IN,11289
Assam,Diphu,782462,IN,11290
Karnataka,Sagar,577412,IN,11291
Uttar Pradesh,Parikshitgarh,250406,IN,11292
Kerala,Kalamassery,682033,IN,11293
Kerala,Payyanur,670327,IN,11294
Odisha,Hemgir,770024,IN,11295
Punjab,Jalandhar,144031,IN,11296
Kerala,Alathur,678703,IN,11297
Karnataka,Kollegal,571443,IN,11298
Karnataka,Vijaypur,586103,IN,11299
Maharashtra,Chunchale Tal Chopda Dis Jalgaon,425107,IN,11300
Puducherry,Nellithope,605005,IN,11301
Himachal Pradesh,Renuka,173022,IN,11302
Delhi,New Delhi 110034,110056,IN,11303
Gujarat,Kheda,388421,IN,11304
Bihar,Begusarai,851116,IN,11305
Uttarakhand,Jakholi,246475,IN,11306
Maharashtra,Kurduwadi,413208,IN,11307
Tamil Nadu,Chengelpet,603203,IN,11308
Andhra Pradesh,Vizianagaram,535568,IN,11309
Uttarakhand,Dehradun,249204,IN,11310
West Bengal,Couch Behar,736101,IN,11311
Odisha,Raighar,764074,IN,11312
Kerala,Koratty,680309,IN,11313
Kerala,Kochi,682510,IN,11314
Odisha,Khorda,751015,IN,11315
Tamil Nadu,"Tirupathur , Tirupattur District",635601,IN,11316
Jharkhand,Dhanbad,828101,IN,11317
Kerala,"Ernakulam,Aluva",683106,IN,11318
Odisha,Cuttack,754207,IN,11319
Manipur,Imphal Town,795001,IN,11320
West Bengal,Near Counselor House Basanti Dey Biswas,700049,IN,11321
Uttarakhand,Nainital,263139,IN,11322
Assam,Guwahati,781121,IN,11323
Maharashtra,"Tal. Shahapur, Dist. Thane",421601,IN,11324
Tamil Nadu,Keezhkulam,629193,IN,11325
Telangana,Utnur,504311,IN,11326
Madhya Pradesh,Bargawan,486886,IN,11327
Rajasthan,Dhaulpur,328027,IN,11328
Maharashtra,Junnar Pune,412412,IN,11329
Maharashtra,Khopoli,410202,IN,11330
Punjab,Firozpur,152113,IN,11331
Uttarakhand,"Chakrata Road, Dehradun",248006,IN,11332
Rajasthan,Tonk,304022,IN,11333
Puducherry,Pondicherry,605004,IN,11334
Bihar,Barauli,841405,IN,11335
Kerala,Chovva,670006,IN,11336
Uttar Pradesh,Menhdawal,272154,IN,11337
Madhya Pradesh,Katni,482001,IN,11338
Arunachal Pradesh,Jairampur,792121,IN,11339
Tamil Nadu,Marudur,639107,IN,11340
Kerala,Kattanam,690505,IN,11341
Jharkhand,Ranchi,835303,IN,11342
Kerala,Kannur,670010,IN,11343
Kerala,Ambalapuzha,688005,IN,11344
Delhi,New Delhidelhi,110095,IN,11345
Rajasthan,Nagaur,341305,IN,11346
Maharashtra,"Magarpatta City , Pune",411028,IN,11347
Kerala,"Edapally, Cochin",682033,IN,11348
Maharashtra,Mumbai,401105,IN,11349
Himachal Pradesh,Theog,171209,IN,11350
Karnataka,Bangalore-78,560078,IN,11351
Tamil Nadu,"Orathanad Taluk, Thanjavur Dt",614905,IN,11352
Goa,Bicholim,403503,IN,11353
Kerala,Azhiyur,673309,IN,11354
Telangana,"Rudraram, Hyderabad",502329,IN,11355
Jharkhand,Kathhara,829116,IN,11356
Kerala,Palakkad,678633,IN,11357
Punjab,Jalandhar,144014,IN,11358
Maharashtra,Talegaon Dabhade Pune,410506,IN,11359
Uttar Pradesh,Greater Noida West (Noida Extension),201306,IN,11360
West Bengal,Kolkata 700063,700063,IN,11361
Kerala,Athiyannur,695501,IN,11362
Odisha,Talcher,759116,IN,11363
West Bengal,Khatra,722140,IN,11364
Bihar,Madhepura,852210,IN,11365
Delhi,East Delhi,110053,IN,11366
Kerala,Nileshwaram,671314,IN,11367
Himachal Pradesh,Badsar,174305,IN,11368
Kerala,Alappuzha,688505,IN,11369
Maharashtra,Karkamb,413302,IN,11370
Kerala,Trivandrum,695004,IN,11371
Assam,Balipara,784101,IN,11372
Andhra Pradesh,Inkollu,523190,IN,11373
Andhra Pradesh,Amadalavalasa,532185,IN,11374
Telangana,Hyderabad-500018,500018,IN,11375
Uttar Pradesh,Chandausi Dist.Sambhal,244412,IN,11376
West Bengal,Kolkatakolkata,700014,IN,11377
Gujarat,Vaghodia,391760,IN,11378
Kerala,"Kottarakara, Kollam",691506,IN,11379
Kerala,Kannur,670101,IN,11380
Telangana,Miyapur Hyderabad,500049,IN,11381
Madhya Pradesh,Tirodi,481449,IN,11382
Andhra Pradesh,Kallur,518218,IN,11383
Tamil Nadu,Koothanallur,614101,IN,11384
Punjab,Alawalpur,144301,IN,11385
Manipur,Imphacity,795001,IN,11386
Kerala,Palakkad,678553,IN,11387
Delhi,New Usmanpur 1 Pusta,110053,IN,11388
Kerala,Kanjikode Industrial Area,678621,IN,11389
Tamil Nadu,Nagercoil -  2,629002,IN,11390
Assam,Guwahati In,781038,IN,11391
Tamil Nadu,Mangalam,641663,IN,11392
Maharashtra,Thane - West,400607,IN,11393
West Bengal,Bardhaman,713103,IN,11394
Karnataka,Mysore,570026,IN,11395
Kerala,Kochi,682314,IN,11396
Uttar Pradesh,Sagri,276135,IN,11397
Odisha,Bhubaneswar,752050,IN,11398
Bihar,Sitamarhi,843314,IN,11399
Rajasthan,Jaipur,302011,IN,11400
Himachal Pradesh,Mandi,175106,IN,11401
Uttarakhand,Pantnagar,263145,IN,11402
Karnataka,Badami,587201,IN,11403
Karnataka,Bijapur,586101,IN,11404
Punjab,Jalandhar,144023,IN,11405
Maharashtra,Sonpeth,431516,IN,11406
Gujarat,Ahemedabad,382424,IN,11407
Kerala,"Medical College , Calicut",673008,IN,11408
Goa,Quepem,403714,IN,11409
Telangana,C.C.C Naspur,504302,IN,11410
Arunachal Pradesh,Hapoli,791120,IN,11411
Uttar Pradesh,Shahabad Hardoi District,241124,IN,11412
Andhra Pradesh,Perecherla,522005,IN,11413
Bihar,"Habibpur,Bhagalpur",812005,IN,11414
Himachal Pradesh,Barmana,174013,IN,11415
Kerala,Thrissur,680013,IN,11416
Arunachal Pradesh,Changlang,792122,IN,11417
Himachal Pradesh,Shimla-717009,171009,IN,11418
Tamil Nadu,Pallipalayam,638006,IN,11419
Telangana,Mulakalapally,507115,IN,11420
Goa,Honda,403505,IN,11421
Uttarakhand,Pantnagar,263148,IN,11422
Rajasthan,Ajmer,305003,IN,11423
Uttar Pradesh,Unnao,226301,IN,11424
Kerala,Thiruvananthapuram,695504,IN,11425
Andhra Pradesh,Kadapa,516259,IN,11426
Bihar,Bakhtiarpur,803212,IN,11427
Karnataka,"Haralur, Bengaluru",560068,IN,11428
Kerala,Chiramanangad,680519,IN,11429
Uttar Pradesh,Sikandra Allahabad District,212109,IN,11430
Jammu & Kashmir,Sopore,193201,IN,11431
Maharashtra,Dombivili East,421203,IN,11432
Gujarat,Atkot,360040,IN,11433
Maharashtra,Andheri E,400072,IN,11434
Madhya Pradesh,Sirmaur,486448,IN,11435
Kerala,Kolazhy,680008,IN,11436
Karnataka,Turuvekere,572227,IN,11437
Rajasthan,Gotan,342902,IN,11438
Tamil Nadu,Nagamalaipudukottai,625019,IN,11439
Maharashtra,"Mulund ( West), Mumbai, Pin 400080",400080,IN,11440
Gujarat,"Ellora Park, Vadodara",390007,IN,11441
Andhra Pradesh,Musunuru,521213,IN,11442
Assam,Nagaon,782138,IN,11443
Uttarakhand,Dehradund,248008,IN,11444
Punjab,New Chandigarh,140301,IN,11445
Gujarat,Vagra,392140,IN,11446
Kerala,"Edat, Payyanur,Kannur",670327,IN,11447
Maharashtra,Ratnagiri,415639,IN,11448
Maharashtra,Palus,416310,IN,11449
Tamil Nadu,Vellore,632515,IN,11450
Gujarat,Ahmedabad,380018,IN,11451
Maharashtra,Dharangaon Dist Jalgaon,425105,IN,11452
Andhra Pradesh,Tiruvuru,521235,IN,11453
West Bengal,Uttar Madarihat,735220,IN,11454
Tamil Nadu,Kaveripakkam,632508,IN,11455
Haryana,Sukhrali Sec 17C Gurgaon,122001,IN,11456
Kerala,Erattayar,685514,IN,11457
Kerala,Kasaragod,671531,IN,11458
Maharashtra,Tarapur,401506,IN,11459
Tamil Nadu,Pollachi,642005,IN,11460
Assam,"Silchar, Cachar",788014,IN,11461
Gujarat,"Chandkheda, Ahmedabad",382424,IN,11462
Goa,"Mapusa, Bardez",403507,IN,11463
Tamil Nadu,"Udumalpet, Tirupur",642207,IN,11464
Maharashtra,"Goregaon West, Mumbai 400062",400062,IN,11465
Kerala,Kothamangalam,686693,IN,11466
Kerala,Desamangalam,679532,IN,11467
Uttarakhand,Laksar,247663,IN,11468
Goa,Corlim,403110,IN,11469
Karnataka,Bangalore,560042,IN,11470
Bihar,Jogbani Araria Bihar,854328,IN,11471
Maharashtra,Ahmedanagar,414003,IN,11472
Gujarat,Surat,394315,IN,11473
Karnataka,Yadgir,585201,IN,11474
Chhattisgarh,Ambagarh Chowki,491665,IN,11475
Punjab,Mohali,160066,IN,11476
Sikkim,Namchi Bazaar,737126,IN,11477
West Bengal,Chandpara,743245,IN,11478
Punjab,Dhakholi,140603,IN,11479
Kerala,Mavelikkara,690570,IN,11480
Assam,"Guwahati,",781028,IN,11481
Karnataka,"Kaggalipura, Bengaluru",560082,IN,11482
Madhya Pradesh,Obaidullaganj,464993,IN,11483
Haryana,Jagadhari,135003,IN,11484
Odisha,Kendujhar,758046,IN,11485
Assam,Silchar,788014,IN,11486
Tamil Nadu,Coimbatore,641031,IN,11487
Gujarat,Nadiad,387350,IN,11488
Telangana,"Makthal,Narayanpet Dist",509208,IN,11489
Maharashtra,Devrukh,415804,IN,11490
Bihar,Begusarai,851217,IN,11491
Uttar Pradesh,Etawah,205253,IN,11492
Kerala,Arangottukara,679532,IN,11493
Gujarat,Deodar,385330,IN,11494
Andhra Pradesh,Gudur,524410,IN,11495
Tamil Nadu,Ammapettai Thanjavur District,614401,IN,11496
Tamil Nadu,Melpakkam,631002,IN,11497
West Bengal,Purba Medinipur,721131,IN,11498
Puducherry,Pondicherry,605008,IN,11499
Punjab,Pathankot Lamini,145001,IN,11500
Jammu & Kashmir,Bijbehara,192124,IN,11501
Rajasthan,Jaipur,303706,IN,11502
Maharashtra,Aurangabad,431116,IN,11503
Karnataka,Dharwad,580009,IN,11504
Haryana,"Narwana, Jind",126116,IN,11505
Delhi,Delhi,110063,IN,11506
Uttar Pradesh,Greater Noida,201003,IN,11507
Jammu & Kashmir,Jammu,181111,IN,11508
Andhra Pradesh,Chittoor,517257,IN,11509
Himachal Pradesh,Junga,171218,IN,11510
Rajasthan,Niwai Industrial Area,304021,IN,11511
Tamil Nadu,Karapakkam Chennai,600097,IN,11512
Bihar,Benipatti,847102,IN,11513
Punjab,"Doraha, District Ludhiana.",141421,IN,11514
Uttar Pradesh,"Noida, Sec -44",201301,IN,11515
Bihar,Supaul,852137,IN,11516
Himachal Pradesh,Indora,176402,IN,11517
Andhra Pradesh,Visakhapatnam,531021,IN,11518
Kerala,Avinissery,680027,IN,11519
West Bengal,Naihati,743166,IN,11520
Punjab,Chandigarh,160103,IN,11521
Maharashtra,Gangapur,431109,IN,11522
West Bengal,Tamluk,721648,IN,11523
Maharashtra,"Pimpri, Pune",411018,IN,11524
Gujarat,Wadhwan,363030,IN,11525
Kerala,Kannur,670009,IN,11526
Bihar,Tola Mansaraut,845438,IN,11527
Kerala,Thazhuthala,691304,IN,11528
Maharashtra,Kopargaon,423601,IN,11529
Uttar Pradesh,Mahrajganj Azamgarh District,276137,IN,11530
Maharashtra,Kalyan (W),421301,IN,11531
Rajasthan,Kekri,305404,IN,11532
Karnataka,Belagavi,590008,IN,11533
Karnataka,Goliyangdi,576212,IN,11534
West Bengal,Darjeeling,734436,IN,11535
Andhra Pradesh,Yenamadurru,534239,IN,11536
Kerala,Tanalur,676307,IN,11537
Maharashtra,Bhandara Road,441906,IN,11538
Odisha,"Bhubaneswar,",751012,IN,11539
Karnataka,Bengalore,560043,IN,11540
Rajasthan,Bidasar,331501,IN,11541
Uttar Pradesh,Noida,201302,IN,11542
Andhra Pradesh,Kadapa,516004,IN,11543
West Bengal,Hooghly,712410,IN,11544
Himachal Pradesh,Kangra,176088,IN,11545
Goa,Salcete,403725,IN,11546
Andhra Pradesh,Pamur,523110,IN,11547
Karnataka,Venkatapura,581354,IN,11548
Kerala,Muvattupuzha,686668,IN,11549
Delhi,New Delhi,110090,IN,11550
Punjab,Tanda,144204,IN,11551
Uttar Pradesh,Amethi,227405,IN,11552
Odisha,Lanjigarh Road,766110,IN,11553
Telangana,Chirch Compond,507001,IN,11554
Uttar Pradesh,"Saifai, Etawah",206130,IN,11555
Andhra Pradesh,Tenali,522306,IN,11556
Maharashtra,Kalyan(W),421301,IN,11557
Madhya Pradesh,"Pandhurna,",480334,IN,11558
West Bengal,Malda,732124,IN,11559
Karnataka,Bangalore,560019,IN,11560
Gujarat,Chhapi,385210,IN,11561
Maharashtra,Ahmednagar,414111,IN,11562
Uttar Pradesh,Budhana,251305,IN,11563
Telangana,Nalgonda,508112,IN,11564
Karnataka,Mangalore,575016,IN,11565
Kerala,Manjummel,683501,IN,11566
Bihar,Sheikhpura,811105,IN,11567
Himachal Pradesh,District Kangra Tehsil. Dheera,176084,IN,11568
Madhya Pradesh,Rewa,486002,IN,11569
Kerala,"Kuttur, Thrissur",680013,IN,11570
Kerala,Chittur,678556,IN,11571
Maharashtra,Chimur,442903,IN,11572
Kerala,Ponmundam,676106,IN,11573
Kerala,Mahe,673310,IN,11574
Tamil Nadu,Tirumangalam,625706,IN,11575
Assam,Cachar,788005,IN,11576
Kerala,"Aluva, Ernakulam",683502,IN,11577
Kerala,Kuthiathode,688532,IN,11578
Kerala,Karunagappally,690523,IN,11579
West Bengal,Matelli,735223,IN,11580
Uttar Pradesh,Nivi,212107,IN,11581
Kerala,Alathur,678573,IN,11582
Tamil Nadu,Kanchipuram,603103,IN,11583
Arunachal Pradesh,Roing,792110,IN,11584
Maharashtra,Dombivali (West) -421202,421202,IN,11585
Uttar Pradesh,Allahabad,221508,IN,11586
Jammu & Kashmir,Reasi,182312,IN,11587
Kerala,Kollam,691009,IN,11588
West Bengal,Swarupnagar Ps,743247,IN,11589
Himachal Pradesh,"Alampur, Kangra",176082,IN,11590
Punjab,Patiala,147201,IN,11591
Andhra Pradesh,"Yendada, Visakhapatnam",530045,IN,11592
Uttar Pradesh,Sandila,241204,IN,11593
Andhra Pradesh,Tekkali,532201,IN,11594
Karnataka,Manipura Dendoorkatte,576120,IN,11595
Delhi,New Delhi 110076,110076,IN,11596
Jharkhand,Ramgarh,829150,IN,11597
Tamil Nadu,Nazerath,628617,IN,11598
Bihar,Purnea,854204,IN,11599
Andhra Pradesh,Hyderabad,500033,IN,11600
Madhya Pradesh,Jabalpur,482020,IN,11601
Maharashtra,Satara,415523,IN,11602
Maharashtra,Latur,413521,IN,11603
Goa,Velsao Falvaddo,403712,IN,11604
Maharashtra,Kolhapur,416210,IN,11605
Haryana,Ateli,123021,IN,11606
Rajasthan,Rajgarh Churu District,331023,IN,11607
Maharashtra,Varangaon,425308,IN,11608
Maharashtra,Thane,401209,IN,11609
Madhya Pradesh,Narsingarh,470675,IN,11610
Uttar Pradesh,Daurala,250221,IN,11611
Maharashtra,Vasai Road(West),401202,IN,11612
Kerala,Kuttemperoor,689623,IN,11613
Jammu & Kashmir,Srinagar City,190011,IN,11614
Tamil Nadu,Udaiyalur,612804,IN,11615
Uttar Pradesh,Konch,285205,IN,11616
West Bengal,"116  B. P. M. B Sarani, Uttarpara Kotrung",712232,IN,11617
Bihar,Khusrupur,803202,IN,11618
Gujarat,Mahesana,382730,IN,11619
West Bengal,Calcutta,700099,IN,11620
Rajasthan,Neemrana,301714,IN,11621
West Bengal,Koch Bihar,736171,IN,11622
Telangana,City & Mandal : Koratla ;(District: Jagtial Dist.),505326,IN,11623
Maharashtra,"Bhusawal,",425201,IN,11624
Karnataka,Bantval,574260,IN,11625
Punjab,Jalandhar,144101,IN,11626
Manipur,Imphal,795140,IN,11627
Maharashtra,"Bhamragad, Gadchiroli",442710,IN,11628
Goa,North Goa,403502,IN,11629
Jharkhand,Bokaro Steel City,829301,IN,11630
Karnataka,Madhugiri,572132,IN,11631
Goa,South Goa,403804,IN,11632
Maharashtra,Mahabaleshwar,412806,IN,11633
Maharashtra,Mumbai-400001,400001,IN,11634
Haryana,Kurukshetra,136131,IN,11635
Odisha,Sundargarh,770019,IN,11636
Telangana,Koheda,505473,IN,11637
Tamil Nadu,Anthiyur,638314,IN,11638
Jammu & Kashmir,Pampora,192121,IN,11639
Tamil Nadu,Tambaram,600132,IN,11640
Maharashtra,Pune.,411037,IN,11641
Kerala,Mannarkad,678591,IN,11642
Chhattisgarh,Jaitpuri Patelpara,494226,IN,11643
Kerala,Pulimath Kilimanoor,695612,IN,11644
Tamil Nadu,Puduvayal,630108,IN,11645
Gujarat,Modasa,383315,IN,11646
Kerala,Chathannoor.,691579,IN,11647
Maharashtra,"Murbad,Thane",421401,IN,11648
Tamil Nadu,Vettaikaranpudur,642103,IN,11649
Madhya Pradesh,Bareli,464668,IN,11650
Bihar,Jhanjharpur,847404,IN,11651
Maharashtra,Raigarh,410209,IN,11652
Tamil Nadu,"Kalaiyarkoil, Sivaganga District",630551,IN,11653
Maharashtra,"Chembur (East), Mumbai",400071,IN,11654
Karnataka,Belgaum,591109,IN,11655
Karnataka,Kalghatgi,581204,IN,11656
Karnataka,Davanagere,577145,IN,11657
Kerala,Malappuram,676519,IN,11658
Karnataka,Vittal,574243,IN,11659
Odisha,"Talcher,Angul",759100,IN,11660
Jharkhand,Jamshedpur,832107,IN,11661
Maharashtra,"Dombivali Midc, Thane",421201,IN,11662
West Bengal,Durgapur,713208,IN,11663
Maharashtra,Satara,415110,IN,11664
Rajasthan,Jaipur,303012,IN,11665
West Bengal,Teleni Para,700121,IN,11666
Maharashtra,Pune,410503,IN,11667
Maharashtra,Savner,441107,IN,11668
Kerala,Idukki,685604,IN,11669
Punjab,Jaitu,151202,IN,11670
Rajasthan,Kherwara Chhaoni,313803,IN,11671
Rajasthan,Chittorgarh,323307,IN,11672
Karnataka,"Ullal, Deralakatte",575018,IN,11673
Odisha,Tangi,752027,IN,11674
Odisha,Mayurbhanj,757020,IN,11675
Maharashtra,Mulund West,400082,IN,11676
Tamil Nadu,Coimbatore,641039,IN,11677
Tamil Nadu,Ooty,643004,IN,11678
Uttar Pradesh,Sant Kabir Nagarlucknow,226004,IN,11679
Uttar Pradesh,Kewalpur Bahraich,271881,IN,11680
Punjab,Sangrur,148023,IN,11681
Maharashtra,Neral,410101,IN,11682
Maharashtra,Virar W,401303,IN,11683
Andhra Pradesh,Srikakulam,532005,IN,11684
Kerala,Pavaratty,680511,IN,11685
Tamil Nadu,Thirumangalam,625706,IN,11686
Andhra Pradesh,Visakhapatnam,531023,IN,11687
Rajasthan,Jaipur,302037,IN,11688
Bihar,Patna,801102,IN,11689
Maharashtra,"Pimpri Chinchwad, Pune",411033,IN,11690
Jharkhand,Mahagma,814154,IN,11691
Bihar,Patna,801506,IN,11692
Tamil Nadu,Alagappapuram,629401,IN,11693
Uttar Pradesh,Khairabad Sitapur District,261131,IN,11694
Gujarat,Bareja,382425,IN,11695
Maharashtra,"Igatpuri ,Nasik District",422403,IN,11696
Karnataka,Kampli,583132,IN,11697
Bihar,Patna,800005,IN,11698
Andhra Pradesh,Chittoor,517214,IN,11699
Tamil Nadu,Kalpakam,603102,IN,11700
Delhi,Delhi,110010,IN,11701
Kerala,Nadakkavu,682307,IN,11702
Maharashtra,"Chembur East, Mumbai",400071,IN,11703
Telangana,Boduppal,500092,IN,11704
Kerala,Pathanamthitta,689645,IN,11705
Maharashtra,Kolhar Bk. Taluka Rahta,413710,IN,11706
Tamil Nadu,Theni District,625601,IN,11707
Delhi,Delhi,110066,IN,11708
Haryana,Sonipat,131103,IN,11709
Uttar Pradesh,Sultanpur,227806,IN,11710
Odisha,Jeypore,764003,IN,11711
Kerala,Alappuzha,688011,IN,11712
Gujarat,Halvad,363330,IN,11713
Maharashtra,"Thakurli, Dist Thane",421201,IN,11714
Jharkhand,Phusro,825102,IN,11715
Uttar Pradesh,Kanpur Nagar,208027,IN,11716
Maharashtra,"Mulund West, Mumbai",400080,IN,11717
Kerala,Kottayampoil,670643,IN,11718
Kerala,Tirur,676307,IN,11719
Maharashtra,"Vasai West, Palghar District",401202,IN,11720
Punjab,Phillaur Dist. Jalandhar,144035,IN,11721
Andhra Pradesh,Palakonda/Srikakulam(Dist),532460,IN,11722
Tamil Nadu,Guduvancherry,603202,IN,11723
Telangana,Yerrabalem,507201,IN,11724
Tamil Nadu,Vellore,635805,IN,11725
Kerala,"Palarivattom, Ernakulam",682025,IN,11726
Andhra Pradesh,Nadakuduru,533016,IN,11727
Tamil Nadu,Kilvelur,611104,IN,11728
Kerala,Kottayam,686521,IN,11729
Gujarat,Virpur,388260,IN,11730
Punjab,Ferozepur,152002,IN,11731
Madhya Pradesh,Hatta,470775,IN,11732
Kerala,Narath,670601,IN,11733
Gujarat,Ahmedabad,382422,IN,11734
Kerala,Thiruvananthapuram,695512,IN,11735
Goa,Savlem Pilerne,403114,IN,11736
Odisha,Jajapur,755007,IN,11737
Goa,"Santa Cruz, Ilhas",403005,IN,11738
Kerala,Thrissur,680101,IN,11739
Karnataka,Kengeri,560074,IN,11740
Haryana,Ganaur,131101,IN,11741
Jharkhand,Cip Hospital Kanke Q No N3 14 Ranchi,834006,IN,11742
Maharashtra,Mumbai 40092,400092,IN,11743
Delhi,Nangloi,110041,IN,11744
Jharkhand,Koderma,825318,IN,11745
Tamil Nadu,"Chrompet, Chennai",600064,IN,11746
Maharashtra,Raigarh,410218,IN,11747
Kerala,Pathanamthitta,689643,IN,11748
Kerala,Kollam,691304,IN,11749
Tamil Nadu,Nagapattinam,609807,IN,11750
Uttar Pradesh,Jarwal,271904,IN,11751
Tamil Nadu,Chennai Thiruvallur District,600095,IN,11752
Rajasthan,Ganganagar,335711,IN,11753
Madhya Pradesh,Barghat,480667,IN,11754
Uttar Pradesh,Tarun,224195,IN,11755
Madhya Pradesh,Badnagar,456771,IN,11756
Karnataka,"Brahmavar, Udupi",576213,IN,11757
Kerala,"Infopark Road, Infopark, Kakkanad",682030,IN,11758
Maharashtra,Bramhapuri,441206,IN,11759
Bihar,Tikari,824236,IN,11760
Gujarat,Baroda,391740,IN,11761
Bihar,Daudnagar,824143,IN,11762
Gujarat,Opposite Air Force Station,370001,IN,11763
Delhi,Delhi,110031,IN,11764
Uttar Pradesh,Bakshi Ka Talab,226201,IN,11765
Tamil Nadu,"Maduravoil,Chennai",600087,IN,11766
Uttar Pradesh,Achhnera,283101,IN,11767
Maharashtra,Balapur Midc,444109,IN,11768
Maharashtra,Badnapur,431202,IN,11769
Kerala,Cherthala,688582,IN,11770
West Bengal,Kolkata,700122,IN,11771
Tamil Nadu,Thorapadi,607108,IN,11772
Madhya Pradesh,Khacharod,456224,IN,11773
Tripura,Dukli,799130,IN,11774
Kerala,Ernakulam,682011,IN,11775
Gujarat,Anand,388320,IN,11776
Uttar Pradesh,Sadabad,281306,IN,11777
Tamil Nadu,Salem,636141,IN,11778
Karnataka,"Krishnaraja Nagara, Mysore",571602,IN,11779
Jharkhand,Chatra,825408,IN,11780
Uttar Pradesh,"Aligang, Lucknow",226020,IN,11781
Punjab,Lehragaga,148031,IN,11782
West Bengal,Malda,732138,IN,11783
Bihar,Khagaria,851213,IN,11784
Tamil Nadu,Kundrathur Chennai,600069,IN,11785
West Bengal,Payradanga,741247,IN,11786
West Bengal,Asansol,713337,IN,11787
Jharkhand,Chandil,832401,IN,11788
Kerala,Pattambi,679307,IN,11789
Tamil Nadu,"Polur Taluk, Thiruvannamalai District, 606903",606903,IN,11790
Tamil Nadu,Kanchipuram,603001,IN,11791
Gujarat,Olpad,394540,IN,11792
West Bengal,Calcutta,700042,IN,11793
West Bengal,Chakapara,711203,IN,11794
Kerala,Palakkad,678555,IN,11795
Karnataka,Ramdurg - Belgavi,591123,IN,11796
Tamil Nadu,Tenkasi,627861,IN,11797
Goa,Cansaulim,403712,IN,11798
West Bengal,Kolkata,700159,IN,11799
Tamil Nadu,Chengalpattu,603102,IN,11800
West Bengal,Kolkata,712302,IN,11801
Uttar Pradesh,Amethi,227811,IN,11802
Tamil Nadu,Arumbavur,621103,IN,11803
Tamil Nadu,Mannargudi,614014,IN,11804
Rajasthan,Khetri Nagar,333504,IN,11805
Maharashtra,Ravet Pune,412101,IN,11806
Odisha,Jajpur,755051,IN,11807
Uttar Pradesh,Ambedkar Nagar,224149,IN,11808
Bihar,Madhubani,847401,IN,11809
Madhya Pradesh,Amarpatan,485775,IN,11810
Andhra Pradesh,Thallur,523264,IN,11811
Assam,Golaghat,785702,IN,11812
Uttar Pradesh,Karhal,205264,IN,11813
Punjab,Banur,140601,IN,11814
Maharashtra,Wai,412803,IN,11815
Kerala,"South Kalamassery, Ernakulam",683109,IN,11816
Kerala,Kulathummal,695507,IN,11817
Andhra Pradesh,Vizianagaram,535578,IN,11818
Maharashtra,Dapoli Camp,415712,IN,11819
Maharashtra,Saswad,412301,IN,11820
Rajasthan,"Piprali, Sikar",332027,IN,11821
Odisha,Rupra Road,766101,IN,11822
Madhya Pradesh,Dhamnod,454552,IN,11823
Kerala,"Pudukad Po, Thrissur",680301,IN,11824
Madhya Pradesh,Mehidpur Road,456440,IN,11825
Uttar Pradesh,Tanda Ambedkar Nagar District,224190,IN,11826
Odisha,Ganjam,760001,IN,11827
Kerala,Kottayam,686012,IN,11828
Bihar,Ghoghardiha,847402,IN,11829
Gujarat,Navsari Surat,396560,IN,11830
Odisha,Anandapur,758015,IN,11831
Tamil Nadu,Dindigul,624802,IN,11832
West Bengal,North 24 Parganas,700131,IN,11833
Tamil Nadu,Tiruchengode,637214,IN,11834
Kerala,Pattambi Palakkad,679303,IN,11835
Andhra Pradesh,Tenali,522313,IN,11836
Gujarat,Bopal Ahmedabad,380058,IN,11837
Maharashtra,"Goregaon East, Mumbai -  400097",400097,IN,11838
Jammu & Kashmir,"Katra, District Reasi",182301,IN,11839
Maharashtra,"Pune,",411001,IN,11840
Himachal Pradesh,Dharamshala,176057,IN,11841
Chhattisgarh,Ratanpur,495442,IN,11842
Andhra Pradesh,Palasa Kasibugga,532221,IN,11843
Tamil Nadu,Dindigul,624215,IN,11844
Karnataka,Banglore,560060,IN,11845
Uttarakhand,Kapkot,263642,IN,11846
Rajasthan,Alwar,301019,IN,11847
Madhya Pradesh,Raghogarh,473110,IN,11848
Karnataka,Beltangadi,574236,IN,11849
Tamil Nadu,Thiruvanamalai,606753,IN,11850
Kerala,Adichanalloor,691572,IN,11851
Uttar Pradesh,Ghughuli,273151,IN,11852
West Bengal,Baguihati,700059,IN,11853
Kerala,"Chovva,Kannur",670006,IN,11854
Jharkhand,Jamshedpur,832109,IN,11855
Karnataka,Channarayapatna,573116,IN,11856
Odisha,Baleshwar,756027,IN,11857
Kerala,Kureekkad,682312,IN,11858
Maharashtra,Thane (W),400607,IN,11859
West Bengal,Mathurapur,743354,IN,11860
Goa,Tisk-Usgao,403406,IN,11861
Andhra Pradesh,Krishna,521201,IN,11862
Telangana,Nizambadh,503185,IN,11863
Tripura,Kumarghat,799288,IN,11864
Tamil Nadu,"Addision Nagar, Mangadu",600056,IN,11865
Andhra Pradesh,Kurnool,518007,IN,11866
Kerala,Calicut,673631,IN,11867
West Bengal,Bardhaman,713331,IN,11868
Kerala,Kollam,691503,IN,11869
Uttarakhand,Pauri,246194,IN,11870
West Bengal,Shyamdhan,734427,IN,11871
Tamil Nadu,Puthukdai,629171,IN,11872
Kerala,Thiruvallam,695027,IN,11873
Kerala,Kanjikkuzhi,688523,IN,11874
Karnataka,Dakshina Kannada District,574219,IN,11875
Karnataka,Mysuru,570034,IN,11876
Madhya Pradesh,Chhindwara,480106,IN,11877
Andhra Pradesh,Muttukuru,524344,IN,11878
Karnataka,Sidco Industrial Estate Kittur Belagavi,591115,IN,11879
Karnataka,Kumta,581440,IN,11880
Goa,Bardez,403513,IN,11881
Kerala,Ngo Quarters,673012,IN,11882
Tamil Nadu,Singanallur Coimbatore,641005,IN,11883
Punjab,S. A . S Nagar,160062,IN,11884
Rajasthan,Mount Abu,307501,IN,11885
Tamil Nadu,Cuddalore,607105,IN,11886
West Bengal,Rajarhat New Town Action Area 3,700135,IN,11887
Kerala,Malappuram,679571,IN,11888
Maharashtra,Thane-(W),400602,IN,11889
Maharashtra,Sawantwadi,416511,IN,11890
Kerala,Kannadiparamba,670604,IN,11891
Maharashtra,Palghar,401303,IN,11892
Karnataka,Arsikere,573112,IN,11893
Tamil Nadu,Siruseri,603103,IN,11894
Kerala,Venganoor,695523,IN,11895
Uttar Pradesh,Indian Tehephone Industry Mankapur,271302,IN,11896
Maharashtra,Nanded,431807,IN,11897
Kerala,Mulanthuruthy,682314,IN,11898
Gujarat,"Ta-Idar,Village- Kadiyadara",383440,IN,11899
Tamil Nadu,Udumalpet,642154,IN,11900
Karnataka,Davanagere,577552,IN,11901
Kerala,Kottayam,686509,IN,11902
Kerala,Kannur,670704,IN,11903
Kerala,Perumbaikad,686041,IN,11904
Gujarat,Mundra,370421,IN,11905
Karnataka,Chitradurga,577519,IN,11906
Kerala,"Thiruvalla, Pathanamthitta",689581,IN,11907
Himachal Pradesh,Rohru,171207,IN,11908
Madhya Pradesh,Chhindwara,480334,IN,11909
Uttar Pradesh,Anpara,231225,IN,11910
Uttar Pradesh,Rae Bareli,229316,IN,11911
Maharashtra,Bhadgaon,424105,IN,11912
Kerala,"Near Tmcaa Auditorium,Medical College, Thrissur",680596,IN,11913
Karnataka,Bannur,571101,IN,11914
Uttar Pradesh,Kadipur,228145,IN,11915
Gujarat,Kevadiya,393151,IN,11916
Tamil Nadu,Kadambathur,631203,IN,11917
Odisha,Brajarajnagar,768216,IN,11918
Andhra Pradesh,Banumukkala,518124,IN,11919
West Bengal,"Kushberia, Uluberia",711316,IN,11920
Karnataka,"Bannanje, Udupi",576101,IN,11921
Kerala,Thrissur,680733,IN,11922
Telangana,Raasi Cement Factory Wazirabad,508355,IN,11923
Arunachal Pradesh,Naharlgun Nirjuli,791109,IN,11924
Assam,Guwahati,781381,IN,11925
Tamil Nadu,Nagapattinam,609107,IN,11926
Madhya Pradesh,Gormi,477660,IN,11927
West Bengal,Chandpur North Twenty Four Parganas District,700158,IN,11928
West Bengal,Kolkata,700129,IN,11929
West Bengal,Rajganj,735134,IN,11930
Tamil Nadu,Kollumangudi,609403,IN,11931
Madhya Pradesh,Khirkiya,461441,IN,11932
Tamil Nadu,Tuticorin (Dt),628008,IN,11933
Karnataka,Shimoga,577423,IN,11934
Kerala,Thrissur,680307,IN,11935
West Bengal,"Dinhata , Coochbehar",736135,IN,11936
Dadra and Nagar Haveli and Daman and Diu,Silvassa(Kilvani Naka),396230,IN,11937
Karnataka,Girinagar 4Th Phase,560085,IN,11938
Tamil Nadu,"Arasu Nager Pc Patti,Theni",625531,IN,11939
Andhra Pradesh,Rajahmundry,533235,IN,11940
Kerala,Kumarapuram,690516,IN,11941
Tamil Nadu,Dharmapuri,636813,IN,11942
Gujarat,Ahmedabad,380023,IN,11943
Kerala,Pathanamthitta,691552,IN,11944
Uttar Pradesh,Saifai Etawah,206130,IN,11945
Jammu & Kashmir,Badgam,190007,IN,11946
West Bengal,Bankura,722138,IN,11947
Delhi,South Delhi,110076,IN,11948
Uttar Pradesh,Khekada,250101,IN,11949
Delhi,New Ashok Nagar,110096,IN,11950
Telangana,"Bapu Nagar, Sanjeeva Reddy Nagar, Hyderabad",500038,IN,11951
Kerala,Pantherankave  P.O,673019,IN,11952
Bihar,Darbhanga,847103,IN,11953
Maharashtra,District:- Sangli,416403,IN,11954
Haryana,Rohtak,124303,IN,11955
Andhra Pradesh,Chittoor,517587,IN,11956
Andhra Pradesh,Tirupati,517561,IN,11957
Andhra Pradesh,Guntur District,522318,IN,11958
Maharashtra,Kalyan (West),421301,IN,11959
Bihar,Barahat,813103,IN,11960
Maharashtra,Bhandara Midc,441804,IN,11961
Delhi,Sarita Vihar,110076,IN,11962
Kerala,Peravoor,670673,IN,11963
West Bengal,Habra,743704,IN,11964
Puducherry,Karaikal,609605,IN,11965
Kerala,Kulanada,689503,IN,11966
Uttar Pradesh,Lalitpur,284404,IN,11967
Karnataka,Virajpete,571211,IN,11968
Telangana,Uppal,500039,IN,11969
Tamil Nadu,Tirunelveli Town,627006,IN,11970
Maharashtra,Solapur,413301,IN,11971
Chhattisgarh,Baikunthpur,497335,IN,11972
Tamil Nadu,Alangayam,635701,IN,11973
Kerala,"Marathakkara, Thrissur",680014,IN,11974
Haryana,Samalkha,132101,IN,11975
Rajasthan,Sawai Madhopur,322021,IN,11976
Uttar Pradesh,Ballia,277502,IN,11977
Kerala,Paluvai,680104,IN,11978
Gujarat,Baliyasan,384435,IN,11979
Kerala,"Avinissery Po., Ollur, Trissur District",680306,IN,11980
Andhra Pradesh,East Godavari,533103,IN,11981
Maharashtra,Dombivilli East,421201,IN,11982
Kerala,Malappuram District,679357,IN,11983
Chhattisgarh,Raigarh,496440,IN,11984
Himachal Pradesh,Shimla,171208,IN,11985
Andhra Pradesh,Tenali,522211,IN,11986
Maharashtra,"Ulwe, Navi Mumbai",410206,IN,11987
Karnataka,Belgaum,590003,IN,11988
West Bengal,Hooghly,712222,IN,11989
Kerala,Kochi Ernakulam,682037,IN,11990
Maharashtra,Kenjal,412205,IN,11991
Assam,Jorhat Town,785010,IN,11992
Dadra and Nagar Haveli and Daman and Diu,Silvassa,396240,IN,11993
Goa,Arpora,403516,IN,11994
Telangana,Thimmapur Karimnagar District,505527,IN,11995
Kerala,Koippad Chathannoor,691572,IN,11996
Kerala,Eranholi,670105,IN,11997
Uttar Pradesh,Faizabad...Karma Chauraha,224201,IN,11998
Kerala,Komalapuram,688521,IN,11999
Bihar,Mokama,803301,IN,12000
Jharkhand,Ranchi,835204,IN,12001
Goa,Usgao,403406,IN,12002
West Bengal,Berhampur,742101,IN,12003
Andhra Pradesh,Eluru,534003,IN,12004
Chhattisgarh,Chharchha,497339,IN,12005
Uttar Pradesh,Mirzapur,231305,IN,12006
Kerala,Hosdurg,671532,IN,12007
Odisha,Basudevpur,756125,IN,12008
Haryana,Gohana,131301,IN,12009
Karnataka,Maddur Town,571429,IN,12010
Bihar,Ara,802302,IN,12011
Tamil Nadu,Sundarapandiam,626126,IN,12012
Tamil Nadu,Jayankondam,621802,IN,12013
Karnataka,Chikkamangalore,577547,IN,12014
Karnataka,Chikballapur Road . Doddaballapur,561203,IN,12015
West Bengal,Halishar,743134,IN,12016
Tamil Nadu,Mettupalayam Coimbatore District,641305,IN,12017
Tamil Nadu,Thirukazukunderam,603109,IN,12018
West Bengal,Ramnagar,721446,IN,12019
Maharashtra,"Mumbai, Bandra East",400051,IN,12020
Karnataka,Kanagal,571187,IN,12021
Tamil Nadu,Chengalpattu,603202,IN,12022
Bihar,Samastipur,848117,IN,12023
Tamil Nadu,Omalur,636455,IN,12024
Uttarakhand,Sara Industrial Estate,248197,IN,12025
Tamil Nadu,"Kovur,Chennai",600069,IN,12026
Uttar Pradesh,Ambedkar Nagar,224230,IN,12027
Odisha,Nilagiri,756040,IN,12028
Karnataka,Chitradurga,577529,IN,12029
Punjab,Bathinda,151301,IN,12030
Tamil Nadu,Trichy,620014,IN,12031
Maharashtra,Bhusawal,425203,IN,12032
West Bengal,Farakka,742236,IN,12033
Karnataka,"Kadugodi, Whitefield, Bengaluru",560067,IN,12034
Maharashtra,Chinchwad,411033,IN,12035
Kerala,"Kayamkulam,Alappuzha",690527,IN,12036
Telangana,Medak,502210,IN,12037
Andhra Pradesh,Narasaraopet Guntur District,522601,IN,12038
Tamil Nadu,"Kondur, Cuddalore",607006,IN,12039
Uttar Pradesh,Azamgarh,276122,IN,12040
Kerala,Guruvayoor,680104,IN,12041
Andhra Pradesh,Chippada Pharma Sez,531162,IN,12042
Andhra Pradesh,Tirupati,517591,IN,12043
Rajasthan,Sawai Madhopur,322234,IN,12044
Tamil Nadu,Vilanthai Andimadam(Po),621801,IN,12045
Kerala,Kattappana,685551,IN,12046
Uttar Pradesh,Indirapuratm,201014,IN,12047
Maharashtra,Aurangabad,431010,IN,12048
Madhya Pradesh,Vidisha,464337,IN,12049
Uttar Pradesh,"Wazirganj,Badaun",243726,IN,12050
Rajasthan,Modak,326520,IN,12051
Rajasthan,Goredi Chancha,341503,IN,12052
Karnataka,Hassan,573127,IN,12053
Telangana,Nizamabad,503311,IN,12054
Maharashtra,Bassein,401202,IN,12055
Telangana,Hayathnagar,500070,IN,12056
Maharashtra,Pune,411067,IN,12057
Bihar,Madhubani,847214,IN,12058
Tamil Nadu,Vriddhachalam,606001,IN,12059
West Bengal,Balarampur Puruliya District,723143,IN,12060
Telangana,Suryapet,508234,IN,12061
Maharashtra,"Andheri East, Mumbai",400093,IN,12062
Delhi,Delhi,110043,IN,12063
Karnataka,Mulki,574103,IN,12064
Karnataka,Belgaum,590001,IN,12065
Bihar,Siwan Bihar,841243,IN,12066
Delhi,Dwarka,110078,IN,12067
Gujarat,Chikhli,396560,IN,12068
Kerala,Thikkody,673529,IN,12069
Karnataka,Kalaburgi,585292,IN,12070
Maharashtra,Chandrapur,442903,IN,12071
Andhra Pradesh,Kadapa,516108,IN,12072
Uttar Pradesh,Devinagar,204102,IN,12073
Rajasthan,Banswara,327027,IN,12074
Karnataka,Bellary,583120,IN,12075
Andhra Pradesh,Bypassroad Kondapuram,516444,IN,12076
Tamil Nadu,Ramanathapuram,623504,IN,12077
Tamil Nadu,Trichy,620012,IN,12078
Delhi,Delhi,110026,IN,12079
Himachal Pradesh,Waknaghat,173234,IN,12080
Jharkhand,Kandra,832402,IN,12081
West Bengal,Jalpaiguri,735102,IN,12082
Andhra Pradesh,"Tagarapuvalasa ,Visakapatnam",531163,IN,12083
Himachal Pradesh,Kasumpti Shimla,171009,IN,12084
West Bengal,Kolkata,700100,IN,12085
Tamil Nadu,Dharapuram,638702,IN,12086
Kerala,Mannarkad,678596,IN,12087
Assam,Jorhat,785700,IN,12088
Tamil Nadu,Tharangambadi,609313,IN,12089
Karnataka,Mysore,570016,IN,12090
Karnataka,Maddur,571429,IN,12091
West Bengal,Bara Jumla,742148,IN,12092
Tamil Nadu,Tenkasi,627753,IN,12093
Maharashtra,Dombivali ( East),421204,IN,12094
Telangana,Hyderabad,500093,IN,12095
West Bengal,Madhyamgram,700155,IN,12096
Kerala,Parappanangadi,676319,IN,12097
Telangana,"Bagh Amberpet,Hyderabad",500013,IN,12098
Kerala,Payambra,673571,IN,12099
Telangana,Chinnakodur,502276,IN,12100
Telangana,Narsapur,502313,IN,12101
Kerala,Edathala,682021,IN,12102
Uttar Pradesh,Mursan,204213,IN,12103
Karnataka,Chamarajanagar,571115,IN,12104
Delhi,"New Delhi, Other No. 9667856896",110017,IN,12105
Maharashtra,Navimumbai,400708,IN,12106
Jharkhand,East Singhbhum,831005,IN,12107
Kerala,Thiruvanathapuram,695571,IN,12108
Telangana,Secunderabad 500003,500003,IN,12109
Maharashtra,Patalganga Midc,410220,IN,12110
Madhya Pradesh,Brg Shangri-La  Indore,453771,IN,12111
Kerala,Kollam,691509,IN,12112
Uttarakhand,Haldwani,263153,IN,12113
Kerala,Parasuvaikkal,695503,IN,12114
Karnataka,Surathkal,575014,IN,12115
Andhra Pradesh,Unguturu,534406,IN,12116
Gujarat,Surat,394270,IN,12117
Tamil Nadu,Krishnagiri,635002,IN,12118
West Bengal,Kaliachak,732201,IN,12119
Gujarat,Idar,383421,IN,12120
Kerala,Kaipamangalam,680681,IN,12121
Bihar,Samastipur,848302,IN,12122
Kerala,Kozhikode,673323,IN,12123
Bihar,Madhubani,847215,IN,12124
Telangana,Suryapet (Town) Suryapet (Dist),508213,IN,12125
Maharashtra,Rahata,413712,IN,12126
West Bengal,"Debra Bazar, West Medinipur",721126,IN,12127
Maharashtra,"Nigdi, Pune",411044,IN,12128
Uttar Pradesh,Dudhi,231208,IN,12129
Kerala,Kottayam,686562,IN,12130
Uttar Pradesh,Prayagraj,211013,IN,12131
Karnataka,Uttara Kannada,581342,IN,12132
Tripura,Panisagar,799260,IN,12133
Tamil Nadu,Nagapattinam,611105,IN,12134
West Bengal,"Haldia, East Madnipur",721607,IN,12135
Tamil Nadu,"Annamalai Nagar, Chidambaram",608002,IN,12136
Tamil Nadu,Bhuvanagiri,608601,IN,12137
Uttar Pradesh,Prayagraj,211002,IN,12138
Kerala,Thazhuthala,691577,IN,12139
Kerala,Athirampuzha,686562,IN,12140
Tamil Nadu,Tiruchirappalli - 620102,620102,IN,12141
Uttar Pradesh,Sardhana,250341,IN,12142
Tamil Nadu,Madurai,625706,IN,12143
Kerala,Kozhikode,673573,IN,12144
Odisha,Anandapur,758021,IN,12145
Kerala,Thrissur,680553,IN,12146
Tamil Nadu,Vadalur,607303,IN,12147
Punjab,Mahilpur,146105,IN,12148
Tamil Nadu,Tirunelveli,627414,IN,12149
Andhra Pradesh,Thallapalem,531031,IN,12150
Tamil Nadu,Madurai,625207,IN,12151
Haryana,Ambala,133104,IN,12152
Telangana,Warangal,506144,IN,12153
Tamil Nadu,Manalurpet,605754,IN,12154
Kerala,Malappuram,679324,IN,12155
Bihar,Kaimur Bhabua,821101,IN,12156
Kerala,Pathanamthitta,691555,IN,12157
Maharashtra,Parli Vaijnath,431515,IN,12158
Uttar Pradesh,Kheri,262701,IN,12159
Karnataka,Udupi,576108,IN,12160
Andhra Pradesh,Payakaraopeta,531126,IN,12161
Assam,Sibsagar,785666,IN,12162
Tamil Nadu,Tirupathur District,635601,IN,12163
Maharashtra,Raigad,410210,IN,12164
Rajasthan,Ajmer,305007,IN,12165
Delhi,"Malviya Nagar,New Delhi",110017,IN,12166
Andhra Pradesh,Chittoor,517235,IN,12167
West Bengal,Bolpur,731236,IN,12168
Kerala,Thiruvananthpuram,695020,IN,12169
Sikkim,East Sikkim,737101,IN,12170
Karnataka,"Hosanagara(Tq), Shimoga(Dist)",577426,IN,12171
Uttar Pradesh,Choubepur Kalan,209203,IN,12172
Karnataka,Udupi,576235,IN,12173
Tamil Nadu,Ramanathapuram Dist,623525,IN,12174
Kerala,Thiruvananthapuram District,695102,IN,12175
Goa,Borim,403103,IN,12176
Assam,Mirza,781120,IN,12177
West Bengal,"Sodepur, Kolkata",700110,IN,12178
Tamil Nadu,"Velachery,Chennai-42.",600042,IN,12179
Gujarat,"Vyara, Tapi",394650,IN,12180
Karnataka,Neeralagi,581202,IN,12181
West Bengal,Kolkata South 24 Paragana,700070,IN,12182
Assam,Borka,781101,IN,12183
Karnataka,Bengaluru East,560037,IN,12184
Kerala,Palakkad,679535,IN,12185
Rajasthan,Jodhpur,342013,IN,12186
Jharkhand,Mahagama,814154,IN,12187
Karnataka,Mangaluru 575005,575005,IN,12188
Maharashtra,Kherdi,415604,IN,12189
West Bengal,Dhubulia,741139,IN,12190
Goa,Panaji,403109,IN,12191
Kerala,Kattappana,685508,IN,12192
Uttar Pradesh,Ghosi,275105,IN,12193
Assam,Guwahati 29,781029,IN,12194
West Bengal,Burdwan,713401,IN,12195
Kerala,Kollam,691571,IN,12196
Uttar Pradesh,Ghazipur,275202,IN,12197
Manipur,Leimakhong,795002,IN,12198
Telangana,Hyderaba,500032,IN,12199
Kerala,Perinthalmanna,679321,IN,12200
Uttar Pradesh,Miranpur,251315,IN,12201
Maharashtra,Mumbaimumbai,400049,IN,12202
Kerala,Kizhuparamba,673639,IN,12203
Maharashtra,"Pokharan Road 2, Thane (West)",400610,IN,12204
Maharashtra,Dahisar East Mumbai,400068,IN,12205
Uttar Pradesh,Reoti,277209,IN,12206
Kerala,Ernad,676123,IN,12207
Madhya Pradesh,Singrauli,486884,IN,12208
Kerala,"Hospital Jn,Elampaloor",691501,IN,12209
Himachal Pradesh,Mandi,175019,IN,12210
Kerala,Trivandrum,695121,IN,12211
Maharashtra,Chandgad,416509,IN,12212
Jammu & Kashmir,Jammu,181206,IN,12213
Maharashtra,"Warje, Pune",411058,IN,12214
Punjab,Derabassi,140507,IN,12215
Maharashtra,Talegaon,410507,IN,12216
Kerala,Malappuram,679341,IN,12217
Himachal Pradesh,Una,177201,IN,12218
Chhattisgarh,"Shankargarh, District- Balrampur",497118,IN,12219
Karnataka,Tumkur,572118,IN,12220
Punjab,Amritsar,143204,IN,12221
Uttar Pradesh,Gorakhpur,273213,IN,12222
Kerala,Kumarakom,686563,IN,12223
Tamil Nadu,Keelakarai,623517,IN,12224
Kerala,"Tripunithura, Kochi",682306,IN,12225
Kerala,Panachikkad,686533,IN,12226
Rajasthan,Bakani,326022,IN,12227
Tamil Nadu,Salem,636451,IN,12228
Maharashtra,Navi Mumbai,400615,IN,12229
Andhra Pradesh,Anadapuram,531163,IN,12230
Punjab,Ludhiana,141124,IN,12231
Manipur,Thongkhong Laxmi Bazar,795132,IN,12232
Punjab,Jalandhar,144629,IN,12233
Tamil Nadu,"Valsaravakkam,Chennai",600087,IN,12234
Bihar,Mokameh,803302,IN,12235
Bihar,Patna,800018,IN,12236
Andhra Pradesh,Nagari,517592,IN,12237
West Bengal,Chamrail,711114,IN,12238
Chhattisgarh,Bhilai,490021,IN,12239
West Bengal,Habra,743233,IN,12240
Kerala,Kollam,690525,IN,12241
Haryana,Jathlana,135133,IN,12242
Gujarat,Bardoli,394355,IN,12243
Assam,Missamari,784506,IN,12244
Maharashtra,"New Panvel, Raigarh",410206,IN,12245
Telangana,Hyderabad,502307,IN,12246
Karnataka,Ujire,574240,IN,12247
Jammu & Kashmir,Chenani,182141,IN,12248
Odisha,Anugul,759123,IN,12249
Haryana,Gurugram,122007,IN,12250
West Bengal,Hasnabad,743426,IN,12251
Rajasthan,Bandikui,303313,IN,12252
Kerala,Kodungallur,680666,IN,12253
Tamil Nadu,Pollachi,642001,IN,12254
Maharashtra,Nasik,422006,IN,12255
Karnataka,Mangalore,574219,IN,12256
Kerala,Nenmenikkara,680301,IN,12257
Kerala,Vadakara,673103,IN,12258
Telangana,Secunderabad,500083,IN,12259
Kerala,Pathanamthitta,689664,IN,12260
Maharashtra,Airoli Navi Mumbai,400708,IN,12261
Punjab,Dhariwal. Teh & Distt Gurdaspur,143519,IN,12262
Uttar Pradesh,Chiraiyakot Mau,276129,IN,12263
Kerala,Kootikada,691020,IN,12264
Kerala,Thrissur,680014,IN,12265
Telangana,"Uppal, Hyderabad,",500039,IN,12266
Kerala,Malappuram,676525,IN,12267
Gujarat,District Petlad 388160,388160,IN,12268
Punjab,Sultanpur Lodhi,144626,IN,12269
Gujarat,Amalsad,396310,IN,12270
Goa,"(Via Cuncolim)Quepem,South Goa",403703,IN,12271
Jharkhand,Dhanbad,828301,IN,12272
Maharashtra,"Owe Gaon, Kharghar, Navi Mumbai",410210,IN,12273
Tamil Nadu,Gangavalli,636105,IN,12274
Maharashtra,Tal -Newasa Dist- Ahmednagar,414609,IN,12275
Telangana,Tallada,507167,IN,12276
Rajasthan,Karanpur,335073,IN,12277
Andhra Pradesh,"Atmakur(Man),Nellore(Dist).",524322,IN,12278
Maharashtra,Thane,421601,IN,12279
Maharashtra,Shelar Bhiwandi,421302,IN,12280
Maharashtra,"Behind Ganesh Temple, Civil Line, Chandrapur",442401,IN,12281
Maharashtra,Padagha,421101,IN,12282
Madhya Pradesh,Sarangpur,465697,IN,12283
Uttar Pradesh,Bahjoi,202410,IN,12284
Karnataka,Shimoga,577225,IN,12285
Tamil Nadu,Sathankulam,628704,IN,12286
Kerala,Kollengode Palakkad,678506,IN,12287
Karnataka,Mudipu,574153,IN,12288
Kerala,Kalarcode,688003,IN,12289
Andhra Pradesh,Markapur,523371,IN,12290
Maharashtra,Thane,421604,IN,12291
Tamil Nadu,Tirunelveli,627006,IN,12292
West Bengal,Bhimram,734429,IN,12293
Kerala,Ramanattukara,673632,IN,12294
Maharashtra,Mangon,402103,IN,12295
West Bengal,Bongaon,743262,IN,12296
Bihar,Andar,841231,IN,12297
Telangana,Makthal,509208,IN,12298
Tamil Nadu,Pattukkottai,614601,IN,12299
Uttar Pradesh,Chandausi,244414,IN,12300
Jammu & Kashmir,"Khumani Chowk,Bemina Budgam",190015,IN,12301
Odisha,Jajpur,755027,IN,12302
Madhya Pradesh,Hirapur,481102,IN,12303
Maharashtra,Mauda,441104,IN,12304
Kerala,Thiruvananthapuram,695503,IN,12305
Chhattisgarh,"Budhuwari , Korba",495677,IN,12306
Kerala,Aluva,683561,IN,12307
Uttar Pradesh,Chhutmalpur,247662,IN,12308
Uttar Pradesh,Sarai Lahur,221505,IN,12309
Maharashtra,Samudrapur,442305,IN,12310
Manipur,Mayang Imphal,795132,IN,12311
Tamil Nadu,Kottaiyur,630106,IN,12312
Maharashtra,Rasayani Panvel,410222,IN,12313
Kerala,Kozhikode,673303,IN,12314
Tamil Nadu,Kappalur Sidco Industrial Estate,625008,IN,12315
Maharashtra,Nashik. Gst No. 27Alxpd3261A1Z9,422010,IN,12316
Uttar Pradesh,Bansgaon,273403,IN,12317
Tamil Nadu,Vellore,600012,IN,12318
Madhya Pradesh,Mandideep,464993,IN,12319
Andhra Pradesh,Nandikotkur,518401,IN,12320
Punjab,Dasuya,144305,IN,12321
West Bengal,Borai,712306,IN,12322
Uttar Pradesh,Rath,210431,IN,12323
Himachal Pradesh,Baloh,175052,IN,12324
Bihar,Muzaffarpur,843146,IN,12325
Kerala,Peramangalam,680545,IN,12326
Odisha,Koraput,764043,IN,12327
Tamil Nadu,"Thundalam, Chennai",600077,IN,12328
Tamil Nadu,Pennagaram,636810,IN,12329
Uttar Pradesh,Deoria,274201,IN,12330
Jammu & Kashmir,Khan Sahib,191111,IN,12331
Uttar Pradesh,Tundla Kham,283103,IN,12332
Jharkhand,Jharia,828110,IN,12333
Kerala,Kasaragod,671321,IN,12334
Haryana,Industrial Estate Barwala,134118,IN,12335
Maharashtra,Mumbai 400098,400098,IN,12336
Andhra Pradesh,Srikakulam,532148,IN,12337
Andhra Pradesh,Tangutur,523274,IN,12338
Uttar Pradesh,"Delhi, Ncr",201014,IN,12339
Maharashtra,"Cbd Belapur , Navi Mumbai",400614,IN,12340
Odisha,Jagatsinghpur,754114,IN,12341
West Bengal,Puruliya,723121,IN,12342
West Bengal,"Uluberia, Howrah",711315,IN,12343
Kerala,Kolazhy,680010,IN,12344
Bihar,Siwan,841239,IN,12345
Tamil Nadu,Madurai North,625107,IN,12346
Maharashtra,"Badlapur, Mumbai",421503,IN,12347
Maharashtra,"Mundhawa, Pune",411036,IN,12348
Andhra Pradesh,Marturu,523301,IN,12349
Delhi,South Delhi,110044,IN,12350
Tamil Nadu,Tirupattur,635601,IN,12351
Andhra Pradesh,Pothavaram,534176,IN,12352
Maharashtra,Aurangabad,431134,IN,12353
Karnataka,Dharwad,580031,IN,12354
Goa,Sancoale,403726,IN,12355
Goa,North Goa,403005,IN,12356
Andhra Pradesh,Irala,517124,IN,12357
Kerala,Mukkam,673602,IN,12358
Madhya Pradesh,Alirajpur,457887,IN,12359
Karnataka,Madikeri,571235,IN,12360
Andhra Pradesh,Penugonda,534320,IN,12361
Andhra Pradesh,Hyderabad,500084,IN,12362
Uttar Pradesh,Shakti Nagar Ntpc Township,231222,IN,12363
Maharashtra,Mangalwedha,413305,IN,12364
Maharashtra,Banda,416514,IN,12365
West Bengal,Chittaranjan,713365,IN,12366
Andhra Pradesh,Krishna District,521286,IN,12367
Dadra and Nagar Haveli and Daman and Diu,Park City,396230,IN,12368
Andhra Pradesh,Eluru -2,534002,IN,12369
Kerala,"Clappana, Kollam",690525,IN,12370
Andhra Pradesh,Unguturu,521260,IN,12371
Jammu & Kashmir,Doda,182202,IN,12372
Rajasthan,"Beyond 18Th Sector,C.H.B.Jodhpur",342001,IN,12373
Tamil Nadu,Sivagangai,630552,IN,12374
Kerala,Ernakulam,682033,IN,12375
Andhra Pradesh,"Kanuru, Vijayawada",520007,IN,12376
Maharashtra,Haveli,412207,IN,12377
Tamil Nadu,"Sriperumbudur,Chennai City",602105,IN,12378
Maharashtra,"Bhosari,Pune",411039,IN,12379
Maharashtra,Kurla East Mumbai,400024,IN,12380
Andhra Pradesh,Hyderabad,500072,IN,12381
Kerala,"Aluva, Ernakulam Dist",683578,IN,12382
Meghalaya,Sohra,793111,IN,12383
Goa,Ponda,403404,IN,12384
Kerala,Paduvilayi,670612,IN,12385
Jharkhand,Ranchi,834011,IN,12386
Gujarat,Mahesana,382815,IN,12387
Telangana,Amberpwt Hyderabad,500013,IN,12388
Kerala,Kattur,680703,IN,12389
West Bengal,"Liluah, Howrah",711204,IN,12390
Kerala,Kozhenchery,689641,IN,12391
Karnataka,Chitradurga,577598,IN,12392
Himachal Pradesh,Yoi Cantt,176052,IN,12393
Karnataka,Bangalore,560104,IN,12394
Madhya Pradesh,Indore,453111,IN,12395
Tamil Nadu,Mohanur,637015,IN,12396
Maharashtra,Pune City,411015,IN,12397
Andhra Pradesh,Kothavalasa,535183,IN,12398
Tamil Nadu,Thirvallur District,602024,IN,12399
Andhra Pradesh,"Rajahmundry, East Godavari District",533103,IN,12400
Uttar Pradesh,"Govindpuram, Ghaziabad",201013,IN,12401
Kerala,Trichur,680566,IN,12402
Karnataka,Mangaluru,574150,IN,12403
Maharashtra,"New Panvel, Navi Mumbai",410206,IN,12404
Telangana,Rangareddy,500058,IN,12405
Karnataka,"Electronic City Phase-1, Bangalore",560100,IN,12406
Maharashtra,Kalayn,421202,IN,12407
Odisha,Bhubaneswarb,751015,IN,12408
Andhra Pradesh,Kamalapuram,516289,IN,12409
Uttar Pradesh,Kashganj,207243,IN,12410
Maharashtra,Mumbai,401303,IN,12411
Haryana,Barwala,125121,IN,12412
Kerala,"Thrippunithura , Kochi",682309,IN,12413
Chhattisgarh,Garawand,494661,IN,12414
Tamil Nadu,Sulakkarai Medu,626003,IN,12415
Bihar,Muzaffarpur,844120,IN,12416
Delhi,South East Delhi,110076,IN,12417
Himachal Pradesh,Jawalamukhi,176031,IN,12418
Kerala,Palakkad,678581,IN,12419
Rajasthan,Jhalawar,326513,IN,12420
Karnataka,Mangaluru,575011,IN,12421
Maharashtra,Rahata,423107,IN,12422
Uttar Pradesh,Etawah,206253,IN,12423
Kerala,Venjaramoodu,695607,IN,12424
Maharashtra,Karanja,444110,IN,12425
Punjab,Bhisiana,151201,IN,12426
Himachal Pradesh,Manali,175136,IN,12427
Maharashtra,Taluka Kalyan District Thane,421204,IN,12428
West Bengal,Serampore,712204,IN,12429
Bihar,Nawada,805130,IN,12430
Uttarakhand,Sitarganj,263151,IN,12431
Assam,Jorhat,785634,IN,12432
Andhra Pradesh,Somandepalle,515122,IN,12433
Tripura,Gakulpur,799120,IN,12434
Kerala,Kochi,682304,IN,12435
West Bengal,Howrah,711310,IN,12436
Andhra Pradesh,Vizianagaram,535525,IN,12437
Punjab,Greater Mohali,140301,IN,12438
Haryana,Safidon,126112,IN,12439
Kerala,North Paroor,683513,IN,12440
Maharashtra,Mumbai,400610,IN,12441
Tamil Nadu,Trichy,621005,IN,12442
Andhra Pradesh,"Srisailam Project, Sundipenta",518102,IN,12443
Tamil Nadu,Trichy,620022,IN,12444
Tamil Nadu,Kanchipuram,603112,IN,12445
Kerala,Thazhuthala,691589,IN,12446
Maharashtra,Narayangaon,410504,IN,12447
West Bengal,Kolaghat,721171,IN,12448
Andhra Pradesh,Tirupati,517505,IN,12449
Himachal Pradesh,Dera Gopipur,177101,IN,12450
Maharashtra,Kalwa Thane,400605,IN,12451
Goa,Mapusa - Nachinola,403507,IN,12452
Punjab,Bassi Pathana,140412,IN,12453
Kerala,Madayi,670304,IN,12454
Kerala,Alappuzha,690504,IN,12455
Gujarat,Premgadh Ta. Jetpur,360370,IN,12456
Maharashtra,"Powai, Mumbai",400072,IN,12457
Kerala,Calicut Dist,673309,IN,12458
Goa,South - Goa,403707,IN,12459
Madhya Pradesh,Ichhawar,466115,IN,12460
Maharashtra,Mumbai'S,400076,IN,12461
West Bengal,Chanchal,732139,IN,12462
Karnataka,Haveri,581115,IN,12463
Madhya Pradesh,"Jabalpur, Madhya Pradesh",482001,IN,12464
Maharashtra,Vasai Road,401208,IN,12465
Tamil Nadu,Ariyalur D.T,621715,IN,12466
Andhra Pradesh,Visakhapatanam,531163,IN,12467
Maharashtra,Hingna/Nagpur,441110,IN,12468
Tamil Nadu,Veeravanallur,627426,IN,12469
Tamil Nadu,Vanavasi,636457,IN,12470
Bihar,"Kahalgaon, Bhagalpur",813214,IN,12471
Bihar,Dehri On Sone,821307,IN,12472
Gujarat,Umargam,396165,IN,12473
Bihar,Katihar,854113,IN,12474
Karnataka,Bellary,583275,IN,12475
Andhra Pradesh,Anil Neerkonda Hospital,531162,IN,12476
Maharashtra,Badlapur Road,421503,IN,12477
Tamil Nadu,Zionpuram,629501,IN,12478
Kerala,Edathiruthy,680687,IN,12479
Tamil Nadu,Rajapalayam,626111,IN,12480
Maharashtra,Trombay,400088,IN,12481
Karnataka,Deralakatte/ Mangalore,575018,IN,12482
Punjab,Kapurthala,144819,IN,12483
Telangana,Secundrabad,500047,IN,12484
Uttar Pradesh,Bisalpur,262201,IN,12485
Rajasthan,Jaipur,303007,IN,12486
Uttar Pradesh,Ghaziabad,201019,IN,12487
Karnataka,Belagavi,591213,IN,12488
Uttar Pradesh,Sahatwar,277211,IN,12489
Uttar Pradesh,Sonbhadra,231218,IN,12490
Maharashtra,Tasgaon,416408,IN,12491
Delhi,New Delhi-59,110059,IN,12492
Uttar Pradesh,"Noida,",201301,IN,12493
Kerala,Pathippalam,670691,IN,12494
Uttar Pradesh,"Gopiganj  ,Bhadohi",221303,IN,12495
Maharashtra,Sangli,416415,IN,12496
Karnataka,Bantval,574253,IN,12497
Goa,Penha De Franca,403521,IN,12498
Gujarat,Kadodara,394310,IN,12499
Maharashtra,Wardha,442005,IN,12500
Karnataka,Honnali,577217,IN,12501
Karnataka,Karkal,574102,IN,12502
Bihar,Darbhnga,847302,IN,12503
Odisha,"Vayasanagar, Jajpur Road",755019,IN,12504
Karnataka,Robertsonpet,563117,IN,12505
Kerala,Alappuzha,688524,IN,12506
Himachal Pradesh,Kasol,175105,IN,12507
Gujarat,Jalundh Khambhat,388640,IN,12508
Gujarat,Kadodara,394305,IN,12509
Chhattisgarh,"Bilaspur,",495004,IN,12510
Assam,Sibsagar,785701,IN,12511
Odisha,Patnagarh,767025,IN,12512
Kerala,"Thottada,Kannur,670007",670007,IN,12513
Andhra Pradesh,Samalkot,533440,IN,12514
Andhra Pradesh,Vizianagaram,535546,IN,12515
Assam,Biswanath,784184,IN,12516
Karnataka,Mahalingpur,587312,IN,12517
Odisha,Ganjam,761110,IN,12518
Himachal Pradesh,Kangra,176092,IN,12519
Maharashtra,Mahad (Raigad ),402305,IN,12520
Odisha,Cuttack - 14,753014,IN,12521
Bihar,Katihar,854337,IN,12522
Uttar Pradesh,Gosainganj Faizabad District Ayodhya,224141,IN,12523
Andhra Pradesh,Darsi,523247,IN,12524
Kerala,Tottakkattukara Aluva,683108,IN,12525
Maharashtra,Pune 411041,411041,IN,12526
Uttar Pradesh,Salon,229127,IN,12527
Jammu & Kashmir,Jammu,180009,IN,12528
Uttarakhand,Haridwar,247670,IN,12529
Gujarat,Ahmadabad,380001,IN,12530
Assam,Guwahati,781031,IN,12531
Karnataka,Bankapura,581202,IN,12532
Assam,Nalbari,781337,IN,12533
Kerala,Palakkad,680588,IN,12534
Andhra Pradesh,Srikakulam,532292,IN,12535
Kerala,Calicut,673019,IN,12536
Kerala,Chalakudy,680309,IN,12537
Karnataka,Nelamangala Bangaluru,562123,IN,12538
Karnataka,Athani,591304,IN,12539
Kerala,Aluva,683578,IN,12540
Andhra Pradesh,Parvathipuram,535523,IN,12541
Maharashtra,Pune,412406,IN,12542
Chhattisgarh,Palari,493228,IN,12543
Andhra Pradesh,Chittoor,517417,IN,12544
Assam,Nagaon,782137,IN,12545
Assam,"Tezpur, Majgaon",784154,IN,12546
Kerala,Tirur,676103,IN,12547
Uttar Pradesh,Anpara,231220,IN,12548
Madhya Pradesh,Porsa,476115,IN,12549
Assam,Sonitpur,784001,IN,12550
Andhra Pradesh,Pamarru,533263,IN,12551
Rajasthan,Jaipur,303121,IN,12552
Kerala,Kunnathunad.,682311,IN,12553
Himachal Pradesh,Kullu,175129,IN,12554
Uttarakhand,Rudraprayag,246475,IN,12555
Kerala,Kanhangad,671316,IN,12556
Kerala,"Edachira,Kakkanad",682030,IN,12557
Himachal Pradesh,Durah,172033,IN,12558
Tamil Nadu,"Palayamkottai ,Tirunelveli",627002,IN,12559
Mizoram,Falkawn,796005,IN,12560
Uttarakhand,Dehradun,248016,IN,12561
West Bengal,Hutmura,723148,IN,12562
Uttar Pradesh,Kiraoli,283122,IN,12563
Uttar Pradesh,Azamgarh,276305,IN,12564
Andhra Pradesh,Kakimada,533002,IN,12565
Kerala,Puthanathani,676510,IN,12566
Kerala,Koothuparamba,670643,IN,12567
Jammu & Kashmir,Jammu,180016,IN,12568
Karnataka,Karwar,581328,IN,12569
Kerala,Kottapuram Po,680584,IN,12570
Maharashtra,Palghar( East),401404,IN,12571
Uttar Pradesh,"Indirapuram , Ghaziabad",201014,IN,12572
Tamil Nadu,Thiruvarur,612603,IN,12573
Maharashtra,Nallasopra East Mumbi,401209,IN,12574
Nagaland,Mokokchung,798604,IN,12575
Karnataka,Chitradurga,577502,IN,12576
Goa,North Goa,403401,IN,12577
Tamil Nadu,"Alwarpet, Chennai",600018,IN,12578
Telangana,Karimanagar,504208,IN,12579
Andhra Pradesh,Chittoor,517192,IN,12580
Andhra Pradesh,"Darmavaram,Addanki",523260,IN,12581
Telangana,Sangareddy,502296,IN,12582
Bihar,Madhubani,847411,IN,12583
Tamil Nadu,Kalladaikurichi,627416,IN,12584
Kerala,Thrissur,680567,IN,12585
Gujarat,Jamnagar,361320,IN,12586
Chhattisgarh,Tumgaon,493445,IN,12587
Maharashtra,"Thane(W), Thane",400615,IN,12588
Telangana,Biknoor,503101,IN,12589
Uttarakhand,Sitarganj,262405,IN,12590
Telangana,"Srirama Colony, Armur",503224,IN,12591
Haryana,Panchkula,134102,IN,12592
Andhra Pradesh,Guntur,522510,IN,12593
Tamil Nadu,Manavalakurichi,629252,IN,12594
Kerala,Thalassery,670641,IN,12595
Delhi,South-West Delhi,110043,IN,12596
Kerala,Maniyur,673523,IN,12597
Gujarat,Shehera,389210,IN,12598
Kerala,Trivandrum,695010,IN,12599
Odisha,Champua,758041,IN,12600
West Bengal,Durgapur,713217,IN,12601
Kerala,Alappuzha,688540,IN,12602
Kerala,"Edathiruthy,Thrissur",680703,IN,12603
Odisha,Angul,759143,IN,12604
Karnataka,Chickballapur,562104,IN,12605
Kerala,Kongorpilly,683518,IN,12606
Rajasthan,Raipur Tehsil Pirawa District Jhalawar,326036,IN,12607
Andaman and Nicobar Islands,Portblair,744105,IN,12608
Uttarakhand,Tapovan Laxman Jhula Rishikesh,249201,IN,12609
Uttar Pradesh,Nanauta,247452,IN,12610
Uttar Pradesh,Bareilly Cantt,243001,IN,12611
Andhra Pradesh,Yellanur Road Tadpatri,515411,IN,12612
Rajasthan,Sheoganj,307027,IN,12613
Kerala,Erumappetty,680584,IN,12614
Tamil Nadu,Tenkasi,627852,IN,12615
Uttar Pradesh,"Kalwari,Mirzapur",231210,IN,12616
Maharashtra,Nigadi Pune,411044,IN,12617
Uttarakhand,Nainital,263156,IN,12618
West Bengal,Boinchi,712134,IN,12619
Rajasthan,Aspur,314021,IN,12620
Rajasthan,Abu Road,307510,IN,12621
Uttar Pradesh,Jila Bijnor,246731,IN,12622
Telangana,Hyhyderabad,500072,IN,12623
Kerala,Alappuzha Harippad,690517,IN,12624
Uttar Pradesh,Rae Bareli,229405,IN,12625
Uttarakhand,Natthuwa Wala,248005,IN,12626
Andhra Pradesh,Kanchikacharla,521180,IN,12627
Tamil Nadu,Keelamanjakudi,614619,IN,12628
Kerala,"North Paravur,Ernakulam",683513,IN,12629
Bihar,Supaul,852218,IN,12630
Karnataka,Bangalore,560105,IN,12631
Tamil Nadu,Dharmapuri,636808,IN,12632
Chhattisgarh,Champa,495671,IN,12633
Kerala,Kizhuparamba,673645,IN,12634
Telangana,"Hanamkonda, Warangal. Mobile- 7661968333",506001,IN,12635
Odisha,Lanjigarh,766027,IN,12636
Goa,Bardez,403508,IN,12637
Punjab,Bathinda,151201,IN,12638
Tamil Nadu,Timiri,632512,IN,12639
Karnataka,Bangalore 560076,560076,IN,12640
Tamil Nadu,"Maniyankuzhi, Kanyakumari",629161,IN,12641
Tamil Nadu,Mecheri,636453,IN,12642
Karnataka,Hosapete,583203,IN,12643
Tamil Nadu,Kanchipuram,631605,IN,12644
Karnataka,Bengaluru,560009,IN,12645
Karnataka,Davanagere,577006,IN,12646
Bihar,Sikta,845307,IN,12647
Bihar,Arrah,802302,IN,12648
Odisha,Rasagobindapur,757055,IN,12649
Kerala,Kulasekharapuram P.O Kerla,690546,IN,12650
Uttar Pradesh,Ghorawal,231210,IN,12651
Jharkhand,Ranchi,835101,IN,12652
Andhra Pradesh,Gudivada,521301,IN,12653
Andhra Pradesh,Guntur,522324,IN,12654
Chhattisgarh,Raipur,492101,IN,12655
Kerala,Malappuram,679323,IN,12656
Tamil Nadu,Kanyakumari,629004,IN,12657
Uttar Pradesh,Bhognipur,209312,IN,12658
West Bengal,West Bengal,721301,IN,12659
Tamil Nadu,Chenkalpattu,603319,IN,12660
Haryana,Greater Faridabad,121002,IN,12661
Goa,North Goa,403002,IN,12662
Uttar Pradesh,Maharajganj,273303,IN,12663
Tamil Nadu,Sethiathoppu,608702,IN,12664
Tamil Nadu,Tnpl Pugalur,639113,IN,12665
Andaman and Nicobar Islands,Portbair,744102,IN,12666
Maharashtra,"Pimpri Chinchwad, Chickli Pcntda, Pune",411019,IN,12667
Karnataka,Bagalkot,587104,IN,12668
Tamil Nadu,Attur,636108,IN,12669
Tamil Nadu,Sivaganga,630502,IN,12670
Karnataka,Sindgi,586128,IN,12671
Goa,Margao,403721,IN,12672
Kerala,Thrissur,680516,IN,12673
Rajasthan,Sarwar,305403,IN,12674
Assam,Tinsukia,786170,IN,12675
Haryana,Haryana,121004,IN,12676
Tamil Nadu,Chennai Kancheepuram,600119,IN,12677
West Bengal,Dakshin Odlabari,735209,IN,12678
Karnataka,Udupi,574117,IN,12679
Maharashtra,Cbd Belapur,400614,IN,12680
Uttar Pradesh,Chi V Greater Noida,201310,IN,12681
Tamil Nadu,Sivakasi,626124,IN,12682
Maharashtra,Ambernath West,421503,IN,12683
Gujarat,Vadodara,391243,IN,12684
Odisha,Rairangpur,757047,IN,12685
Goa,Taliegao,403005,IN,12686
Telangana,Karimnagar,506371,IN,12687
Andhra Pradesh,Visakhapatnam,530035,IN,12688
Maharashtra,"Pune,",411037,IN,12689
Chhattisgarh,"Sarona, Raipur",492099,IN,12690
Uttar Pradesh,Lalganj Azamgarh,276202,IN,12691
Maharashtra,Vasai ( W),401207,IN,12692
Rajasthan,Bheem,305921,IN,12693
Maharashtra,Koperkhairane,400709,IN,12694
Rajasthan,Atru,325218,IN,12695
Tamil Nadu,Chennai 64,600064,IN,12696
Andhra Pradesh,Vedurupaka,533345,IN,12697
Kerala,Alappuzha,688522,IN,12698
Karnataka,Ripponpete,577426,IN,12699
Telangana,Kowkoor,500010,IN,12700
Telangana,Secundrabad,500003,IN,12701
West Bengal,Benudia,721601,IN,12702
Andhra Pradesh,Pedapudi,533344,IN,12703
Karnataka,Kushalanagara,571104,IN,12704
Punjab,Leather Complex Industrial Area,144021,IN,12705
Assam,Sivasagar,785640,IN,12706
Maharashtra,Virar (West),401303,IN,12707
Odisha,Rourkela,769009,IN,12708
Tamil Nadu,Kulasekaram,629161,IN,12709
Delhi,South Delhi,110062,IN,12710
Maharashtra,Mumbai 400067,400067,IN,12711
Himachal Pradesh,Hamirpur,176040,IN,12712
Bihar,Bihta Begusarai District,851129,IN,12713
Arunachal Pradesh,Sagalee,791112,IN,12714
Bihar,Mokameh,803303,IN,12715
Kerala,Kadungalloor,683106,IN,12716
Kerala,Ala,680668,IN,12717
Punjab,Mohali,160065,IN,12718
West Bengal,Kolkata,700112,IN,12719
Andhra Pradesh,Nellorenellore,524001,IN,12720
Kerala,Kottayam,686540,IN,12721
Delhi,Shahdara,110093,IN,12722
Tamil Nadu,Madurai,625205,IN,12723
Kerala,Cherthalacherthala,688524,IN,12724
Uttar Pradesh,Robertsganj Sonbhadra,231216,IN,12725
Maharashtra,Mumbai-400 062,400062,IN,12726
Bihar,Kathiar,854105,IN,12727
Maharashtra,Nagothana,402106,IN,12728
Haryana,Ellenabad,125102,IN,12729
Kerala,Tripunitra,682309,IN,12730
Punjab,Gurdaspur,143528,IN,12731
Tamil Nadu,Tindivanam,604306,IN,12732
Karnataka,Kadaba,574221,IN,12733
Tamil Nadu,Tiruppur,639002,IN,12734
Chhattisgarh,Bhilai Charoda   Dist-Durg,490025,IN,12735
Punjab,Goindwal,144628,IN,12736
Kerala,Karukachal,686540,IN,12737
Maharashtra,"Bandra West, Mumbai",400050,IN,12738
Tamil Nadu,"Nannilam, Tiruvarur",610105,IN,12739
Kerala,Chendamangalam,683512,IN,12740
Maharashtra,Mumbai,410210,IN,12741
Kerala,Kottayam,686609,IN,12742
Uttar Pradesh,Pakwara,244102,IN,12743
Odisha,Cuttack,754200,IN,12744
Bihar,Samastipur,848160,IN,12745
Andhra Pradesh,Dachepalli,522414,IN,12746
Maharashtra,Mumbaimumbai,400053,IN,12747
Kerala,Nilambur,679330,IN,12748
Kerala,Kozhikode,673601,IN,12749
Tamil Nadu,Kodavasal,612601,IN,12750
Maharashtra,Mumbai-400066,400066,IN,12751
Andhra Pradesh,Visakhapatnam,531113,IN,12752
Uttarakhand,Haldwani (Nainital),263139,IN,12753
Karnataka,Bengaluru 562125,562125,IN,12754
Tamil Nadu,Gudiyatham,635803,IN,12755
Uttar Pradesh,Pratapgarh,230129,IN,12756
West Bengal,Labhpur,731303,IN,12757
Gujarat,Nasvadi Chhotaudepur,391150,IN,12758
Karnataka,Krishnarajanagara,571602,IN,12759
Assam,Kaliabor,782136,IN,12760
Tamil Nadu,Tiruvallur,600057,IN,12761
Assam,Rangjuli,783130,IN,12762
Himachal Pradesh,Mandi,175124,IN,12763
Karnataka,Sankeshwar,591313,IN,12764
Dadra and Nagar Haveli and Daman and Diu,Silvasaa,396230,IN,12765
Himachal Pradesh,Bilaspur,176040,IN,12766
Maharashtra,Dist. Ratnagiri. ( Mob. No. 9860115770 ),416702,IN,12767
Kerala,Koyilandy,673307,IN,12768
Goa,Baga,403516,IN,12769
Kerala,Calicut,673572,IN,12770
Odisha,Sundargarh,770020,IN,12771
Uttar Pradesh,Roshnabad,209745,IN,12772
Gujarat,Navsari,396427,IN,12773
Assam,Dibrugarh,786008,IN,12774
Punjab,Jalandhar,144030,IN,12775
Haryana,"Faridabad, Sector-91",121003,IN,12776
Bihar,Gaya,824231,IN,12777
Maharashtra,Wardha,444705,IN,12778
Kerala,Pudukad,680301,IN,12779
Bihar,Maner,801108,IN,12780
Himachal Pradesh,Hamirpur,177040,IN,12781
Karnataka,Yenagudde,574105,IN,12782
Rajasthan,"Adarsh Nagar, Jaipur",302004,IN,12783
Gujarat,Vadodara,391250,IN,12784
Maharashtra,"Thane, Kalwa",400605,IN,12785
Karnataka,Heroor,576213,IN,12786
Assam,Dhemaji,787110,IN,12787
Uttar Pradesh,Muzaffarnagar,251203,IN,12788
Himachal Pradesh,Nerchowk Mandi,175008,IN,12789
Uttar Pradesh,Ghazipur,232333,IN,12790
Tamil Nadu,Vadugapatti Theni District,625603,IN,12791
Maharashtra,Vasai (West),401202,IN,12792
Bihar,Narkatiaganj,845451,IN,12793
Uttar Pradesh,Jalalabad,242221,IN,12794
Assam,Katigorah,788805,IN,12795
Maharashtra,Paithan,431107,IN,12796
Kerala,P. O. Cherpu,680561,IN,12797
Goa,"Betim,  Bardez",403101,IN,12798
Kerala,Kollam,691566,IN,12799
Andhra Pradesh,Kurnool,518360,IN,12800
Goa,Pernem,403513,IN,12801
Uttar Pradesh,Varanasi,221403,IN,12802
Bihar,Madhubani,847232,IN,12803
Bihar,Banmankhi Bazar,854202,IN,12804
Maharashtra,Dehu Cantt Civil Township,411044,IN,12805
Tamil Nadu,Radhapuram,627120,IN,12806
Uttarakhand,Dehradun,248198,IN,12807
Karnataka,Pandavapura,571434,IN,12808
Karnataka,Bengaluru 560043,560043,IN,12809
Telangana,Godavarikhani,505209,IN,12810
Assam,Jorhat,785005,IN,12811
Maharashtra,Tcpimpri Chinchwad,411057,IN,12812
Kerala,Ernakulam,682301,IN,12813
Kerala,Kandanassery,680602,IN,12814
Tamil Nadu,Tindivanam Villupuram District,604001,IN,12815
Karnataka,Gadag Betigeri,582103,IN,12816
Uttar Pradesh,Lakhimpur-Kheri,262701,IN,12817
Gujarat,Baroda,390010,IN,12818
Maharashtra,Thane,401301,IN,12819
Maharashtra,Borli Panchtan,402403,IN,12820
Telangana,Karimnagar,505172,IN,12821
Rajasthan,Sikar Rode Jaipur,302039,IN,12822
Kerala,Perumbaikad,686016,IN,12823
Gujarat,Barwala,382450,IN,12824
Gujarat,Botad,364710,IN,12825
Karnataka,Uttara Kannada,581318,IN,12826
Karnataka,Hd Kote,571114,IN,12827
Andhra Pradesh,Kasibugga,532222,IN,12828
Tamil Nadu,Tiruvarur,614102,IN,12829
Assam,Titabor Town,785630,IN,12830
Goa,"Patto,  Panaji -Goa",403001,IN,12831
Tamil Nadu,Trichy,621305,IN,12832
Karnataka,Bangalore Rural,560036,IN,12833
Jammu & Kashmir,Srinagar,190009,IN,12834
Telangana,Chityala,508114,IN,12835
Maharashtra,"Mumbai, Powai",400076,IN,12836
Odisha,"Bharatpur , Bhubaneswar",751003,IN,12837
Kerala,Pallippuram Thiruvananthapuram District,695316,IN,12838
Tamil Nadu,Ooty,643002,IN,12839
Uttar Pradesh,Chakia,232103,IN,12840
Jharkhand,Ghatsila,832303,IN,12841
Telangana,Rajendranagar,500086,IN,12842
Gujarat,"Umalla ,Di:Bharuch",393120,IN,12843
Kerala,"Andoorkonam, Trivandrum",695584,IN,12844
Kerala,"Thrikkakara, Kakkanad",682021,IN,12845
Karnataka,Bantwal,574265,IN,12846
Assam,Sivsaghr,785662,IN,12847
Andhra Pradesh,Giddaluru,523357,IN,12848
West Bengal,Kolkata,700119,IN,12849
Kerala,Alappuzha,690548,IN,12850
Karnataka,Bangalore 560062,560062,IN,12851
Madhya Pradesh,Bhopal,462066,IN,12852
Tamil Nadu,Urapakkam West,603202,IN,12853
Haryana,Rania,125076,IN,12854
Chhattisgarh,Narharpur,494335,IN,12855
Kerala,Koliyoor,695523,IN,12856
Karnataka,Belagavi,591124,IN,12857
Tamil Nadu,"Pudupattinam,Kalpakkam",603102,IN,12858
Maharashtra,Bhayandar (West),401101,IN,12859
Kerala,Kozhikode,673106,IN,12860
Kerala,Kollam,691005,IN,12861
Kerala,Kottarakara,691531,IN,12862
Andhra Pradesh,Hiramandalam,532459,IN,12863
Karnataka,Bangalore North Vidyaranyapura Post,560097,IN,12864
Uttar Pradesh,Etha,207001,IN,12865
Maharashtra,Chandrapur,440013,IN,12866
Rajasthan,Banswara,327608,IN,12867
West Bengal,Howrah 711112,711112,IN,12868
Andhra Pradesh,Visakhapaynam,530045,IN,12869
Telangana,Matampally,508204,IN,12870
Karnataka,Bangalore Rural,562114,IN,12871
Kerala,Kottayam,686632,IN,12872
Haryana,District Fatehabad,125133,IN,12873
Punjab,Amritsar,143107,IN,12874
Madhya Pradesh,Indore,452004,IN,12875
Chhattisgarh,Pakhanjur,494776,IN,12876
West Bengal,Bethuadahari,741126,IN,12877
Karnataka,Coramendal Post Kgf,563118,IN,12878
Kerala,Kochi,683104,IN,12879
Telangana,"Narsapur , Medak District",502313,IN,12880
Punjab,Machhiwara,141115,IN,12881
Uttar Pradesh,Pratapgarh,230403,IN,12882
Arunachal Pradesh,Yazali,791119,IN,12883
Tamil Nadu,Tirunelveli,627812,IN,12884
Andhra Pradesh,Bemili,531162,IN,12885
West Bengal,New Town,700091,IN,12886
Maharashtra,Chinchwad Pune,411033,IN,12887
West Bengal,Kolkata,743503,IN,12888
Kerala,Pala,686575,IN,12889
Kerala,Thonnakkal,695317,IN,12890
Maharashtra,"Mulund East, Mumbai",400081,IN,12891
Tamil Nadu,Kanyakumari,629202,IN,12892
Tamil Nadu,Thookkanaikampalayam,638506,IN,12893
Maharashtra,Malad West,400064,IN,12894
Maharashtra,"Borivali (W), Mumbai",400091,IN,12895
Uttar Pradesh,Bareilly,243202,IN,12896
Bihar,Sheohar,843334,IN,12897
Kerala,Kariyannur,680584,IN,12898
Karnataka,Karatagi,583229,IN,12899
Bihar,Saharsa,852106,IN,12900
Delhi,North West Delhi,110035,IN,12901
Bihar,Danapur,800012,IN,12902
West Bengal,Garbeta,721127,IN,12903
Gujarat,Junagadh,362002,IN,12904
Telangana,Ramagundam,505214,IN,12905
Maharashtra,Pune,412205,IN,12906
Kerala,Puthuppally,686021,IN,12907
Delhi,Delhi,110024,IN,12908
Delhi,Delhi,110049,IN,12909
Maharashtra,Dombivili East,421204,IN,12910
Rajasthan,Sri Ganganagar,335805,IN,12911
Madhya Pradesh,Pachore,465683,IN,12912
Maharashtra,Thergoan,411033,IN,12913
Telangana,Secunderabad,500049,IN,12914
Telangana,Papannapet,502125,IN,12915
Tamil Nadu,Nathampannai,622002,IN,12916
Kerala,Thrissur,680586,IN,12917
Uttar Pradesh,Gola Cholapur Varanasi,221101,IN,12918
Karnataka,Shivamogga,577233,IN,12919
Gujarat,Bharuch,392012,IN,12920
Uttar Pradesh,Kalinagar,262124,IN,12921
Chandigarh,Chandigarhchandigarh,160011,IN,12922
West Bengal,Burdwan,713127,IN,12923
Karnataka,Gajendragarh,582114,IN,12924
Odisha,Dhenkanal,759039,IN,12925
Karnataka,Bangalore Rural,560067,IN,12926
Uttar Pradesh,Jais,229305,IN,12927
Tamil Nadu,Sirkali,609111,IN,12928
Kerala,Kumbabad,689547,IN,12929
Tamil Nadu,Chennaichennai,600100,IN,12930
Kerala,Palakkad,679554,IN,12931
Tamil Nadu,Nallur Kanniyakumari District,629171,IN,12932
Andhra Pradesh,Peddamaddhuru,522020,IN,12933
Kerala,Avittathur,680683,IN,12934
Tamil Nadu,Kaniyur Tiruppur District,642113,IN,12935
Punjab,Ludhiana,142027,IN,12936
Rajasthan,"Sardarshahar, Churu",302016,IN,12937
West Bengal,Contai,721427,IN,12938
Kerala,Malappuram,676305,IN,12939
Tamil Nadu,Puliyur,639114,IN,12940
Maharashtra,"Mulund (West), Mumbai",400080,IN,12941
Maharashtra,Kodoli Panhala,416114,IN,12942
Karnataka,Bangalore,560057,IN,12943
Tamil Nadu,Courtalam,627802,IN,12944
West Bengal,Gobardanga,743247,IN,12945
Bihar,Supaul,852130,IN,12946
West Bengal,Kakdihi,721137,IN,12947
Tamil Nadu,Tiruvallur,600037,IN,12948
Maharashtra,"Dombivli West, Thane Dist",421202,IN,12949
Tripura,Sonamura,799131,IN,12950
Odisha,Dhenkanal,759015,IN,12951
Maharashtra,"Kothrud,Pune",411029,IN,12952
Telangana,Miyapur Hyderabad,500032,IN,12953
Maharashtra,Rahuri Factory,413706,IN,12954
Kerala,Kumbalangy,682007,IN,12955
Rajasthan,Jaipur,303704,IN,12956
Kerala,Karunagapally,690528,IN,12957
Telangana,Suryapet,508204,IN,12958
Tamil Nadu,"Kovaipudur, Coimbatore",641042,IN,12959
Punjab,Moga,142054,IN,12960
Maharashtra,"Bhayander (E), Thane",401105,IN,12961
Andhra Pradesh,Ryali,533236,IN,12962
West Bengal,Madhyamgram,700132,IN,12963
Bihar,Jhanjharpur Rs,847403,IN,12964
Kerala,Cochin,682017,IN,12965
Kerala,Idukki,685592,IN,12966
Punjab,Raja Sansi,143001,IN,12967
Tamil Nadu,Aralvaimozhi,629302,IN,12968
Andhra Pradesh,Prattipadu,533432,IN,12969
Uttar Pradesh,Prayagraj,211008,IN,12970
Kerala,Palakkad,678701,IN,12971
Karnataka,Virajpete,571214,IN,12972
Maharashtra,Medha,415012,IN,12973
West Bengal,"Bally, Bally Station",711201,IN,12974
Kerala,Kottayam,686533,IN,12975
Delhi,South West Delhi,110023,IN,12976
Kerala,Elamakkara Kochi,682026,IN,12977
Tamil Nadu,Alanthurai,641101,IN,12978
Andhra Pradesh,"Ainavilli Mandal, East Godhavari",533211,IN,12979
Maharashtra,Titwala,421605,IN,12980
Maharashtra,Koperkhairne,400709,IN,12981
Andhra Pradesh,Visakhapatnam,531163,IN,12982
Kerala,Thiruvananthapuram,695302,IN,12983
Madhya Pradesh,Panna,488001,IN,12984
Odisha,Nayagarh,752080,IN,12985
Himachal Pradesh,Kangra,177108,IN,12986
Maharashtra,Amravati,444908,IN,12987
Maharashtra,Kolhar-Bhagwatipur,413710,IN,12988
Tamil Nadu,Dharmapuri,636807,IN,12989
Odisha,"Tangi, Cuttack",754022,IN,12990
Chhattisgarh,Pandaria Kabirdham,491559,IN,12991
Maharashtra,Ulhasnagar 1,421001,IN,12992
Karnataka,"Yelahanka, Karnataka, 560064",560064,IN,12993
Karnataka,Athni,591304,IN,12994
Tamil Nadu,"T.Vadipatti,Madurai",625218,IN,12995
Uttar Pradesh,Distt Shamli,247775,IN,12996
Kerala,Chazhoor,680571,IN,12997
Rajasthan,Sadulshahar,335062,IN,12998
Karnataka,Narasimharajapura,577112,IN,12999
Himachal Pradesh,Arki,173208,IN,13000
Tamil Nadu,Madhurai Uthangudi,625107,IN,13001
Andhra Pradesh,Industrial Park Naidupet,524421,IN,13002
Goa,Assonora,403503,IN,13003
Tamil Nadu,Kanyakumari,629158,IN,13004
Bihar,Bairgania,843313,IN,13005
Goa,Colvale,403501,IN,13006
Kerala,Kakkanad West,682030,IN,13007
Andhra Pradesh,Ganapavaram,534198,IN,13008
Telangana,Secunderabad,500007,IN,13009
Telangana,Khammam,507170,IN,13010
Odisha,Bhubaneswar,751029,IN,13011
Uttar Pradesh,Loni Ghaziabad,201102,IN,13012
Telangana,Jayashankar Bhupalpally,505504,IN,13013
Maharashtra,Virar.  (W),401303,IN,13014
Andhra Pradesh,Kotauratla,531085,IN,13015
Delhi,New Delhi 45,110045,IN,13016
Kerala,Kannur,670621,IN,13017
Andhra Pradesh,Munagapadu,521229,IN,13018
Uttar Pradesh,Bara Gaon,284121,IN,13019
Kerala,Kannur,670325,IN,13020
Maharashtra,Shirur Kasar,413249,IN,13021
Himachal Pradesh,Shimla,171206,IN,13022
Tamil Nadu,Pennagaram,636813,IN,13023
Chandigarh,Chandigarh,160102,IN,13024
Karnataka,Mulki,574146,IN,13025
Uttar Pradesh,Mehnagar,276204,IN,13026
Kerala,Kochi,682312,IN,13027
Kerala,Amballur,682314,IN,13028
Kerala,Karumaloor,683511,IN,13029
Punjab,Budhlada,151503,IN,13030
West Bengal,Kolkata 700145,700145,IN,13031
Kerala,Thiruvalla,689111,IN,13032
Uttar Pradesh,Banki Barabanki,225001,IN,13033
Tamil Nadu,"Thirupatture District,Tamilnadu.India.",635653,IN,13034
Tamil Nadu,Tiruchirappalli,621002,IN,13035
West Bengal,Kokkata,700106,IN,13036
Maharashtra,Mansarovar (Ksmothe),410209,IN,13037
Uttar Pradesh,Kachhwa,231501,IN,13038
Bihar,Barh,803213,IN,13039
Kerala,Edappally North,682024,IN,13040
West Bengal,Khardah,700119,IN,13041
Maharashtra,Shirol,416103,IN,13042
Karnataka,Bengaluru,560044,IN,13043
Delhi,Rashid Market,110051,IN,13044
Assam,Guwahati,781027,IN,13045
Uttar Pradesh,Aligarh,202123,IN,13046
Maharashtra,Talegàon Dabhade Pune,411019,IN,13047
Rajasthan,Mandawar,321609,IN,13048
Kerala,Pathanamthitta,689674,IN,13049
Kerala,Vaikom P.O,686141,IN,13050
Kerala,"Varam, Kannur",670594,IN,13051
West Bengal,Singur,712409,IN,13052
West Bengal,Dhania,743711,IN,13053
West Bengal,Farakka,742212,IN,13054
Maharashtra,Nagpur,441109,IN,13055
Madhya Pradesh,Dhana,470228,IN,13056
Andhra Pradesh,Ponduru,532168,IN,13057
Tamil Nadu,Karaikkudi Sivagangai,630001,IN,13058
Maharashtra,Thakurli East,421201,IN,13059
Kerala,Cherkala,671541,IN,13060
Telangana,Medak,502290,IN,13061
Kerala,Chirayankil,695304,IN,13062
Gujarat,Santrampur,389260,IN,13063
Kerala,Kochi,683589,IN,13064
Assam,Goalpara,783121,IN,13065
Haryana,Radaur,135133,IN,13066
Rajasthan,Udaipur Mavli,313203,IN,13067
Andhra Pradesh,Puttur,517584,IN,13068
Maharashtra,Kolhapur,415412,IN,13069
Jharkhand,Bokaro Steel City,827011,IN,13070
Uttar Pradesh,Lucknow,227305,IN,13071
Tamil Nadu,Tiruppur,641029,IN,13072
Maharashtra,Moshi,412105,IN,13073
Gujarat,At And Post Nabipur .. Dist Bharuch,392210,IN,13074
Assam,Lakhimpur,787001,IN,13075
Rajasthan,Pal Road Jodhpur,342001,IN,13076
Kerala,Kottayam,686653,IN,13077
Kerala,Thrissur,679561,IN,13078
Uttar Pradesh,Hamirpur,210506,IN,13079
Uttar Pradesh,Bhulepur,224143,IN,13080
Uttar Pradesh,Atarra,210201,IN,13081
Punjab,Rayya,143112,IN,13082
Maharashtra,Ambernath,421502,IN,13083
Telangana,"Mulugupally, Kataram",505503,IN,13084
Andhra Pradesh,"Parvathipuram, Vizianagaram Dist",535522,IN,13085
Kerala,"Ottapalam, Palakkad",679103,IN,13086
Tamil Nadu,Chennai-81,600081,IN,13087
Maharashtra,"Thane, Diva",400612,IN,13088
Kerala,Muzhappilangad,670662,IN,13089
Gujarat,Savli,391770,IN,13090
Andhra Pradesh,"Puttaparthi, Anantapur District",515134,IN,13091
Haryana,Sonepat,131001,IN,13092
Rajasthan,Nimbahera,312601,IN,13093
Jharkhand,Bokaro Steel City,827014,IN,13094
Haryana,Chhachhrauli,135103,IN,13095
Mizoram,Lawngtlai,796891,IN,13096
Kerala,Thrissur,680617,IN,13097
Andaman and Nicobar Islands,Kamorta,744303,IN,13098
Kerala,Ernakulam,683544,IN,13099
Uttar Pradesh,Barhaj,274182,IN,13100
Madhya Pradesh,"Vindhyanagar, Singrauli",486885,IN,13101
Karnataka,Mulur,574145,IN,13102
Assam,"Sivasagar,Sunpura Gohain Gaon",785640,IN,13103
West Bengal,Kolkata,700144,IN,13104
Andhra Pradesh,Allur,524315,IN,13105
Kerala,Vadakkummuri,680570,IN,13106
West Bengal,"Chandannagar, Hooghly",712136,IN,13107
Tamil Nadu,"Nanganallur, Chennai",600061,IN,13108
Madhya Pradesh,Balaghat,481441,IN,13109
Haryana,Gurgaon,122413,IN,13110
Maharashtra,Kalyan E,421306,IN,13111
Bihar,Balia,851211,IN,13112
Tamil Nadu,Krishnagiri Dt,635112,IN,13113
Maharashtra,Indapur,413132,IN,13114
Uttar Pradesh,Jaunpur,222132,IN,13115
Madhya Pradesh,Bari,464665,IN,13116
Madhya Pradesh,Bhopal,462020,IN,13117
Punjab,Zirakhpur,140604,IN,13118
Karnataka,Tumakuru,572114,IN,13119
Uttar Pradesh,Debai,203389,IN,13120
Odisha,Baleshwar,756026,IN,13121
Kerala,North Paravur,683512,IN,13122
Gujarat,Mangrol,394430,IN,13123
Delhi,New Delhis,110032,IN,13124
Tamil Nadu,Viralimalai,621316,IN,13125
Maharashtra,Rajur Ahmadnagar District,422604,IN,13126
Assam,Jagiroad,782410,IN,13127
Punjab,Budhlada,151502,IN,13128
Goa,Verna Goa,403722,IN,13129
Goa,Panjim,403201,IN,13130
Andhra Pradesh,Nutakki,522303,IN,13131
Kerala,Kovoor,673008,IN,13132
Maharashtra,Solapur,416404,IN,13133
Bihar,Begusarai District,851116,IN,13134
Madhya Pradesh,Amlai,484110,IN,13135
Assam,Nagaon,782460,IN,13136
Andhra Pradesh,Duvvur,516175,IN,13137
Kerala,Elampalloor,691504,IN,13138
Kerala,Kollam,691583,IN,13139
West Bengal,"Belgharia, Kolkata",700056,IN,13140
Kerala,Edathala,683564,IN,13141
Karnataka,Mangalore,574267,IN,13142
Andhra Pradesh,Anantapalli,534111,IN,13143
Karnataka,Koteshwar,576222,IN,13144
Maharashtra,Jalgaon,425304,IN,13145
Andhra Pradesh,Krishna,521126,IN,13146
Odisha,Gunupur,765029,IN,13147
Dadra and Nagar Haveli and Daman and Diu,Moti Daman,396220,IN,13148
Maharashtra,Ellora,431102,IN,13149
Maharashtra,Thane,421605,IN,13150
Kerala,Kanjirappally,686507,IN,13151
Karnataka,Narasimharajapura,577134,IN,13152
Andhra Pradesh,"Tadepalli, Guntur Dt.",522501,IN,13153
Haryana,Jakhal Mandi,125133,IN,13154
Madhya Pradesh,Bhopal,462013,IN,13155
Haryana,Gurgaon,122051,IN,13156
Kerala,Kodungalur,680664,IN,13157
Bihar,Sangrampur,813212,IN,13158
Maharashtra,Kalyan West/ Dist Thane,421301,IN,13159
Andhra Pradesh,"Atmakur  (M), Kurnool Dist",518422,IN,13160
Uttar Pradesh,District-Fatehpur,212657,IN,13161
West Bengal,North Dinajpur,733208,IN,13162
Jharkhand,Ranchi2,834002,IN,13163
Telangana,Manthani,505184,IN,13164
Kerala,Kuttanad,689572,IN,13165
Kerala,Kannur,670642,IN,13166
Madhya Pradesh,Maihar Satna,485771,IN,13167
Puducherry,Cuddalore/Pondy Road,605007,IN,13168
West Bengal,Halisahar,743135,IN,13169
Andhra Pradesh,Tada,524401,IN,13170
Tamil Nadu,Coimbatore 25,641025,IN,13171
Jharkhand,Ramgarh Cantonment Township,829103,IN,13172
Kerala,Pallikkunnu,670014,IN,13173
Assam,Beltola Guwahati,781028,IN,13174
Madhya Pradesh,Bhopal,462007,IN,13175
Telangana,Mahbubnagar,509408,IN,13176
Chhattisgarh,Chirmiri,497451,IN,13177
Punjab,Jalandhar,144201,IN,13178
West Bengal,Bardhaman,713216,IN,13179
Tamil Nadu,Vellore,632011,IN,13180
Tamil Nadu,Valathur,635813,IN,13181
Himachal Pradesh,Bhoranj,177025,IN,13182
Odisha,Jagatsinghpur,754102,IN,13183
Assam,Karimganj,788711,IN,13184
Puducherry,"Navarkulam, Lawspet",605008,IN,13185
Bihar,Sultanganj,813213,IN,13186
Odisha,Malkangiri,764044,IN,13187
Karnataka,Haleangady Mangaluru,574146,IN,13188
Gujarat,Nadiad,387330,IN,13189
West Bengal,"Kolkata, India",700143,IN,13190
Maharashtra,Kolhapur,416119,IN,13191
Telangana,Bachupally,500090,IN,13192
West Bengal,Bongaon,743251,IN,13193
Kerala,Ernakulam,682002,IN,13194
Gujarat,"Adipur, Gandhidham",370205,IN,13195
Maharashtra,Ambad,431204,IN,13196
Karnataka,Daddi,591254,IN,13197
Kerala,Chethipuzha,686538,IN,13198
Jharkhand,Deoghar,814157,IN,13199
Tamil Nadu,Dhalavoipuram,626122,IN,13200
Kerala,Mayyanad,691303,IN,13201
Karnataka,"Manipal,Udupi",576104,IN,13202
Kerala,"Pattambi,Palakkad",679308,IN,13203
Andhra Pradesh,Srikakulam,532123,IN,13204
Kerala,"Kavalam, Alappuzha",688506,IN,13205
Goa,Panaji,403005,IN,13206
Uttar Pradesh,Hathras,281306,IN,13207
Odisha,Dhenkanal,759013,IN,13208
West Bengal,Rajarhaat,700136,IN,13209
Odisha,Baleshwar,756126,IN,13210
Karnataka,Vijapura,586129,IN,13211
Kerala,Kurattikadu,689622,IN,13212
Uttarakhand,Shaktigarh,263151,IN,13213
Kerala,P.O Chettipadi,676319,IN,13214
Himachal Pradesh,Una,174507,IN,13215
Karnataka,"Yelahanka 64,Bengaluru",560064,IN,13216
Telangana,Medak,505528,IN,13217
Madhya Pradesh,Betul,460663,IN,13218
Odisha,Cuttack,754037,IN,13219
Kerala,"Perumbavoor,Maruthukavala",683542,IN,13220
Telangana,Amangal,509321,IN,13221
Kerala,Chegannur,689124,IN,13222
Dadra and Nagar Haveli and Daman and Diu,"Nani Daman,Daman",396210,IN,13223
Telangana,Medchal,500078,IN,13224
Maharashtra,"Butibori, Nagpur",441108,IN,13225
Uttar Pradesh,Jansath,251314,IN,13226
Tamil Nadu,Dharapadavedu,632202,IN,13227
Madhya Pradesh,Khandwa,450119,IN,13228
Tamil Nadu,Thirupparankundran,625005,IN,13229
Maharashtra,Ratnagiri,415601,IN,13230
Tamil Nadu,Erode,638476,IN,13231
Haryana,Maham,124112,IN,13232
Maharashtra,Pimpri Chinchwad,411038,IN,13233
Telangana,Nalgonda,508277,IN,13234
Uttar Pradesh,Noida,221001,IN,13235
Andhra Pradesh,Gollapudi Vijayawada Rural,521225,IN,13236
Odisha,Baisinga,757028,IN,13237
Jharkhand,Maheshpur,816106,IN,13238
Uttar Pradesh,Noida Sector 75,201301,IN,13239
Himachal Pradesh,Jogindarnagar,175012,IN,13240
Maharashtra,Dombivli (E) Dist.Thane,421201,IN,13241
Uttar Pradesh,Gr. Noida,201301,IN,13242
Tamil Nadu,Cheyyur,603305,IN,13243
Andhra Pradesh,Karamchedu,523168,IN,13244
Rajasthan,Sarmathura,328026,IN,13245
Odisha,Nabarangapur,764063,IN,13246
Maharashtra,Pimpri-Chinchwad,411057,IN,13247
Kerala,"Pennukkara,Chengannur,Alappuzha",689520,IN,13248
Chhattisgarh,Rajnandgaon,491557,IN,13249
Delhi,New Delhi 110058,110058,IN,13250
Punjab,Jalandhar,144806,IN,13251
Tamil Nadu,Kancheepuram,603310,IN,13252
Odisha,Kendujhar,758082,IN,13253
Kerala,Ernakulam,683110,IN,13254
Andhra Pradesh,Guntur,522436,IN,13255
Madhya Pradesh,Rajgarh,465661,IN,13256
Andhra Pradesh,Gudluru,523281,IN,13257
Andhra Pradesh,"West Godavari District, Eluru",534007,IN,13258
Karnataka,Bengalur,560097,IN,13259
Maharashtra,Thane- 401107,401107,IN,13260
Kerala,Kattur,680702,IN,13261
Kerala,Kottayam,686003,IN,13262
Gujarat,"Khodiyar, Ahmedabad",382421,IN,13263
Bihar,Gaya,824206,IN,13264
Gujarat,Ahmedabad,380063,IN,13265
Uttar Pradesh,Sonebhadra,231218,IN,13266
Maharashtra,Deulgaon Raja,443204,IN,13267
Kerala,Ernakulam,682034,IN,13268
Odisha,Brajarajnagar,768233,IN,13269
Tamil Nadu,Vellore,632402,IN,13270
Telangana,Medak,505467,IN,13271
Maharashtra,Murmadi,441809,IN,13272
Andhra Pradesh,Madanapalle,517319,IN,13273
Uttar Pradesh,"Chhata , Mathura",281401,IN,13274
Andhra Pradesh,Nagalapuram,517589,IN,13275
Gujarat,Deesa,385535,IN,13276
Jharkhand,Katras,828113,IN,13277
Delhi,Delhi,110076,IN,13278
Uttarakhand,Haldwani,263126,IN,13279
Uttar Pradesh,Greater Noida West,203207,IN,13280
Tamil Nadu,Thirupuvanam Sivaganga District,630611,IN,13281
Kerala,Pangode,695609,IN,13282
Delhi,Laxmi Nagar,110092,IN,13283
Rajasthan,Gogunda,313705,IN,13284
Uttar Pradesh,Kulpahar,210426,IN,13285
Andhra Pradesh,Porumamilla,516193,IN,13286
Uttar Pradesh,Gauri Bazar,274202,IN,13287
Uttarakhand,Ghansali,249155,IN,13288
Kerala,Malappuram,673634,IN,13289
Tamil Nadu,Udumalpet,642128,IN,13290
Uttar Pradesh,Noida Extension,201306,IN,13291
Maharashtra,Dahanu West,401602,IN,13292
Bihar,Darbhanga,847303,IN,13293
Telangana,Jainoor,504313,IN,13294
Tamil Nadu,Elapakkam (Post) Chengalpattu  (District),603201,IN,13295
Uttar Pradesh,Behat,247121,IN,13296
Maharashtra,Lonavala,410402,IN,13297
Madhya Pradesh,Obedullahganj,464993,IN,13298
Andhra Pradesh,Pamarru,533305,IN,13299
Telangana,Nalgonda,508213,IN,13300
Bihar,Aurangabad,824111,IN,13301
Andhra Pradesh,Bheemunipatnam,531162,IN,13302
Madhya Pradesh,Singrauli,486888,IN,13303
Karnataka,Bangalore,560065,IN,13304
Chhattisgarh,"Takhatpur,Dist - Bilaspur",495330,IN,13305
Bihar,Banka,813211,IN,13306
Chhattisgarh,Sariya,496554,IN,13307
Uttar Pradesh,Baghpat,250623,IN,13308
Telangana,Dammapeta,507306,IN,13309
Maharashtra,Kolhapur,416508,IN,13310
Karnataka,Nagamangala,571432,IN,13311
Madhya Pradesh,"Shankarpuri ,Gwalior ,Morar",474006,IN,13312
Andhra Pradesh,Kutukuluru,533264,IN,13313
Tamil Nadu,Pethanaickenpalayam,636119,IN,13314
Odisha,Cuttack,754130,IN,13315
Madhya Pradesh,Seoni Malwa,461223,IN,13316
Telangana,Rangaareddy,509358,IN,13317
Bihar,Gidhaur,811305,IN,13318
Andhra Pradesh,Chittoor,517569,IN,13319
Maharashtra,"Ichalkaranji, Kolhapur",416115,IN,13320
Tamil Nadu,Peralam,609405,IN,13321
Maharashtra,Kolhapur,416502,IN,13322
Karnataka,Belthangady,574214,IN,13323
Odisha,Debagarh,768109,IN,13324
Kerala,"Kallambalam ,28Th Mile Vettiyara P.O",695603,IN,13325
Uttar Pradesh,Bindki Fatehpur,212657,IN,13326
Maharashtra,"Goregaon West, Mumbai",400104,IN,13327
Karnataka,Chikamagalur,577124,IN,13328
Tamil Nadu,"Pallikaranai, Chennai",600100,IN,13329
Gujarat,Talaja,364140,IN,13330
Uttar Pradesh,Gyanpur,221304,IN,13331
Uttarakhand,Selaqui Dehradun,248197,IN,13332
Uttar Pradesh,Ramnagar Varanasi,221008,IN,13333
Kerala,Palakkad,679340,IN,13334
Rajasthan,Padampur,335041,IN,13335
West Bengal,South 24 Parganas,743330,IN,13336
Haryana,Gurgaon,122050,IN,13337
Karnataka,Bangalore South,560100,IN,13338
Assam,"Biswanath Chariali, Biswanath",784176,IN,13339
Kerala,Thrissur,680589,IN,13340
Uttar Pradesh,Lucknown,226028,IN,13341
West Bengal,Hanskhali,741505,IN,13342
Tamil Nadu,"Mettupalayam ,Coimbatore District.",641301,IN,13343
Kerala,Ernakulam Dist.,683511,IN,13344
West Bengal,Rajpur Sonarpur,743330,IN,13345
Kerala,Nhangattiri,679303,IN,13346
Maharashtra,Parbhani,431510,IN,13347
West Bengal,"New Town, Rajarhat",700156,IN,13348
Kerala,Hosdurg,671533,IN,13349
Karnataka,Mysuru,570027,IN,13350
Himachal Pradesh,Dist Una,174308,IN,13351
Kerala,"Mala,Thrissur",680732,IN,13352
West Bengal,Kolkata,700161,IN,13353
Kerala,Thrithala,679305,IN,13354
Andhra Pradesh,Narasapur,533251,IN,13355
Odisha,Rajasunakhala,752065,IN,13356
Kerala,Aluva Ernakulam,683102,IN,13357
Tamil Nadu,"Thiruvottiyur,Chennai",600019,IN,13358
Maharashtra,Mumbai,421203,IN,13359
Andhra Pradesh,Kurnool,518218,IN,13360
Maharashtra,"Borivali West, Munbai",400091,IN,13361
Telangana,"Khammam ,Nelakondapalli",507160,IN,13362
Meghalaya,Jengjal Waribok,794002,IN,13363
Andhra Pradesh,Kurichedu,523304,IN,13364
Andhra Pradesh,Bangarupalyam,517416,IN,13365
Telangana,Warangal Industrial Area,506151,IN,13366
Karnataka,Saligram,576226,IN,13367
Andhra Pradesh,Vizianagaram,535547,IN,13368
Maharashtra,Solapur,413304,IN,13369
Kerala,Trivarndrum,695587,IN,13370
Bihar,Sitamarhi,843333,IN,13371
Tamil Nadu,Madurai,625110,IN,13372
Goa,North Goa,403501,IN,13373
Tamil Nadu,Redhills,600052,IN,13374
Gujarat,"Adajan Gam, Surat",395009,IN,13375
Uttar Pradesh,Baberu,210121,IN,13376
Madhya Pradesh,Amlohri,486887,IN,13377
Bihar,Purnea,854329,IN,13378
Delhi,South West Delhi,110010,IN,13379
Uttar Pradesh,Nizamabad,276206,IN,13380
Maharashtra,"Harsul, Aurangabad 431001",401107,IN,13381
Gujarat,Balasinor,388255,IN,13382
Bihar,Sitamadhi,843228,IN,13383
Uttar Pradesh,Bansdih,277210,IN,13384
Himachal Pradesh,Kangra,176022,IN,13385
Karnataka,Kudchi,591316,IN,13386
Punjab,Vpo Rauni,141415,IN,13387
Andhra Pradesh,Vidyanagar,524413,IN,13388
Odisha,Berhampur,761001,IN,13389
Kerala,Kunnamangalam ( Via) Calicut,673571,IN,13390
Andhra Pradesh,Gollaprolu,533445,IN,13391
Uttar Pradesh,"Nautanwa, Maharajganj",273162,IN,13392
Bihar,Barh,803215,IN,13393
Karnataka,Chamarajanagar,571127,IN,13394
Chhattisgarh,Kirandul,494556,IN,13395
Rajasthan,Sikar,332317,IN,13396
West Bengal,Kotulpur,722141,IN,13397
Kerala,Trivandrum,695043,IN,13398
Rajasthan,"Sardarshahar ,Churu",331403,IN,13399
Nagaland,Medziphema,797106,IN,13400
Gujarat,"Manavadar, Junagdh",362630,IN,13401
West Bengal,Tehatta,741163,IN,13402
Assam,Nagaon,782103,IN,13403
Uttar Pradesh,Sarai Mir,276305,IN,13404
Kerala,Calicut,673008,IN,13405
Andhra Pradesh,Movva,521135,IN,13406
Karnataka,Mangalore,575030,IN,13407
Delhi,New Delhi (North),110084,IN,13408
Maharashtra,Khandala,410302,IN,13409
Kerala,Pallikkal,673636,IN,13410
Kerala,Munderi,670591,IN,13411
Kerala,Kannur,670594,IN,13412
Kerala,"Muvattupuzha , Ernakulam Dst",686670,IN,13413
Uttarakhand,Chamoli,246424,IN,13414
Telangana,Miryagudem,508218,IN,13415
Tamil Nadu,Nagapattinam,609811,IN,13416
Kerala,Kalanad Post. Melparamba Kasaragod,671121,IN,13417
Kerala,Thrissur,680684,IN,13418
West Bengal,New Barrackpore,700131,IN,13419
Telangana,Sathupally,507164,IN,13420
Odisha,Charibatia,754028,IN,13421
Goa,Mapusa,403526,IN,13422
Bihar,Madhubani,847108,IN,13423
Haryana,"Mitrol,Palwal",121105,IN,13424
Maharashtra,Vikramgad,401605,IN,13425
Delhi,Shalimar Bagh,110088,IN,13426
Madhya Pradesh,Pasan,484336,IN,13427
Bihar,Aurangabad,824303,IN,13428
Assam,Mendipathar,783126,IN,13429
Telangana,"Hanamkonda ,Warangal",506010,IN,13430
Bihar,Surajgarha,811106,IN,13431
Andhra Pradesh,Bommuru Rajahmundry,533124,IN,13432
Maharashtra,Satara,412805,IN,13433
Telangana,"Mehadipatnam ,Hyderabad",500028,IN,13434
Andhra Pradesh,Hyderabad,500018,IN,13435
Andhra Pradesh,Pedapadu Mandal,534437,IN,13436
Tamil Nadu,Kurinjipadi,607302,IN,13437
Kerala,Pathanamthitta,689614,IN,13438
Punjab,Derabassi,140603,IN,13439
Uttar Pradesh,Bansi,272153,IN,13440
West Bengal,Dhaniakhali,712302,IN,13441
Karnataka,Bengalurubangalore,560100,IN,13442
Maharashtra,Kalwa,400605,IN,13443
Tamil Nadu,"Akash Nagar Annexe, Manimedu",600128,IN,13444
Andhra Pradesh,Amalapuram,533222,IN,13445
Maharashtra,Nalasopara,401203,IN,13446
Madhya Pradesh,Damua,480555,IN,13447
Tamil Nadu,Pillanallur,637403,IN,13448
Karnataka,Hulsoor,585416,IN,13449
Punjab,Firozpur,152003,IN,13450
Andhra Pradesh,Ongole,523272,IN,13451
Kerala,Neyyattinkara,695133,IN,13452
Andhra Pradesh,Chittoor,517172,IN,13453
Tamil Nadu,Chettipalayam Coimbatore District,641201,IN,13454
Uttar Pradesh,Gorakhpur,273202,IN,13455
Kerala,Perinthalmanna,679340,IN,13456
Andhra Pradesh,Kadapa,516312,IN,13457
Uttar Pradesh,Lalganj Azamgarh U. P,276202,IN,13458
Madhya Pradesh,Sehore,466661,IN,13459
Tamil Nadu,New Perungalathur,600063,IN,13460
Tamil Nadu,Tindivanam,604303,IN,13461
Telangana,Mahbubnagar,509207,IN,13462
Kerala,Nadapuram,673506,IN,13463
Maharashtra,"Butibori Midc,",441122,IN,13464
Maharashtra,Arvi,442201,IN,13465
Andhra Pradesh,Gantyada,535215,IN,13466
Kerala,Palakkad,678632,IN,13467
Maharashtra,"Sopanbaug, Pune",411001,IN,13468
Chhattisgarh,"Kargikala, Kota, Bilaspur",495113,IN,13469
Uttar Pradesh,Govindpuram,201013,IN,13470
Kerala,Vaduthala,682023,IN,13471
Kerala,Thrissur,680702,IN,13472
West Bengal,Barasat - I,700126,IN,13473
Tamil Nadu,Oragadam,602105,IN,13474
Kerala,Kunnummal,673508,IN,13475
Andhra Pradesh,Chitvel,516110,IN,13476
Maharashtra,Nandgaon,423106,IN,13477
Kerala,Kannur,670741,IN,13478
Uttar Pradesh,Bulandshahr,203150,IN,13479
Chhattisgarh,Nawagarh Janjgir,495557,IN,13480
Telangana,Hyderabad Secunderabad,500025,IN,13481
Jharkhand,Kodarma,825410,IN,13482
Madhya Pradesh,Bandhawagarh,484661,IN,13483
Gujarat,Vijalpor,396445,IN,13484
Goa,Bambolim,403201,IN,13485
West Bengal,Raidighi,743383,IN,13486
Kerala,"Pala, Kottayam",686575,IN,13487
Karnataka,Mangaluru,575026,IN,13488
Telangana,Vikarabad Pudur,501101,IN,13489
Haryana,"Bhakali, Rewari",123302,IN,13490
Karnataka,Kadur,577135,IN,13491
Gujarat,"Bapunagar,Ahmedabad",380024,IN,13492
Madhya Pradesh,Rau,453556,IN,13493
Maharashtra,Mahoor,431721,IN,13494
Kerala,Pulikkal,673637,IN,13495
Goa,Tiswadi,403110,IN,13496
Punjab,"Greater  Mohali  / Kharar  , Punjab",140301,IN,13497
Uttar Pradesh,Ranipur,284205,IN,13498
Tamil Nadu,Ponneri. Chennai,601204,IN,13499
Tamil Nadu,Chennai 126,600126,IN,13500
West Bengal,Darjiling,734009,IN,13501
Andhra Pradesh,"Gudivada, Krishna District",521301,IN,13502
Karnataka,Mysore,560017,IN,13503
Odisha,Jajpur,754205,IN,13504
Kerala,Perumbavoor,683548,IN,13505
Odisha,Khurda,752055,IN,13506
Kerala,Thiruvananthapuram,695612,IN,13507
Karnataka,Ramdurg,591123,IN,13508
Karnataka,Malur,563130,IN,13509
Uttarakhand,Dhanualti,249145,IN,13510
Uttarakhand,Almora,263629,IN,13511
Karnataka,Udupi,576229,IN,13512
Karnataka,Aurad,585326,IN,13513
Tamil Nadu,Uthukuli,638751,IN,13514
Kerala,Madappally College,673102,IN,13515
Gujarat,Mehmdabad,387130,IN,13516
Madhya Pradesh,Narsinghpur,487110,IN,13517
Kerala,Chennithala,690104,IN,13518
Karnataka,Padubidri,574111,IN,13519
Assam,Lakhipur Cachar District,788126,IN,13520
Gujarat,Ahmedabad,382346,IN,13521
Odisha,Rourkela- 769012,769012,IN,13522
Kerala,"Ramapuram, Pala, Kottayam",686576,IN,13523
Telangana,Hyderabad,500873,IN,13524
Madhya Pradesh,West Nimar,451001,IN,13525
Assam,Nagaon,782442,IN,13526
Tamil Nadu,Kalpakkkam,603102,IN,13527
Telangana,"Pothreddipally, Sangareddy",502295,IN,13528
Himachal Pradesh,Hamirpur,176044,IN,13529
Odisha,Bhubaneshwar,752101,IN,13530
Arunachal Pradesh,Longding-District . Arunachal Pradesh,786631,IN,13531
Kerala,Alathur,678541,IN,13532
Maharashtra,Kuruli,410501,IN,13533
Uttar Pradesh,Dhauli Payu ...Mathura,281001,IN,13534
Karnataka,Bengaluru.,560062,IN,13535
Madhya Pradesh,Chhindwara,480441,IN,13536
Goa,Vasco-Da-Gama,403711,IN,13537
Rajasthan,Sikar,332405,IN,13538
Kerala,Chettuva,680616,IN,13539
West Bengal,Jhanti Pahari,722137,IN,13540
Maharashtra,Kurla West Mumbai,400070,IN,13541
Telangana,Secunderabad-25,500025,IN,13542
Jharkhand,Gumia,829128,IN,13543
Odisha,Tikarpada,765020,IN,13544
Odisha,Tangi,752022,IN,13545
Tamil Nadu,Muthur,642005,IN,13546
Tamil Nadu,Tiruppur,641687,IN,13547
Kerala,"Iritty,Kannur",670703,IN,13548
Madhya Pradesh,Bada Bazar Sagar,470002,IN,13549
Himachal Pradesh,Shimla,171007,IN,13550
Uttar Pradesh,Kanpur Nagar,208012,IN,13551
Kerala,Chathannoor,691572,IN,13552
Odisha,Malkangiri,764048,IN,13553
Madhya Pradesh,Dindori,481882,IN,13554
Odisha,Titilagarh,767066,IN,13555
Kerala,"Alapuzha,Kayamkullam",690531,IN,13556
Karnataka,Bangalore,560051,IN,13557
Uttarakhand,1,248001,IN,13558
Telangana,"Kphb 9Th Phase, Near Forum Mall, Hyderabad",500072,IN,13559
Tamil Nadu,Sankari(T.K),637303,IN,13560
Bihar,Mohammadpur Urf Chainpur,800001,IN,13561
Odisha,Rengali,768212,IN,13562
Tamil Nadu,Ayacode,629161,IN,13563
Rajasthan,Bhilwara,311802,IN,13564
Kerala,Chengannur,689626,IN,13565
Andhra Pradesh,Kotabammali,532195,IN,13566
Karnataka,Shedbal,591315,IN,13567
Bihar,Vaishali,844505,IN,13568
Maharashtra,Nashik,422203,IN,13569
Kerala,Vadakara,673541,IN,13570
Tamil Nadu,Tirunelveli,627114,IN,13571
Andhra Pradesh,Malikipuram,533254,IN,13572
Kerala,Kasaragod,670511,IN,13573
Kerala,Anakkayam,676509,IN,13574
Kerala,Aluva 6,683106,IN,13575
Karnataka,Mysore,570006,IN,13576
Telangana,Manugur,507116,IN,13577
Goa,Margao,403708,IN,13578
Gujarat,"Veraval, Dist- Gir Somnath",362265,IN,13579
Kerala,Kothamangalam,686681,IN,13580
Tamil Nadu,Ranipet,632406,IN,13581
Bihar,Purnia,854203,IN,13582
Gujarat,"Chhaya, Porbandar",360575,IN,13583
Kerala,Madavoor Pallikkal,695602,IN,13584
Goa,Madgoan,403601,IN,13585
Maharashtra,Mumbai 400049,400049,IN,13586
Maharashtra,Mowad,441303,IN,13587
Tamil Nadu,Thiruvarur,614018,IN,13588
Uttarakhand,"Mallital, Nainital",263002,IN,13589
Andhra Pradesh,Biccavolu,533343,IN,13590
Uttar Pradesh,Vrindavan     {Mathura},281121,IN,13591
Uttar Pradesh,Pihani Dist. Hardoi,241406,IN,13592
Gujarat,Bodeli,391135,IN,13593
Kerala,Palakkad,679357,IN,13594
Maharashtra,"Vasant Vihar, Thane",400601,IN,13595
Andhra Pradesh,Guntur,522309,IN,13596
Uttar Pradesh,Sonbhadra,231220,IN,13597
Maharashtra,Mira Road (East),401107,IN,13598
Maharashtra,Fort.Mumbai,400023,IN,13599
Maharashtra,Rasayani Mohopada,410207,IN,13600
Himachal Pradesh,Sundarnagar Distt Mandi,175018,IN,13601
Assam,Niz Hajo,781102,IN,13602
Odisha,Khordha,752054,IN,13603
Gujarat,"Shela, Ahmedabad",380058,IN,13604
Tamil Nadu,Valavanur,605108,IN,13605
Maharashtra,Thane (West),400608,IN,13606
Kerala,"Kakkodi Mukku,Kannadichal Road",673611,IN,13607
Maharashtra,Chandurbazar,444704,IN,13608
Jammu & Kashmir,Jourian,181202,IN,13609
Maharashtra,Yawal,425302,IN,13610
Tamil Nadu,Chennai - 8,600008,IN,13611
Tamil Nadu,Tanjavur,613401,IN,13612
Delhi,Chittranjan Park New Delhi,110019,IN,13613
Karnataka,Bengalurubangalore,560062,IN,13614
Karnataka,"Ramanagara Taluk ,Bidadi",562109,IN,13615
Rajasthan,"Bassi, Jaipur",303301,IN,13616
Karnataka,Mangalore,575017,IN,13617
Uttar Pradesh,",Raibarely Road Faizabad (Ayodhya)",224001,IN,13618
Kerala,Perumanna,676551,IN,13619
Andhra Pradesh,Guntur,522256,IN,13620
Andhra Pradesh,Vijayanagaram,532127,IN,13621
Bihar,Darbhanga,846002,IN,13622
Goa,Dona Paula,403004,IN,13623
Andhra Pradesh,"Pulivendula, Kadapa",516390,IN,13624
Maharashtra,Mumbai 400053,400053,IN,13625
West Bengal,Krishnaganj,741509,IN,13626
Delhi,Central Delhi,110005,IN,13627
Maharashtra,Badlapur (W),421503,IN,13628
Madhya Pradesh,Manasa,458110,IN,13629
Odisha,Balikuda,754106,IN,13630
Telangana,"Mohanraopet, Korutla Mandal, Jagityal Dist",505453,IN,13631
Karnataka,Udupi,576214,IN,13632
Sikkim,Rhenock,737133,IN,13633
Kerala,Shoranur,679505,IN,13634
Maharashtra,Solapur,413008,IN,13635
West Bengal,Contai,721433,IN,13636
Kerala,Aluva / Ernakulam,683112,IN,13637
Gujarat,Adipur,370205,IN,13638
Kerala,Kottayam District,686011,IN,13639
Maharashtra,Kanhan,441401,IN,13640
Uttar Pradesh,Gautam Budh Nagar,201307,IN,13641
Goa,Penha De Franca,403101,IN,13642
Kerala,Morazha,670331,IN,13643
Andhra Pradesh,Nandikotkur Kurnool,518401,IN,13644
Maharashtra,Kothrud,411038,IN,13645
Odisha,Anugul,759128,IN,13646
Odisha,Palurgada,761027,IN,13647
Delhi,New Delhi-110015,110015,IN,13648
Tamil Nadu,Coimbatore,641013,IN,13649
Jammu & Kashmir,Lakhanpur,184152,IN,13650
Jharkhand,Dhanbad,828121,IN,13651
Telangana,Raikal,505460,IN,13652
Maharashtra,Ambarnath (East),421501,IN,13653
Kerala,Njarackal,682503,IN,13654
Kerala,Padoor,680524,IN,13655
Maharashtra,Pune,412106,IN,13656
Kerala,Thiruvananthapuram,695146,IN,13657
Andhra Pradesh,Podili,523240,IN,13658
Himachal Pradesh,Rawalsar,175023,IN,13659
Maharashtra,Malegaon Dist Nasik,423203,IN,13660
Uttar Pradesh,Gaziabad,201005,IN,13661
Andhra Pradesh,Tiruchanur,517503,IN,13662
West Bengal,Howrah,711204,IN,13663
Kerala,Palakkad,678597,IN,13664
Kerala,Mannancherry,688538,IN,13665
Andhra Pradesh,Prakasam District,523212,IN,13666
Karnataka,Bantwal T.Q.,574211,IN,13667
Andhra Pradesh,Kurnool - Dist,518206,IN,13668
Uttar Pradesh,Gola Bazar,273408,IN,13669
Kerala,Udma,671317,IN,13670
Kerala,Vatakara,673308,IN,13671
Uttar Pradesh,Sitapur,261121,IN,13672
Madhya Pradesh,Basoda,464221,IN,13673
Maharashtra,Thane (West),400601,IN,13674
Kerala,South Chittor Eranakulam.,682027,IN,13675
Telangana,Chigur,505467,IN,13676
Uttar Pradesh,Chandauli,232118,IN,13677
Tamil Nadu,Tenkasi,627818,IN,13678
Telangana,Boinpalle,505524,IN,13679
Kerala,"Thiruvalla, Pathanamthitta",689104,IN,13680
Tamil Nadu,Karur(Dt),639110,IN,13681
Karnataka,Village :Muddapur Tq :Mudhol Dist :Bagalkot,587122,IN,13682
Uttar Pradesh,Sahaswan,243638,IN,13683
Delhi,Rohini Sector 8,110085,IN,13684
Maharashtra,Mira Rd,401107,IN,13685
West Bengal,Katwa,713130,IN,13686
Maharashtra,Virar East.,401305,IN,13687
Kerala,Koottilangadi,676506,IN,13688
Rajasthan,Sirohi,307026,IN,13689
Rajasthan,Ramgarh Sikar District,331024,IN,13690
West Bengal,North 24 Parganas,743123,IN,13691
Maharashtra,Andheri East,400099,IN,13692
Uttar Pradesh,Dist-Chandauli Sub Dist- Chakiya Shahabganj,232118,IN,13693
Maharashtra,"Pimpri Chinchwad, Pune",411057,IN,13694
Maharashtra,Malshiras,413107,IN,13695
Kerala,Veiloor,695305,IN,13696
Gujarat,Moti Bhoyan,382721,IN,13697
Rajasthan,Mehandipur,303509,IN,13698
Odisha,Khorda,751002,IN,13699
Kerala,Pathanamthitta,689542,IN,13700
Karnataka,Gulbarga,585106,IN,13701
Odisha,Khorda,751012,IN,13702
Tamil Nadu,Othakadai Madurai,625107,IN,13703
Kerala,Triprayar,680567,IN,13704
Bihar,Sikandra,811315,IN,13705
Meghalaya,City,793003,IN,13706
Maharashtra,Badlapur (East),421503,IN,13707
Kerala,Palarivattom,682024,IN,13708
Andhra Pradesh,Pittalavanipalem,522311,IN,13709
Kerala,"Ernakulam, Kochi",682018,IN,13710
Delhi,"Mohan Garden, Uttam Nagar,New Delhi",110059,IN,13711
Kerala,Kozhikode,673009,IN,13712
Maharashtra,Kudal- Sindhudurg,416510,IN,13713
Assam,Panitola,786183,IN,13714
Bihar,Munger,811202,IN,13715
Rajasthan,Sikar,332316,IN,13716
Uttarakhand,Bhimtal,263136,IN,13717
Karnataka,Chikmagalur,577130,IN,13718
West Bengal,"Baidyabati, Hooghly",712222,IN,13719
Gujarat,Adityana,360545,IN,13720
Maharashtra,"Chembur, Mumbai",400089,IN,13721
Kerala,Attingal,695143,IN,13722
Karnataka,Mysore,570018,IN,13723
Uttar Pradesh,Ghaziyabad,201102,IN,13724
Gujarat,Gandhinagar,382019,IN,13725
Karnataka,Aversa,581316,IN,13726
Delhi,Delhi,110014,IN,13727
Odisha,Gmr Power Plant Kmalanga Township,759121,IN,13728
Karnataka,Mysurumysore,570008,IN,13729
Kerala,Kottayam,686514,IN,13730
Telangana,"Medak, Narsapur",502313,IN,13731
Maharashtra,Chandrapur,442917,IN,13732
Tamil Nadu,"Ponnamaravathi, Pudukottai District",622407,IN,13733
Delhi,New Delhide,110075,IN,13734
Sikkim,Melli,737128,IN,13735
Andhra Pradesh,Vatsavai,521402,IN,13736
Telangana,Munagala,508233,IN,13737
Telangana,Hyderabad,500112,IN,13738
Uttar Pradesh,Chaumuhan,281406,IN,13739
Kerala,"Kuthuparamba, Kannur",670643,IN,13740
Punjab,Ludhiana,141419,IN,13741
Uttarakhand,Chakluwa Kaladhungi,263139,IN,13742
Maharashtra,Thane,421004,IN,13743
Uttar Pradesh,Kundarki,244413,IN,13744
Kerala,Thalassery,670671,IN,13745
Arunachal Pradesh,Likabali,791125,IN,13746
Assam,Goreswar,781366,IN,13747
Nagaland,Zakiesato,797112,IN,13748
Kerala,Nooranad,690504,IN,13749
Bihar,Samastipur,848505,IN,13750
Assam,Silchar,788013,IN,13751
Karnataka,Gadag,582101,IN,13752
Tamil Nadu,Orathanadu,614625,IN,13753
Gujarat,Nandej,382435,IN,13754
Karnataka,Hubli,580031,IN,13755
Kerala,Mannar,689626,IN,13756
Tamil Nadu,Cuddalore,608704,IN,13757
Uttar Pradesh,Faizabad Ayodhya,224001,IN,13758
Tamil Nadu,Radhapuram,627111,IN,13759
Karnataka,Bengaluru 560032,560032,IN,13760
Uttar Pradesh,Gorakhpur,273158,IN,13761
Kerala,Kollam,691521,IN,13762
Karnataka,Puttur,574210,IN,13763
Karnataka,Mangalore,575008,IN,13764
Rajasthan,Riico Industrial Area Kant Kalwar,303002,IN,13765
Karnataka,Mandya,571477,IN,13766
West Bengal,Goura,721146,IN,13767
Telangana,Ramagundam,505208,IN,13768
Himachal Pradesh,Hamirpur,176043,IN,13769
Tamil Nadu,"Melur, Madurai (Dt)",625106,IN,13770
Maharashtra,Pune 48,411048,IN,13771
Uttar Pradesh,Greater Noida West,201309,IN,13772
Uttarakhand,Dehardun,248197,IN,13773
Maharashtra,Pune-15,411015,IN,13774
Andhra Pradesh,Tsundur,522318,IN,13775
Chhattisgarh,Tilda,493114,IN,13776
Maharashtra,Kalyan (E),421306,IN,13777
Telangana,Vikarabad Dist,501158,IN,13778
Karnataka,Bantwal,574260,IN,13779
Telangana,Adilabad,505526,IN,13780
Andaman and Nicobar Islands,Portblair Shadipur,744101,IN,13781
Kerala,Kizhuvalam Koonthalloor,695304,IN,13782
Maharashtra,Ratnagiri,415629,IN,13783
Gujarat,Bhiloda,383250,IN,13784
Maharashtra,Thane:421302,421302,IN,13785
Telangana,Athvelly,501401,IN,13786
Andhra Pradesh,Chirala,523156,IN,13787
Gujarat,Bhavnagar,364006,IN,13788
Andhra Pradesh,Ananthapur,515801,IN,13789
Sikkim,Soreng  West Sikkim,737121,IN,13790
West Bengal,Gangnapur,741238,IN,13791
Madhya Pradesh,Nagda,456335,IN,13792
Uttarakhand,"Masi,Almora",263658,IN,13793
Jammu & Kashmir,Miran Sahib  Jammu,181101,IN,13794
Kerala,Pathanamthitta,689104,IN,13795
Karnataka,Hubli,580020,IN,13796
Kerala,Idukki,685551,IN,13797
Punjab,Kartarpur,144801,IN,13798
Maharashtra,Satara,415004,IN,13799
Uttar Pradesh,Hansari Jhansi,284135,IN,13800
Rajasthan,Sumerpur,306902,IN,13801
Odisha,"Bhubaneswar, Khordha",751003,IN,13802
Tamil Nadu,Thiruchentur,628206,IN,13803
West Bengal,Raninagar Ii,742308,IN,13804
Delhi,New Delh,110048,IN,13805
West Bengal,"Sodpur, Kolkata",700113,IN,13806
Kerala,Kozhikode,673104,IN,13807
Kerala,Kochi,682009,IN,13808
Uttarakhand,New Tehri (Baurari),249001,IN,13809
Uttarakhand,Pithoragarh,262520,IN,13810
Rajasthan,Chomu Jaipur,303702,IN,13811
Andhra Pradesh,Bhimavaram 2,534202,IN,13812
Telangana,Adilabad,505504,IN,13813
Karnataka,Bagalkote,587101,IN,13814
Madhya Pradesh,Indore,453441,IN,13815
Himachal Pradesh,Chamba,176311,IN,13816
Tamil Nadu,"Kunrathur, Chennai",600069,IN,13817
Kerala,Kottayam,686518,IN,13818
Kerala,Meenachil,686634,IN,13819
Rajasthan,Merta Road,341511,IN,13820
Kerala,Triprayar,680566,IN,13821
Gujarat,Sg Highway Ahmedabad,382421,IN,13822
Karnataka,Moodbidri,574226,IN,13823
Tamil Nadu,Udangudi,628203,IN,13824
Uttarakhand,Lalkuan,262402,IN,13825
Puducherry,Pondicherry,605005,IN,13826
Uttar Pradesh,Muzaffarnagar,251327,IN,13827
Tamil Nadu,Salem,636502,IN,13828
Andhra Pradesh,Kakinada,533462,IN,13829
Telangana,"Kukatpalli, Hyderabad",500072,IN,13830
Kerala,Ernakulam,682006,IN,13831
Tamil Nadu,Nagamalaipudukottai,625021,IN,13832
Andhra Pradesh,Vaddeswaram,522502,IN,13833
Kerala,Muvattupuzha,686663,IN,13834
Uttar Pradesh,Prayagraj,211004,IN,13835
Bihar,Ntpc Barh Township,803215,IN,13836
Telangana,"Medchal District, Shamirpet Mondal. Hyderabad",500078,IN,13837
Tamil Nadu,Vedasandur,624710,IN,13838
Delhi,Delhi,110005,IN,13839
Kerala,Kochi,683517,IN,13840
Haryana,Gurgaon,122022,IN,13841
Kerala,Irinjalakuda,680701,IN,13842
Karnataka,K R Puram Bengaluru,560036,IN,13843
Tamil Nadu,"Medavakkam, Chennai",600100,IN,13844
Tamil Nadu,Thanjavur,613003,IN,13845
Tamil Nadu,Thoothukudi,628101,IN,13846
Andhra Pradesh,Yernagudem,534313,IN,13847
Jharkhand,Bokaro,827004,IN,13848
Andhra Pradesh,Kadapa,516203,IN,13849
Chhattisgarh,Arjunda,491225,IN,13850
Uttar Pradesh,Ayodhya,224135,IN,13851
Andhra Pradesh,Palacoderu,534244,IN,13852
Tamil Nadu,Nagapattinam,609701,IN,13853
Haryana,Bhakali,124146,IN,13854
Tamil Nadu,Singampuneri,630502,IN,13855
Bihar,Katihar,854108,IN,13856
Gujarat,Lilia,365535,IN,13857
Punjab,Fatehgarh Churian,143602,IN,13858
Punjab,"Zirakpur, Punjab",140603,IN,13859
Maharashtra,Nalasorapra (E),401209,IN,13860
Uttarakhand,Nagla,263149,IN,13861
Karnataka,Mysuru,571122,IN,13862
Uttarakhand,"Kotdwara,Pauri Garhwal",246149,IN,13863
Andhra Pradesh,Kolimigundla,518123,IN,13864
Delhi,"New Delhi, Delhi Cantt",110010,IN,13865
Karnataka,Jamakhandi,587301,IN,13866
Andhra Pradesh,Pedapadu,534437,IN,13867
Jharkhand,Kumardhubhi,828203,IN,13868
Uttar Pradesh,Raebareli,229308,IN,13869
Bihar,Gaya,824201,IN,13870
Chhattisgarh,Kharora,493225,IN,13871
Puducherry,"Chinnakalapet, Puducherry",605014,IN,13872
Tamil Nadu,Kalasapakkam,606751,IN,13873
Tamil Nadu,Erumaipatti,637013,IN,13874
Maharashtra,Thane,401701,IN,13875
Maharashtra,Chinchpokli,400012,IN,13876
Maharashtra,Palghar,401701,IN,13877
Karnataka,Kundapura,576212,IN,13878
Kerala,Thiruvallom,695027,IN,13879
Madhya Pradesh,Ron,477335,IN,13880
Rajasthan,Pirawa,326034,IN,13881
West Bengal,Maslandapur,743289,IN,13882
Andaman and Nicobar Islands,South Andaman,744103,IN,13883
Tamil Nadu,"Perumbakkam, Chennai",600100,IN,13884
Karnataka,Banglore,560066,IN,13885
Uttar Pradesh,Meerut,250221,IN,13886
Odisha,Bhubaneshwar,751024,IN,13887
Maharashtra,"Sanpada,Navi Mumbai",400705,IN,13888
Andhra Pradesh,Sangam,524306,IN,13889
Tamil Nadu,Peraiyur,625703,IN,13890
Telangana,"Banjara Hills ,Hyderabad",500034,IN,13891
Tamil Nadu,Paramathi,637207,IN,13892
Delhi,New Delhinew Delhi,110080,IN,13893
Andhra Pradesh,Vijayawada,521301,IN,13894
Tamil Nadu,Palani,624618,IN,13895
Tamil Nadu,Kolappalur,638456,IN,13896
Tamil Nadu,Eral,628801,IN,13897
Tamil Nadu,"Sirkali, Nagapattinum (District)",609110,IN,13898
Kerala,Thalassery,670106,IN,13899
Uttar Pradesh,Saiyad Raja,232110,IN,13900
Maharashtra,Mumbai-400051,400051,IN,13901
Gujarat,Navsari,396463,IN,13902
West Bengal,Bally,711107,IN,13903
Odisha,Cuttack,754112,IN,13904
Kerala,Thrikkakara,682033,IN,13905
Karnataka,Varthegundi,577129,IN,13906
Telangana,Siddipet,502102,IN,13907
Himachal Pradesh,District Mandi,175124,IN,13908
Assam,Silapathar,787059,IN,13909
Uttar Pradesh,Varanasi,221104,IN,13910
Kerala,Trivandrum,695025,IN,13911
Gujarat,Umbargam,396135,IN,13912
Kerala,Kochin,682021,IN,13913
Maharashtra,"Pune,Lohengao",411047,IN,13914
Gujarat,Mehsana,384002,IN,13915
Jharkhand,Ramgarh,825314,IN,13916
Tamil Nadu,Devakottai.Sivagangai District.,630302,IN,13917
Tamil Nadu,Ayan Kollan Kondan (Po) Rajapalayam (Tk),626142,IN,13918
Uttar Pradesh,Baghpat (250601),250601,IN,13919
Kerala,"Attingal,  Kochalumoodu",695104,IN,13920
West Bengal,Bankura,722136,IN,13921
Bihar,Bettiah,845459,IN,13922
Andaman and Nicobar Islands,Junglighat,744103,IN,13923
Maharashtra,Santa Cruz Mumbai,400055,IN,13924
Tamil Nadu,Villupuram,605105,IN,13925
Andhra Pradesh,Allagadda,518543,IN,13926
Rajasthan,J Odhpur,342001,IN,13927
Maharashtra,Bharsingi,441305,IN,13928
Bihar,Narpatganj,854335,IN,13929
Maharashtra,Borivali East,400066,IN,13930
Kerala,Cherukolpuzha,689611,IN,13931
Andhra Pradesh,Chipurupalle.  Vizianagaram Dist,535128,IN,13932
Tamil Nadu,Melpattampakkam,607104,IN,13933
Maharashtra,Kalyan W Dist Thane,421301,IN,13934
Andhra Pradesh,Chittoor,517004,IN,13935
Odisha,Kendrapara,754214,IN,13936
Gujarat,Bharuch,392002,IN,13937
Andhra Pradesh,Tirupati,517526,IN,13938
Kerala,Punalur,691333,IN,13939
Tamil Nadu,Tenkasi,627804,IN,13940
Gujarat,Bilimora,396380,IN,13941
Jharkhand,Dhanbad,828106,IN,13942
Maharashtra,Pune,411012,IN,13943
Bihar,Arrah,802312,IN,13944
Odisha,Kaliapani,755028,IN,13945
West Bengal,Rishra Hooghly,712249,IN,13946
Madhya Pradesh,Dhar,454448,IN,13947
Uttar Pradesh,"Naini, Allahabad",211008,IN,13948
Andhra Pradesh,"K.R.Puram  , Manubolu",524405,IN,13949
Punjab,Bathinda,151102,IN,13950
Tamil Nadu,"Tirukalukundram, Thiruporur",603105,IN,13951
Karnataka,Ajekar,574101,IN,13952
Maharashtra,Amgaon,441902,IN,13953
Gujarat,"Vilayat Gidc , Bharuch",392012,IN,13954
Kerala,Peyad,695573,IN,13955
Karnataka,Dharwad - 580003.,580003,IN,13956
Odisha,Balugaon,752030,IN,13957
Gujarat,Mandvi,370465,IN,13958
Gujarat,Rajkot,360008,IN,13959
Kerala,Alleppey,688006,IN,13960
Maharashtra,Malnaka Ratnagiri,415612,IN,13961
Maharashtra,Kurkheda,441209,IN,13962
Jharkhand,Adityapur,831013,IN,13963
Kerala,"Chittur, Palakkad",678103,IN,13964
Tamil Nadu,Panpoli,627807,IN,13965
Tamil Nadu,Coonoor,643105,IN,13966
Kerala,Changanassery,686504,IN,13967
West Bengal,Raghunathpur Puruliya District,723133,IN,13968
Kerala,Athazhakunnu,670005,IN,13969
Andhra Pradesh,Gudlavalleru,521356,IN,13970
West Bengal,Kolkata,700072,IN,13971
Chhattisgarh,Janjgir Champa,495671,IN,13972
Tamil Nadu,Ramanathapuram,623524,IN,13973
Gujarat,Jamnagar,361347,IN,13974
Tamil Nadu,"Sivagiri, Tirunelveli District",627757,IN,13975
Uttar Pradesh,Rae Bareli,229310,IN,13976
Gujarat,Vasad,388306,IN,13977
Tamil Nadu,Suleeswaranpatti,642006,IN,13978
Andhra Pradesh,Mandapeta,533340,IN,13979
Telangana,"Kompally, Hyderabad",500014,IN,13980
Tamil Nadu,Chengalpattu,603103,IN,13981
Rajasthan,Raisinghnagar,335051,IN,13982
Tamil Nadu,Tiruchirapalli,620017,IN,13983
Goa,Calapor,403005,IN,13984
Gujarat,Surat,396430,IN,13985
Uttar Pradesh,Saharanpur,247340,IN,13986
Tamil Nadu,Ambur,635814,IN,13987
Jammu & Kashmir,Rajauri,185153,IN,13988
Jharkhand,Egarkunr,828203,IN,13989
Karnataka,Donimalai,583118,IN,13990
Kerala,Malappuram P O,676505,IN,13991
Bihar,Nawada,805101,IN,13992
Jharkhand,Bokaro Steel City,827010,IN,13993
Bihar,Purnia,854327,IN,13994
Chhattisgarh,Takhatpur,495002,IN,13995
Odisha,Cuttack,754004,IN,13996
Meghalaya,Shillong,793007,IN,13997
Telangana,Narayankhed,502286,IN,13998
Telangana,Naspur,504303,IN,13999
Kerala,Alappuzha,688506,IN,14000
Delhi,"Dwarka, New Delhi",110078,IN,14001
Kerala,"S N Puram , Thrissur District",680668,IN,14002
Karnataka,Beeri Kotekar Post,575022,IN,14003
Lakshadweep,Kavaratti,682555,IN,14004
Rajasthan,Jaipur,303002,IN,14005
Tamil Nadu,"Puthalam,Kanyakumari",629602,IN,14006
Rajasthan,Kolayat,334302,IN,14007
Andhra Pradesh,Kurnool,518452,IN,14008
Kerala,Chockli,673313,IN,14009
Kerala,Karuvanthuruthy,673314,IN,14010
West Bengal,Siliguri,735203,IN,14011
West Bengal,Garh Kamalpur,721628,IN,14012
Tamil Nadu,Arumanai,629151,IN,14013
Maharashtra,Umarkhed,445206,IN,14014
Karnataka,Bangalore-17,560017,IN,14015
Karnataka,Chikmagalur,577129,IN,14016
Telangana,Hyderabad,500111,IN,14017
Tamil Nadu,"Tittakudi,Cuddalore",606106,IN,14018
West Bengal,Agorpara,700049,IN,14019
Jharkhand,Rajmahal,816108,IN,14020
Karnataka,Kodagu,571236,IN,14021
Andhra Pradesh,East Godavari District,533261,IN,14022
Assam,Bongaigaon Rpcl Township,783385,IN,14023
Telangana,Khammam,507204,IN,14024
West Bengal,Kandikandi,742136,IN,14025
Assam,Tinsukia,786158,IN,14026
Odisha,Kendrapara,755016,IN,14027
Andhra Pradesh,West Godavari,534101,IN,14028
Maharashtra,"Manmad, Dist- Nasik",423104,IN,14029
Tamil Nadu,Chennai- 603103,603103,IN,14030
Punjab,Baba Bakala,143202,IN,14031
Telangana,Kamareddy,503302,IN,14032
Andhra Pradesh,Srikakulam,532403,IN,14033
Kerala,Ernakulam,686576,IN,14034
Kerala,Kannur,670662,IN,14035
Karnataka,Belagavi,591106,IN,14036
Madhya Pradesh,Jabalpur,482011,IN,14037
Karnataka,Kumta,581332,IN,14038
Odisha,Byasanagar,755020,IN,14039
Bihar,Pandual,847234,IN,14040
Karnataka,Udupi,574119,IN,14041
Goa,Alto Porvorim,403521,IN,14042
Kerala,Alappuzha,688012,IN,14043
Odisha,Tangi,752023,IN,14044
Chhattisgarh,Jashpur,496118,IN,14045
Delhi,Hauz Khas,110016,IN,14046
Karnataka,Banagalore,560103,IN,14047
Tamil Nadu,"Pasur,Erode",638154,IN,14048
Bihar,Sheikhpura,811103,IN,14049
West Bengal,Malda,732141,IN,14050
Madhya Pradesh,"Rau,Indore",453331,IN,14051
Andhra Pradesh,Spsr Nellore District,524126,IN,14052
West Bengal,"Raghunathpur, Purulia",723133,IN,14053
Maharashtra,Nagpur City,440022,IN,14054
Maharashtra,Pune 411060,411060,IN,14055
Kerala,Alappuzha District,690503,IN,14056
Uttar Pradesh,Azamgarh,223222,IN,14057
Gujarat,Vadali,383235,IN,14058
Kerala,Aluva-2,683102,IN,14059
Assam,Rangapara,784505,IN,14060
Kerala,"Sainik School, Thiruvananthapuram District",695585,IN,14061
Uttar Pradesh,Jalalpur,224149,IN,14062
Maharashtra,"Dombivli,Kalyan",421201,IN,14063
Kerala,"Changanacherry, Kottayam",686101,IN,14064
Maharashtra,Akkalkuwa,425415,IN,14065
Maharashtra,"Chembur, Opp Bldg No . 112, Mumbai",400089,IN,14066
Odisha,Balangir,766105,IN,14067
Uttar Pradesh,Noidanoida,201301,IN,14068
Kerala,Kalady Ernakulam District,683574,IN,14069
Kerala,Ernakulam (Dt),682307,IN,14070
Maharashtra,Seawood East Navi Mumbai,400706,IN,14071
Haryana,"Sector 90, Manesar",122051,IN,14072
Kerala,Ottappalam,679516,IN,14073
Chandigarh,Chandigarh,160017,IN,14074
Karnataka,Kolar Gold Fields,563120,IN,14075
Telangana,Secunderabad,500047,IN,14076
Andhra Pradesh,Kotananduru,533407,IN,14077
Kerala,"Calicut,Pin-673008",673008,IN,14078
Kerala,Kadirur,670641,IN,14079
Karnataka,Jp Nagar 8Th Phase,560083,IN,14080
Karnataka,Moodubelle,576120,IN,14081
West Bengal,"Belgharia,Kolkata",700056,IN,14082
Maharashtra,Miraroad,401107,IN,14083
Uttar Pradesh,Bhojipura,243202,IN,14084
Uttar Pradesh,Fatehpur District,212601,IN,14085
Tamil Nadu,Tirunelveli,627109,IN,14086
Rajasthan,Buhana,333502,IN,14087
Kerala,Thrissur,680585,IN,14088
Odisha,Khorda,751016,IN,14089
Tamil Nadu,Vellore,631003,IN,14090
Kerala,Adoor,691555,IN,14091
Jharkhand,Gomoh,828401,IN,14092
Kerala,"Kadapara, Tiruvalla",689621,IN,14093
Jammu & Kashmir,"Udhampur ,Jammu Kashmir",182101,IN,14094
Maharashtra,Thane Central,400606,IN,14095
Uttar Pradesh,Deoria,274508,IN,14096
Telangana,"Kaghaznagar, 9849771800.",504296,IN,14097
Himachal Pradesh,Rampur Bushahr,172001,IN,14098
Andhra Pradesh,Sakhinetipalle,533252,IN,14099
Tamil Nadu,Salem,636015,IN,14100
Rajasthan,Dungarpur,314036,IN,14101
Madhya Pradesh,Shamgarh,458883,IN,14102
Telangana,Medak,502205,IN,14103
Tamil Nadu,Aranthangi,614616,IN,14104
Uttar Pradesh,Lakhna,206127,IN,14105
Maharashtra,Pune411002,411002,IN,14106
Bihar,Gaya,824205,IN,14107
Uttar Pradesh,Iffco Census Village,243401,IN,14108
Karnataka,Vijayapura,586103,IN,14109
Maharashtra,Ambegaon,411046,IN,14110
Bihar,Supaul,852125,IN,14111
Rajasthan,Asind,311301,IN,14112
West Bengal,Haroa,743425,IN,14113
Karnataka,Karwar,581352,IN,14114
Gujarat,Baben,394355,IN,14115
Andaman and Nicobar Islands,Panipat Road,744102,IN,14116
Haryana,Gurgaon,122008,IN,14117
Goa,South Goa-Margao,403709,IN,14118
Maharashtra,Navimumbai,400710,IN,14119
West Bengal,"Mainaguri, Jalpaiguri",735224,IN,14120
Tamil Nadu,Tiruvallur,600051,IN,14121
Assam,Hailakandi,788025,IN,14122
Jharkhand,Jamshedpur,832108,IN,14123
Tamil Nadu,"Trichy, Thirumvermbur",620013,IN,14124
Bihar,Siwan,841235,IN,14125
West Bengal,Jalpaiguri,734501,IN,14126
Telangana,Medak,502101,IN,14127
Andhra Pradesh,Chandrupatla,521215,IN,14128
Karnataka,"Whitefield, Bangalore",560066,IN,14129
Haryana,Fatehpur Pundri,136021,IN,14130
Andhra Pradesh,Anantapur,515741,IN,14131
Jharkhand,"Kanke, Ranchi",834006,IN,14132
Tamil Nadu,Nagapattinam,611108,IN,14133
Bihar,Arwal,804419,IN,14134
Andhra Pradesh,Dowleswaram,533124,IN,14135
Maharashtra,Ahmadnagar,414601,IN,14136
Karnataka,Shirhatti,582120,IN,14137
Maharashtra,Nagpur,421201,IN,14138
Karnataka,Belagavi,591344,IN,14139
West Bengal,Bagda,743297,IN,14140
Telangana,Saroornagar,500035,IN,14141
Odisha,Dhenkanal,759022,IN,14142
Andaman and Nicobar Islands,Havelock,744211,IN,14143
Telangana,Gadwal,509153,IN,14144
Kerala,Kottarakkara,691531,IN,14145
Tamil Nadu,Thiruvallur District,601102,IN,14146
Punjab,Mullanpur Garib Dass,140901,IN,14147
Kerala,Tanaloor,676307,IN,14148
Tamil Nadu,Coimbatore,642006,IN,14149
West Bengal,"Durgapur, West Bengal",713216,IN,14150
Uttar Pradesh,Sidhpura,207246,IN,14151
Kerala,N.Paravoor,683594,IN,14152
Maharashtra,Gadchiroli,441208,IN,14153
Tamil Nadu,Thuraiyur,621014,IN,14154
Maharashtra,Yavatmal,444507,IN,14155
Tamil Nadu,Seithur,626122,IN,14156
Kerala,Mannarkad I,678598,IN,14157
Kerala,Pathanamthitta,689549,IN,14158
Maharashtra,Ambarnath (West),421505,IN,14159
Puducherry,"Thilaspet,Puducherry",605009,IN,14160
Kerala,Kottarakkara,691512,IN,14161
Rajasthan,Banswara,327023,IN,14162
Punjab,Ferozepur,152001,IN,14163
Andhra Pradesh,Chittoor,517193,IN,14164
Uttar Pradesh,Prayagraj,230304,IN,14165
Gujarat,Kapadvanj,387650,IN,14166
Tamil Nadu,Kanchipuram,600075,IN,14167
Tamil Nadu,Muttayyapuram,628005,IN,14168
Uttar Pradesh,Bhawan Bahadur Nagar,245402,IN,14169
Maharashtra,Vallabhnagar Pimpri,411018,IN,14170
Bihar,Pothia,855117,IN,14171
Uttar Pradesh,Noida,203207,IN,14172
Haryana,Gurgoan,122101,IN,14173
Kerala,Trivandrum,695020,IN,14174
Kerala,Ernakulam District,686667,IN,14175
Uttar Pradesh,Dariyabad,225403,IN,14176
Bihar,Lauriya,845453,IN,14177
Assam,Kaniha,781380,IN,14178
Telangana,Mahbubnagar,509153,IN,14179
Tamil Nadu,Thirupparankundram,625005,IN,14180
Madhya Pradesh,Garhakota,470229,IN,14181
Telangana,Mellacheruv,508204,IN,14182
Andhra Pradesh,Sullurpeta,524121,IN,14183
Odisha,Ghatagaon,758027,IN,14184
Himachal Pradesh,Arki,173221,IN,14185
Kerala,Paremari Road,683541,IN,14186
Tamil Nadu,Pudukkottai,630101,IN,14187
Delhi,New Delhilhi,110075,IN,14188
Uttar Pradesh,Mehnagar Azamgarh,276204,IN,14189
Kerala,Kollam,691535,IN,14190
Delhi,Delhi -86,110086,IN,14191
Tamil Nadu,Virudhunagar,626129,IN,14192
Uttar Pradesh,Hathras,204102,IN,14193
Uttar Pradesh,"Greater Noida,Gautam Buddha Nagar",201310,IN,14194
Andhra Pradesh,Movva,521136,IN,14195
Telangana,Julurupadu,507166,IN,14196
Kerala,Thrissur,680305,IN,14197
Rajasthan,Bhilwara,311301,IN,14198
Karnataka,Shivamogga,577414,IN,14199
Punjab,"Kharar, Distt : Mohali",140301,IN,14200
Andhra Pradesh,Chittoor,517419,IN,14201
Gujarat,Gandidham,370205,IN,14202
Andhra Pradesh,Movva. Mandal,521136,IN,14203
Jharkhand,Saunda,829106,IN,14204
Uttar Pradesh,Allahabad,230301,IN,14205
Bihar,Deo,824202,IN,14206
Delhi,N.Delhi,110015,IN,14207
Uttar Pradesh,Zamania,232331,IN,14208
Jharkhand,Jamtaraj,815351,IN,14209
Bihar,Sadha Khemaji Tola Chapra,841301,IN,14210
Punjab,Ludhiana,142032,IN,14211
Rajasthan,Fatehnagar,313205,IN,14212
Assam,"Howajan,Gohpur",784169,IN,14213
Odisha,Bhadrak,756122,IN,14214
Telangana,Hyderabad.,500040,IN,14215
Maharashtra,Pimpri Chinchwad Pune.,411061,IN,14216
Tamil Nadu,Avadi,600062,IN,14217
Maharashtra,"Dombivali East, Kalyan District",421201,IN,14218
Tamil Nadu,Pudupalayam Agraharam,638007,IN,14219
Maharashtra,Karanja (Laad),444105,IN,14220
Uttar Pradesh,Tirva Rod Gursahaiganj,209722,IN,14221
Karnataka,Moodabettu,576122,IN,14222
Kerala,Punnapara,688014,IN,14223
Punjab,Jalandhar,144039,IN,14224
Tamil Nadu,Erode,638104,IN,14225
Kerala,"Ollur, Thrissur",680306,IN,14226
Uttar Pradesh,Azamgarh,276288,IN,14227
Bihar,Madhubani,847224,IN,14228
Andhra Pradesh,Guntur,522311,IN,14229
West Bengal,"Rajpur Sonarpur ,Kolkata ,India",700150,IN,14230
Tamil Nadu,Ayyampalayam,624204,IN,14231
Kerala,Aluva,683110,IN,14232
Gujarat,Sargasan Village,382421,IN,14233
Maharashtra,Devgad,416804,IN,14234
Kerala,Ernakulam,683112,IN,14235
Haryana,Gurugram 122002,122002,IN,14236
Maharashtra,Dombivli East  Thane,421201,IN,14237
Kerala,Peroorkada Po,695005,IN,14238
Maharashtra,Khopoli-Pali Road.Mh06,410205,IN,14239
Kerala,Thurayur,673307,IN,14240
Kerala,Trichur,680541,IN,14241
Kerala,Alathur,678683,IN,14242
Rajasthan,Sojat,306104,IN,14243
Kerala,Attingal,695104,IN,14244
Maharashtra,"Borivali West, Mumbai",400092,IN,14245
Maharashtra,"Dombivali (East), Thane",421204,IN,14246
Kerala,Pathanamthitta,689673,IN,14247
Uttarakhand,P O Peerumadara District Nainital,244715,IN,14248
West Bengal,Kolkata 700050,700050,IN,14249
Maharashtra,Alibag,402203,IN,14250
Gujarat,Vadodara,390005,IN,14251
Andhra Pradesh,Sullurupet,524121,IN,14252
Maharashtra,"Bhugaon, Pune",412115,IN,14253
Tamil Nadu,Tiruvallur,600087,IN,14254
Telangana,Rangareddy,500079,IN,14255
Telangana,Yacharam,501509,IN,14256
Himachal Pradesh,Village Challah P.O Gutkar,175021,IN,14257
Delhi,"Laxmi Nagar, Delhi",110092,IN,14258
Kerala,Kulasekarapuram,690544,IN,14259
Odisha,Kamakshyanagar,759018,IN,14260
West Bengal,Barakar,713324,IN,14261
Kerala,South Kalamassery,683104,IN,14262
Punjab,Chogawan,143109,IN,14263
Uttar Pradesh,Shahjahanpur,242226,IN,14264
Odisha,Bileipada,758038,IN,14265
Maharashtra,Achalpur,444806,IN,14266
Rajasthan,Galiakot,314026,IN,14267
West Bengal,Howrah,711315,IN,14268
Maharashtra,Palghar,401207,IN,14269
Maharashtra,Kelveroad,401401,IN,14270
Tamil Nadu,Pattabiram,600072,IN,14271
Chhattisgarh,Bande,494777,IN,14272
Andhra Pradesh,Srikakulam,532427,IN,14273
Andhra Pradesh,Somandepalle,515110,IN,14274
Uttar Pradesh,Gautam Buddha Nagar,201009,IN,14275
Tamil Nadu,Kooraikundu,626003,IN,14276
Telangana,Nereducherla,508218,IN,14277
Kerala,"Perinthalmanna, Malappuram Dt",679322,IN,14278
Kerala,Tirur,676104,IN,14279
Haryana,Gurgaon,122007,IN,14280
Kerala,Ancharakandy,670595,IN,14281
Telangana,"Hyderabad, Rangareddy .",500055,IN,14282
Maharashtra,"Airoli, Navimumbai",400708,IN,14283
Telangana,"Madeenaguda, Chandanagar, Hyderabad",500050,IN,14284
Tamil Nadu,Guduvancheri,603202,IN,14285
Karnataka,Sandur,583118,IN,14286
Karnataka,Belthangadi,574216,IN,14287
Goa,Margao,403707,IN,14288
West Bengal,North Barrackpur,743144,IN,14289
Tamil Nadu,Salem,636204,IN,14290
Tamil Nadu,Dharmapuri,636704,IN,14291
Andhra Pradesh,Nellore,524414,IN,14292
Maharashtra,Kankavli,416601,IN,14293
Rajasthan,Kumher,321201,IN,14294
Andhra Pradesh,Malikipuram,533250,IN,14295
Kerala,Thiruvegappura,679304,IN,14296
Uttar Pradesh,Unnao,212665,IN,14297
Punjab,Patiyala,147001,IN,14298
West Bengal,Uttarpara,712232,IN,14299
Kerala,Engandiyur Village,680616,IN,14300
Sikkim,Shanti Nagar,737134,IN,14301
Kerala,Kottayam,686539,IN,14302
Madhya Pradesh,"Vindhya Nagar Ntpc Township, Singrauli District",486885,IN,14303
Madhya Pradesh,Ajaygarh,488220,IN,14304
Karnataka,Hassan,573214,IN,14305
Odisha,Balangir,767002,IN,14306
Uttar Pradesh,Chhata,281401,IN,14307
Jammu & Kashmir,Pulwama,192306,IN,14308
Kerala,Kollam,691020,IN,14309
Gujarat,Baroda,390023,IN,14310
Andhra Pradesh,Korukonda,533292,IN,14311
Andhra Pradesh,"Tadepalli Mandal,Guntur District",522501,IN,14312
Uttar Pradesh,Aonla,243403,IN,14313
Sikkim,"Gangtok, East Sikkim",737101,IN,14314
Tamil Nadu,Coimbatore Rural,641305,IN,14315
Tamil Nadu,Kanyakumari,629602,IN,14316
Maharashtra,Thank,400610,IN,14317
Karnataka,Kolar,563116,IN,14318
Maharashtra,Bhandara,441908,IN,14319
Maharashtra,Chandrapur,441225,IN,14320
Gujarat,Bhavnagar,364060,IN,14321
Kerala,Vaduvanchal,673581,IN,14322
Delhi,Yamuna Vihar,110053,IN,14323
Uttar Pradesh,Maurawan,209821,IN,14324
Bihar,Samastipur,848206,IN,14325
Odisha,Koraput,764021,IN,14326
Karnataka,"K R Puram, Bangalore",560049,IN,14327
Maharashtra,"Gahunje, Pune",412101,IN,14328
Gujarat,Zundal,382421,IN,14329
Andhra Pradesh,Vijayawada,521139,IN,14330
Meghalaya,Khliehriat,793200,IN,14331
Uttar Pradesh,Dalmau,229207,IN,14332
Karnataka,"Batlahalli, Chintamani Taluk, Chikkaballapur Dist",563123,IN,14333
Bihar,Bihar,843312,IN,14334
Kerala,Trissur,680663,IN,14335
Odisha,Kendrapara,754134,IN,14336
Assam,Tezpur,784010,IN,14337
Tamil Nadu,Vellore,632204,IN,14338
Uttar Pradesh,Kaptanganj.  Kushinagar,274301,IN,14339
Nagaland,Dimapur,797117,IN,14340
Maharashtra,Vile Bhagad Midc,402120,IN,14341
Himachal Pradesh,Sundarnagar,175002,IN,14342
Karnataka,Bangalore Rural,561203,IN,14343
Kerala,Cherthala,688537,IN,14344
Tamil Nadu,Vennanthur,637505,IN,14345
Telangana,Hyderaba,500019,IN,14346
Uttar Pradesh,Nanpara,271882,IN,14347
Tamil Nadu,Vettaikaranpudur,642129,IN,14348
Uttar Pradesh,Sikri Kalan,201204,IN,14349
Uttar Pradesh,Banguwan Kalan,284136,IN,14350
Kerala,Thiruvananthapuram,695611,IN,14351
Telangana,Hyd,500065,IN,14352
Karnataka,Rabkavi Banhatti,587311,IN,14353
Assam,Silchar,788026,IN,14354
Uttar Pradesh,Etmadpur,283204,IN,14355
Kerala,Kannur,670651,IN,14356
Kerala,Ernakulam Kochi,682024,IN,14357
Jammu & Kashmir,Talwara,182320,IN,14358
Himachal Pradesh,Una,177109,IN,14359
Kerala,Muppathadam,683110,IN,14360
Telangana,Warangal Rural,506122,IN,14361
Karnataka,Chandapura,562138,IN,14362
Tamil Nadu,Salem,636304,IN,14363
West Bengal,Khardaha,700118,IN,14364
Tamil Nadu,Sarcarsamakulam,641110,IN,14365
Telangana,Secunderabad,500093,IN,14366
Kerala,Ernakulam,683514,IN,14367
Delhi,South  Delhi,110070,IN,14368
Madhya Pradesh,Sarni,460447,IN,14369
Kerala,"Venginissery, Thrissur",680563,IN,14370
Odisha,Khordha,752050,IN,14371
Uttar Pradesh,Barabanki,225204,IN,14372
Kerala,Edakkode,695104,IN,14373
Kerala,Thrissur,680584,IN,14374
Madhya Pradesh,Bhanpura,458775,IN,14375
Andhra Pradesh,Srikakulam,535526,IN,14376
Maharashtra,"Mumbai,Malad  East",400097,IN,14377
Uttar Pradesh,Phulpur Azamgarh District,276304,IN,14378
Telangana,Mahabubabad,507211,IN,14379
Maharashtra,Nashik Road,422101,IN,14380
Kerala,Kayamkulam,690106,IN,14381
Chhattisgarh,Gharghoda,496111,IN,14382
Andhra Pradesh,Guntur,522302,IN,14383
Kerala,"Vizhinjam, Trivandrum",695521,IN,14384
Tamil Nadu,Melmanavoor,632010,IN,14385
Uttar Pradesh,Gird Baragaon,221314,IN,14386
Madhya Pradesh,Waraseoni,481331,IN,14387
Assam,Thekashu Pt Ii,783124,IN,14388
Gujarat,Bantwa,362620,IN,14389
Uttar Pradesh,Lucknowlucknow,226010,IN,14390
Kerala,Taliparamba,670306,IN,14391
Uttar Pradesh,"Milak, Rampur",244701,IN,14392
West Bengal,Hanskunda,733208,IN,14393
Andhra Pradesh,Kota Mandal,524413,IN,14394
Kerala,Kalmassery,683106,IN,14395
Uttar Pradesh,"Greater Noida, Sector 1",201306,IN,14396
Maharashtra,Pune 411006,411006,IN,14397
Bihar,Gopalganj,841413,IN,14398
Tamil Nadu,Thiruvarur,612601,IN,14399
Andhra Pradesh,Palacoderu,534210,IN,14400
Telangana,"Hyderabad, Shamshabad",501218,IN,14401
Maharashtra,Ambepur,402108,IN,14402
Kerala,Marancheri,679579,IN,14403
Gujarat,Limla,394510,IN,14404
Odisha,Talcher Thermal Power Station Township,759104,IN,14405
Uttar Pradesh,Shahjahanpur,242306,IN,14406
Kerala,Thrissur,680545,IN,14407
Kerala,Periya,671316,IN,14408
Kerala,"Kannur District,",670334,IN,14409
Haryana,Manesar Pachgaon,122413,IN,14410
Kerala,"Vennala, Eranakulam",682028,IN,14411
Goa,"Dona Paula, Panaji",403004,IN,14412
Andhra Pradesh,Gudivada,521322,IN,14413
Tamil Nadu,"Nagercoil, Kanyakumari Dist.,",629501,IN,14414
Maharashtra,"Badlapur , Thane",421503,IN,14415
Telangana,"Begumpet, Hyderabad",500016,IN,14416
Maharashtra,Dombiwali,421201,IN,14417
Karnataka,Bangluru,560079,IN,14418
Andhra Pradesh,"Kothapalle, E.G.Dt",533447,IN,14419
Telangana,Adilabad,500001,IN,14420
Jharkhand,Bokaro Steel City,827302,IN,14421
Puducherry,Karaikal,609603,IN,14422
Tamil Nadu,Kanchipuram,631502,IN,14423
Bihar,Khagaria,851205,IN,14424
Maharashtra,Vasai East,401210,IN,14425
Kerala,Thalassery,670107,IN,14426
Tamil Nadu,Mahindra World City,603004,IN,14427
Kerala,Eroor  Kochi,682306,IN,14428
Tamil Nadu,"Mambakkam, Chingleput Dist",600127,IN,14429
Delhi,New Delhi 110032,110032,IN,14430
Maharashtra,Vaishali Nagar Nagpur,440017,IN,14431
Uttar Pradesh,Varanasivaranasi,221003,IN,14432
Kerala,Cherukunnu (P.O),670301,IN,14433
West Bengal,Belgharia,700056,IN,14434
Tamil Nadu,Edaikodu,629152,IN,14435
Rajasthan,"Gulabpura, Distt Bhilwara",311021,IN,14436
Uttar Pradesh,Prayagraj (Allahabad),211007,IN,14437
