sku,style,category,size,asin
AN201-RED-M,AN201,Bottom,M,B091GP22TP
AN201-RED-XL,AN201,Bottom,XL,B091GLZF98
AN201-RED-XXL,AN201,Bottom,XXL,B091GP61BH
AN202-ORANGE-M,AN202,Bottom,M,B091GMKCQP
AN202-ORANGE-S,AN202,Bottom,S,B091GP4R8Y
AN202-ORANGE-XXL,AN202,Bottom,XXL,B091GK5Y64
AN203-MAROON-XXL,AN203,Bottom,XXL,B091GPQB62
AN204-PURPLE-L,AN204,Bottom,L,B091GLRHWZ
AN204-PURPLE-M,AN204,Bottom,M,B091GLHBSL
AN204-PURPLE-S,AN204,Bottom,S,B091GMHS71
AN204-PURPLE-XL,AN204,Bottom,XL,B091GL2Y9B
AN204-PURPLE-XXL,AN204,Bottom,XXL,B091GMY4BX
AN205-YELLOW-S,AN205,Bottom,S,B091GN6YN2
AN205-YELLOW-XL,AN205,Bottom,XL,B091GMG77H
AN205-YELLOW-XXL,AN205,Bottom,XXL,B091GN5GGP
AN206-GREEN-M,AN206,Bottom,M,B091GPQWGQ
AN206-GREEN-S,AN206,Bottom,S,B091GNG3DW
AN206-GREEN-XL,AN206,Bottom,XL,B091GM9QTY
AN207-PINK-L,AN207,Bottom,L,B091GNY9GK
AN207-PINK-S,AN207,Bottom,S,B091GN811M
AN207-PINK-XXL,AN207,Bottom,XXL,B091GPB84Z
AN208-MUSTARD-L,AN208,Bottom,L,B091GN27P3
AN208-MUSTARD-M,AN208,Bottom,M,B091GNW3B1
AN208-MUSTARD-S,AN208,Bottom,S,B091GMQCGK
AN208-MUSTARD-XL,AN208,Bottom,XL,B091GNW6XZ
AN208-MUSTARD-XXL,AN208,Bottom,XXL,B091GLPVMK
AN209-BIEGE-XL,AN209,Bottom,XL,B091GM7KLM
AN209-BIEGE-XXL,AN209,Bottom,XXL,B091GM8VRC
AN210-NAVY-M,AN210,Bottom,M,B091GN37F3
AN210-NAVY-XL,AN210,Bottom,XL,B091GL575G
AN211-BLACK-L,AN211,Bottom,L,B091GKR2J5
AN211-BLACK-S,AN211,Bottom,S,B091GLK75Z
AN211-BLACK-XL,AN211,Bottom,XL,B091GMFT5B
AN211-BLACK-XXL,AN211,Bottom,XXL,B091GNCF5W
AN212-WHITE-L,AN212,Bottom,L,B091GMQ75C
AN212-WHITE-M,AN212,Bottom,M,B091GL8YZQ
AN212-WHITE-S,AN212,Bottom,S,B091GN85S9
AN212-WHITE-XL,AN212,Bottom,XL,B091GMVKDK
AN212-WHITE-XXL,AN212,Bottom,XXL,B091GP74L5
AN213-BROWN-L,AN213,Bottom,L,B091GLLF5D
AN213-BROWN-M,AN213,Bottom,M,B091GP6Q9K
AN213-BROWN-S,AN213,Bottom,S,B091GMW334
AN213-BROWN-XL,AN213,Bottom,XL,B091GP54JG
BL001-50PINK,BL001,Blouse,FREE,B077Z7WHCB
BL003-50BLACK,BL003,Blouse,FREE,B077YWLPWJ
BL003-50BLACK-B,BL003,Blouse,FREE,B07818CHQF
BL004-50CHIKU-B,BL004,Blouse,FREE,B07861B3GW
BL006-54BLACK,BL006,Blouse,FREE,B0785Q1NDR
BL006-54BLACK-B,BL006,Blouse,FREE,B078DL1CTS
BL007-61PINK-B,BL007,Blouse,FREE,B0781LSYRY
BL008-61RED-B,BL008,Blouse,FREE,B0781K44S9
BL009-61BLACK,BL009,Blouse,FREE,B077Z4ZBHC
BL009-61BLACK-B,BL009,Blouse,FREE,B07861T529
BL010-61CHIKU-B,BL010,Blouse,FREE,B0781KGNLB
BL011-62PINK-B,BL011,Blouse,FREE,B0781HVZZ4
BL013-62BLACK,BL013,Blouse,FREE,B077Z4Z4F7
BL015-63PINK,BL015,Blouse,FREE,B0785PV25K
BL016-63RED-B,BL016,Blouse,FREE,B0781KBYHM
BL017-63BLACK,BL017,Blouse,FREE,B077Z7WDXN
BL017-63BLACK-B,BL017,Blouse,FREE,B07861RVJM
BL019-71PINK,BL019,Blouse,FREE,B0785PYB82
BL019-71PINK-B,BL019,Blouse,FREE,B0781JD4D3
BL020-71RED,BL020,Blouse,FREE,B077Z2H3PS
BL020-71RED-B,BL020,Blouse,FREE,B0781HMXQY
BL021-71BLACK,BL021,Blouse,FREE,B077Z5QTGN
BL021-71BLACK-B,BL021,Blouse,FREE,B0781K495T
BL022-71BEIGE,BL022,Blouse,FREE,B077Z7WM5Z
BL023-74PINK-B,BL023,Blouse,FREE,B0781HNCDV
BL024-74RED,BL024,Blouse,FREE,B077Z7WLCK
BL024-74RED-B,BL024,Blouse,FREE,B0781GLP1X
BL025-74BLACK,BL025,Blouse,FREE,B077Z5Q8M4
BL025-74BLACK-B,BL025,Blouse,FREE,B0786227MX
BL026-74BEIGE,BL026,Blouse,FREE,B077YWLPWP
BL026-74BEIGE-B,BL026,Blouse,FREE,B07861S95R
BL029-78BLACK,BL029,Blouse,FREE,B077Z5QSRD
BL029-78BLACK-B,BL029,Blouse,FREE,B0781K44SD
BL035-161GOLD,BL035,Blouse,FREE,B077Z7WHCR
BL036-176GOLD,BL036,Blouse,FREE,B077Z29TJ4
BL041-65RED-A,BL041,Blouse,FREE,B07D361M2Y
BL050-83RED-A,BL050,Blouse,FREE,B07D37BTV6
BL053-153GOLD-A,BL053,Blouse,FREE,B07D31NRQ2
BL055-164GOLD-A,BL055,Blouse,FREE,B07D358PCJ
BL056-185GOLD,BL056,Blouse,FREE,B07GZK7PGP
BL057-65BLACK-A,BL057,Blouse,FREE,B07D36SKBD
BL060-75RED,BL060,Blouse,FREE,B07F1K2Q44
BL073-85BLACK,BL073,Blouse,FREE,B07S9X8RML
BL074-85RED,BL074,Blouse,FREE,B07S8VF4MB
BL075-85CHIKU,BL075,Blouse,FREE,B07S8VF8G3
BL079-87RED,BL079,Blouse,FREE,B07SF5ZHZ9
BL085-S,BL085,Blouse,S,B08394R5YR
BL086-XL,BL086,Blouse,XL,B08394YDM9
BL086-XXL,BL086,Blouse,XXL,B08394KJG3
BL087-L,BL087,Blouse,L,B08424FRVR
BL087-M,BL087,Blouse,M,B08424NMB4
BL087-S,BL087,Blouse,S,B08424P31T
BL087-XS,BL087,Blouse,XS,B08424HRSN
BL087-XXL,BL087,Blouse,XXL,B08424GCQ7
BL089-M,BL089,Blouse,M,B08394KLF4
BL089-XS,BL089,Blouse,XS,B08394C7TW
BL089-XXL,BL089,Blouse,XXL,B08394RNL6
BL090-M,BL090,Blouse,M,B08394G93P
BL090-S,BL090,Blouse,S,B08394PCPC
BL090-XS,BL090,Blouse,XS,B083947BZS
BL090-XXL,BL090,Blouse,XXL,B08393CKD1
BL091-XL,BL091,Blouse,XL,B08394V1R2
BL093-M,BL093,Blouse,M,B08394QDBR
BL093-S,BL093,Blouse,S,B0839472XB
BL095-M,BL095,Blouse,M,B08394H6GB
BL095-XL,BL095,Blouse,XL,B08394F1KV
BL096-S,BL096,Blouse,S,B08394BD7X
BL096-XL,BL096,Blouse,XL,B08394L7JJ
BL098-M,BL098,Blouse,M,B085GBH282
BL098-S,BL098,Blouse,S,B085GC2KYH
BL098-XL,BL098,Blouse,XL,B085GBDZQS
BL098-XS,BL098,Blouse,XS,B085GBW2CJ
BL098-XXL,BL098,Blouse,XXL,B085GC5SNM
BL099-L,BL099,Blouse,L,B085GBZFKQ
BL099-S,BL099,Blouse,S,B085GCH73V
BL099-XS,BL099,Blouse,XS,B085GC67TZ
BL100-M,BL100,Blouse,M,B08394N9V1
BL100-S,BL100,Blouse,S,B08394ND62
BL100-XL,BL100,Blouse,XL,B08394YKZK
BL100-XXL,BL100,Blouse,XXL,B08394XD24
BL101-M,BL101,Blouse,M,B08394F9H1
BL101-S,BL101,Blouse,S,B08394MPZR
BL101-XS,BL101,Blouse,XS,B08394X7HH
BL101-XXL,BL101,Blouse,XXL,B08394MN1D
BL102-L,BL102,Blouse,L,B08394QVKY
BL102-M,BL102,Blouse,M,B08394YHMH
BL102-S,BL102,Blouse,S,B083946HJW
BL102-XS,BL102,Blouse,XS,B08394F166
BL103-L,BL103,Blouse,L,B085GBVTPS
BL103-M,BL103,Blouse,M,B085GB5K1X
BL103-S,BL103,Blouse,S,B085GB379T
BL103-XL,BL103,Blouse,XL,B085GC4VG9
BL103-XS,BL103,Blouse,XS,B085GCLSBK
BL103-XXL,BL103,Blouse,XXL,B085G9RB4Z
BL104-L,BL104,Blouse,L,B085GBWXRD
BL104-M,BL104,Blouse,M,B085GB7G6S
BL104-S,BL104,Blouse,S,B085GB4TPB
BL104-XL,BL104,Blouse,XL,B085GBX15V
BL104-XS,BL104,Blouse,XS,B085GCDVR6
BL104-XXL,BL104,Blouse,XXL,B085GBS9Y4
BL107-M,BL107,Blouse,M,B085GC1NSG
BL107-S,BL107,Blouse,S,B085GC4CBG
BL107-XL,BL107,Blouse,XL,B085GC49V4
BL107-XS,BL107,Blouse,XS,B085GBG7RW
BL107-XXL,BL107,Blouse,XXL,B085GBDW68
BL109-L,BL109,Blouse,L,B092919Y3V
BL109-M,BL109,Blouse,M,B0928Z6QCC
BL109-S,BL109,Blouse,S,B092912DZX
BL109-XL,BL109,Blouse,XL,B0928ZZ95L
BL109-XS,BL109,Blouse,XS,B0928Y81WL
BL109-XXL,BL109,Blouse,XXL,B0928ZJM6T
BL110-L,BL110,Blouse,L,B0928XH9S9
BL110-M,BL110,Blouse,M,B09291NNSB
BL110-S,BL110,Blouse,S,B0928ZPMHH
BL110-XL,BL110,Blouse,XL,B0929B9QB7
BL110-XS,BL110,Blouse,XS,B09292WM1Q
BL110-XXL,BL110,Blouse,XXL,B0928YYHRK
BL111-L,BL111,Blouse,L,B091Y895MC
BL111-M,BL111,Blouse,M,B091YFLK7F
BL111-S,BL111,Blouse,S,B091YK61J2
BL111-XL,BL111,Blouse,XL,B091Y65XXQ
BL111-XS,BL111,Blouse,XS,B091YN9T96
BL113-L,BL113,Blouse,L,B092913FQV
BL113-M,BL113,Blouse,M,B092912P1V
BL113-S,BL113,Blouse,S,B0928ZYCP9
BL113-XL,BL113,Blouse,XL,B092917W72
BL113-XS,BL113,Blouse,XS,B0928ZC785
BL113-XXL,BL113,Blouse,XXL,B09291BMPW
BTM002-B-L,BTM002,Bottom,L,B085Y4D6P6
BTM002-B-M,BTM002,Bottom,M,B085Y4P9YZ
BTM002-B-XL,BTM002,Bottom,XL,B085Y4WV5M
BTM002-B-XXL,BTM002,Bottom,XXL,B085Y4LRDR
BTM002-B-XXXL,BTM002,Bottom,3XL,B085Y4DSZY
BTM002-L,BTM002,Bottom,L,B07MY4NZ9F
BTM002-S,BTM002,Bottom,S,B07MY58Z7B
BTM002-XL,BTM002,Bottom,XL,B07MY56BB3
BTM002-XXXL,BTM002,Bottom,3XL,B07MY1BSRF
BTM003-B-L,BTM003,Bottom,L,B085Y4QB25
BTM003-B-XXXL,BTM003,Bottom,3XL,B085Y494QN
BTM003-M,BTM003,Bottom,M,B07MY51C7G
BTM003-XXXL,BTM003,Bottom,3XL,B07MY5VNQJ
BTM004-XXXL,BTM004,Bottom,3XL,B07MY5MGYC
BTM005-B-L,BTM005,Bottom,L,B085Y4HHXF
BTM005-L,BTM005,Bottom,L,B07MY5LVZZ
BTM005-XXL,BTM005,Bottom,XXL,B07MY4NSSZ
BTM005-XXXL,BTM005,Bottom,3XL,B07MY5DRZP
BTM008-B-L,BTM008,Bottom,L,B085Y52K8G
BTM008-B-M,BTM008,Bottom,M,B085Y4RQL2
BTM008-B-XXL,BTM008,Bottom,XXL,B085Y4RX1H
BTM008-L,BTM008,Bottom,L,B07NVBRFN5
BTM008-XL,BTM008,Bottom,XL,B07NVBPLGL
BTM008-XXL,BTM008,Bottom,XXL,B07NV9YFRG
BTM008-XXXL,BTM008,Bottom,3XL,B07NVBPCW1
BTM021-B-L,BTM021,Bottom,L,B085Y521PJ
BTM021-B-XS,BTM021,Bottom,XS,B085Y4VRZF
BTM021-B-XXL,BTM021,Bottom,XXL,B085Y4JSLR
BTM021-B-XXXL,BTM021,Bottom,3XL,B085Y4FKN7
BTM026-NP-L,BTM026,Bottom,L,B0845WMZ1J
BTM026-NP-M,BTM026,Bottom,M,B08463JXK7
BTM026-NP-S,BTM026,Bottom,S,B0845R1SXW
BTM026-NP-XL,BTM026,Bottom,XL,B0845R11WH
BTM026-NP-XS,BTM026,Bottom,XS,B08465DVS9
BTM026-NP-XXL,BTM026,Bottom,XXL,B0845PFGBD
BTM026-NP-XXXL,BTM026,Bottom,3XL,B08467TCSR
BTM027-NP-L,BTM027,Bottom,L,B0845QD2FD
BTM027-NP-XXL,BTM027,Bottom,XXL,B08463H2MN
BTM027-NP-XXXL,BTM027,Bottom,3XL,B0846264DH
BTM029-NP-L,BTM029,Bottom,L,B08463N35Y
BTM029-NP-M,BTM029,Bottom,M,B0845QLDCS
BTM029-NP-S,BTM029,Bottom,S,B0845QRKKJ
BTM029-NP-XL,BTM029,Bottom,XL,B0845N4D5M
BTM029-NP-XS,BTM029,Bottom,XS,B0845Z3SQS
BTM029-NP-XXL,BTM029,Bottom,XXL,B0845Y6G7K
BTM029-NP-XXXL,BTM029,Bottom,3XL,B0845QZJCL
BTM030-NP-M,BTM030,Bottom,M,B0845Q7QTZ
BTM030-NP-S,BTM030,Bottom,S,B0845TNXLX
BTM030-NP-XL,BTM030,Bottom,XL,B0845RYX2X
BTM030-NP-XS,BTM030,Bottom,XS,B0845V6BD6
BTM030-NP-XXL,BTM030,Bottom,XXL,B08461YHP4
BTM030-NP-XXXL,BTM030,Bottom,3XL,B0845Z2Z4C
BTM031-NP-L,BTM031,Bottom,L,B0845QZ97R
BTM031-NP-M,BTM031,Bottom,M,B0845Z8L1L
BTM031-NP-XL,BTM031,Bottom,XL,B0845S6CL3
BTM031-NP-XS,BTM031,Bottom,XS,B0845T95ZG
BTM031-NP-XXL,BTM031,Bottom,XXL,B0845P3X9W
BTM032-NP-M,BTM032,Bottom,M,B085CFG2X8
BTM032-NP-S,BTM032,Bottom,S,B085CDVJQK
BTM032-NP-XS,BTM032,Bottom,XS,B085CDWX35
BTM033-NP-XS,BTM033,Bottom,XS,B085CF9PVJ
BTM033-NP-XXL,BTM033,Bottom,XXL,B085CFCWG7
BTM033-NP-XXXL,BTM033,Bottom,3XL,B085CDVVS1
BTM035-NP-XS,BTM035,Bottom,XS,B085CF7MGD
BTM035-NP-XXXL,BTM035,Bottom,3XL,B085CDHN7H
BTM036-PP-L,BTM036,Bottom,L,B08KRWPXML
BTM036-PP-M,BTM036,Bottom,M,B08KRXZ644
BTM036-PP-S,BTM036,Bottom,S,B08KS5332B
BTM036-PP-XL,BTM036,Bottom,XL,B08KRSN2LX
BTM036-PP-XXL,BTM036,Bottom,XXL,B08KRQJNVD
BTM036-PP-XXXL,BTM036,Bottom,3XL,B08KRKZQZL
BTM037-PP-M,BTM037,Bottom,M,B08KS4TZKZ
BTM037-PP-S,BTM037,Bottom,S,B08KRKSD34
BTM037-PP-XL,BTM037,Bottom,XL,B08KRYMGNM
BTM037-PP-XS,BTM037,Bottom,XS,B08KRNXRKZ
BTM037-PP-XXL,BTM037,Bottom,XXL,B08KRSPVXZ
BTM037-PP-XXXL,BTM037,Bottom,3XL,B08KRH37G8
BTM038-PP-L,BTM038,Bottom,L,B08KRQRBQH
BTM038-PP-S,BTM038,Bottom,S,B08KRXD9ZS
BTM038-PP-XS,BTM038,Bottom,XS,B08KSC7Y2W
BTM038-PP-XXL,BTM038,Bottom,XXL,B08KRXDMC9
BTM038-PP-XXXL,BTM038,Bottom,3XL,B08KR9JYNQ
BTM039-PP-L,BTM039,Bottom,L,B08KRL2YL2
BTM039-PP-M,BTM039,Bottom,M,B08KRT1VKG
BTM039-PP-S,BTM039,Bottom,S,B08KR7LV2T
BTM039-PP-XL,BTM039,Bottom,XL,B08KRSHJZ8
BTM039-PP-XS,BTM039,Bottom,XS,B08KR858BX
BTM039-PP-XXL,BTM039,Bottom,XXL,B08KRP5XSL
BTM039-PP-XXXL,BTM039,Bottom,3XL,B08KRYFMQJ
BTM040-PP-M,BTM040,Bottom,M,B08KRV6BGV
BTM040-PP-S,BTM040,Bottom,S,B08KRJ9DD1
BTM040-PP-XL,BTM040,Bottom,XL,B08KRKYFJL
BTM040-PP-XS,BTM040,Bottom,XS,B08KRFX142
BTM040-PP-XXL,BTM040,Bottom,XXL,B08KRZGS3G
BTM040-PP-XXXL,BTM040,Bottom,3XL,B08KRQP3YL
BTM041-PP-L,BTM041,Bottom,L,B08KS4ZT3H
BTM041-PP-S,BTM041,Bottom,S,B08KR9G4W1
BTM041-PP-XL,BTM041,Bottom,XL,B08KRQ3Z3V
BTM041-PP-XS,BTM041,Bottom,XS,B08KRVBNKD
BTM041-PP-XXL,BTM041,Bottom,XXL,B08KSBZ48S
BTM041-PP-XXXL,BTM041,Bottom,3XL,B08KRY6ZKV
BTM042-PP-L,BTM042,Bottom,L,B08L3QH8PP
BTM042-PP-M,BTM042,Bottom,M,B08L3SV4VD
BTM042-PP-S,BTM042,Bottom,S,B08L3S6NSL
BTM042-PP-XL,BTM042,Bottom,XL,B08L3SJ51W
BTM042-PP-XS,BTM042,Bottom,XS,B08L3RWBL6
BTM042-PP-XXL,BTM042,Bottom,XXL,B08L3QV94R
BTM042-PP-XXXL,BTM042,Bottom,3XL,B08L3SQMDS
BTM043-PP-S,BTM043,Bottom,S,B08L3V557H
BTM043-PP-XL,BTM043,Bottom,XL,B08L3SHYZH
BTM043-PP-XS,BTM043,Bottom,XS,B08L3SSHSS
BTM043-PP-XXL,BTM043,Bottom,XXL,B08L3TP5J8
BTM043-PP-XXXL,BTM043,Bottom,3XL,B08L3STPRX
BTM044-PP-M,BTM044,Bottom,M,B08L3SKS8C
BTM044-PP-XL,BTM044,Bottom,XL,B08L3RM4X5
BTM044-PP-XS,BTM044,Bottom,XS,B08L3S54PN
BTM044-PP-XXL,BTM044,Bottom,XXL,B08L3W3P7D
BTM044-PP-XXXL,BTM044,Bottom,3XL,B08L3SG1NG
BTM045-PP-M,BTM045,Bottom,M,B08L3R8455
BTM045-PP-XL,BTM045,Bottom,XL,B08L3RLQ52
BTM045-PP-XXL,BTM045,Bottom,XXL,B08L3SZY9B
BTM045-PP-XXXL,BTM045,Bottom,3XL,B08L3T3RLL
BTM046-PP-M,BTM046,Bottom,M,B08L3SKGRS
BTM046-PP-XL,BTM046,Bottom,XL,B08L3R41W4
BTM047-PP-L,BTM047,Bottom,L,B08L3T722J
BTM047-PP-M,BTM047,Bottom,M,B08L3TXDSK
BTM047-PP-S,BTM047,Bottom,S,B08L3RSH8G
BTM047-PP-XS,BTM047,Bottom,XS,B08L3S9HLD
BTM047-PP-XXL,BTM047,Bottom,XXL,B08L3RT8Q6
BTM047-PP-XXXL,BTM047,Bottom,3XL,B08L3T4S5P
BTM048-PP-L,BTM048,Bottom,L,B08L3SXHNG
BTM048-PP-M,BTM048,Bottom,M,B08L3SCMTC
BTM048-PP-XS,BTM048,Bottom,XS,B08L3SDW49
BTM048-PP-XXL,BTM048,Bottom,XXL,B08L3VFJ8T
BTM048-PP-XXXL,BTM048,Bottom,3XL,B08L3VG1F8
CH201-RED-M,CH201,Bottom,M,B091GMQN4F
CH202-ORANGE-L,CH202,Bottom,L,B091GNPJYX
CH202-ORANGE-XXL,CH202,Bottom,XXL,B091GN6CZ1
CH203-MAROON-L,CH203,Bottom,L,B091GLX9PG
CH203-MAROON-S,CH203,Bottom,S,B091GNQKHP
CH204-PURPLE-L,CH204,Bottom,L,B091GNZCG7
CH204-PURPLE-M,CH204,Bottom,M,B091J1C2R8
CH204-PURPLE-S,CH204,Bottom,S,B091GMZ4F3
CH205-YELLOW-S,CH205,Bottom,S,B091HW1R6V
CH205-YELLOW-XL,CH205,Bottom,XL,B091GN3GZS
CH205-YELLOW-XXL,CH205,Bottom,XXL,B091GP6N1J
CH206-GREEN-M,CH206,Bottom,M,B091GMCXWZ
CH206-GREEN-XXL,CH206,Bottom,XXL,B091GMNVTW
CH207-PINK-L,CH207,Bottom,L,B091GP62JZ
CH208-MUSTARD-L,CH208,Bottom,L,B091GMXLR2
CH208-MUSTARD-M,CH208,Bottom,M,B091GNW3B1
CH208-MUSTARD-S,CH208,Bottom,S,B091GNX4K5
CH208-MUSTARD-XXL,CH208,Bottom,XXL,B091HHJ3JF
CH209-BIEGE-L,CH209,Bottom,L,B091GKFMVX
CH209-BIEGE-XL,CH209,Bottom,XL,B091GLK499
CH213-BROWN-L,CH213,Bottom,L,B091GMPYXL
CH213-BROWN-M,CH213,Bottom,M,B091GKQRZR
CH213-BROWN-S,CH213,Bottom,S,B091GKR9X9
DPT032,DPT032,Dupatta,FREE,B07NBK5C79
DPT041,DPT041,Dupatta,FREE,B07NBQMYGN
DPT052,DPT052,Dupatta,FREE,B07NBGZS2D
J0001-DR-L,J0001,Ethnic Dress,L,B0894XPW4B
J0001-DR-M,J0001,Ethnic Dress,M,B0894XQJQV
J0001-DR-S,J0001,Ethnic Dress,S,B0894XNFM5
J0001-DR-XL,J0001,Ethnic Dress,XL,B0894XKJNW
J0001-DR-XS,J0001,Ethnic Dress,XS,B0894YX22N
J0001-DR-XXL,J0001,Ethnic Dress,XXL,B0894XL3JL
J0001-DR-XXXL,J0001,Ethnic Dress,3XL,B0894X66X2
J0002-SKD-L,J0002,Set,L,B0894X3VKQ
J0002-SKD-M,J0002,Set,M,B0894YWSQN
J0002-SKD-S,J0002,Set,S,B0894XKKWY
J0002-SKD-XL,J0002,Set,XL,B0894XKSM1
J0002-SKD-XS,J0002,Set,XS,B08B4T2CTJ
J0002-SKD-XXL,J0002,Set,XXL,B0894YNXQ3
J0002-SKD-XXXL,J0002,Set,3XL,B0894YJC25
J0003-SET-L,J0003,Set,L,B0894Y4PNG
J0003-SET-M,J0003,Set,M,B0894XH3LN
J0003-SET-S,J0003,Set,S,B0894X27FC
J0003-SET-XL,J0003,Set,XL,B0894YFQ5R
J0003-SET-XS,J0003,Set,XS,B0894WW15B
J0003-SET-XXL,J0003,Set,XXL,B0894XKVH3
J0003-SET-XXXL,J0003,Set,3XL,B0894Y3VBB
J0004-SKD-L,J0004,Set,L,B0894WMVMW
J0004-SKD-M,J0004,Set,M,B0894YPTQT
J0004-SKD-S,J0004,Set,S,B0894Y659D
J0004-SKD-XL,J0004,Set,XL,B0894XWGCR
J0004-SKD-XS,J0004,Set,XS,B0894WVKRP
J0004-SKD-XXL,J0004,Set,XXL,B0894XVZLM
J0004-SKD-XXXL,J0004,Set,3XL,B0894X1Q3M
J0005-DR-B-M,J0005,Western Dress,M,B08B3YQPFP
J0005-DR-L,J0005,Western Dress,L,B08B3Y3VHQ
J0005-DR-M,J0005,Western Dress,M,B08B3YBBPT
J0005-DR-S,J0005,Western Dress,S,B08B3YK5R3
J0005-DR-XL,J0005,Western Dress,XL,B08B3YB1FR
J0005-DR-XS,J0005,Western Dress,XS,B08B3YVCK3
J0005-DR-XXL,J0005,Western Dress,XXL,B08B3GTC12
J0005-DR-XXXL,J0005,Western Dress,3XL,B08B3YMCZK
J0006-SET-L,J0006,Ethnic Dress,L,B0894YJNT9
J0006-SET-M,J0006,Ethnic Dress,M,B0894WV6S6
J0006-SET-S,J0006,Ethnic Dress,S,B0894WT213
J0006-SET-XL,J0006,Ethnic Dress,XL,B0894XHM78
J0006-SET-XS,J0006,Ethnic Dress,XS,B08B3Z4J34
J0006-SET-XXL,J0006,Ethnic Dress,XXL,B0894X9QY9
J0006-SET-XXXL,J0006,Ethnic Dress,3XL,B0894X7XDM
J0007-SKD-L,J0007,Set,L,B0894XC9DQ
J0007-SKD-M,J0007,Set,M,B0894XZZQC
J0007-SKD-S,J0007,Set,S,B0894XR7QJ
J0007-SKD-XL,J0007,Set,XL,B0894WR7FV
J0007-SKD-XS,J0007,Set,XS,B0894YMHNT
J0007-SKD-XXL,J0007,Set,XXL,B0894X83SZ
J0007-SKD-XXXL,J0007,Set,3XL,B0894YPW89
J0008-SKD-L,J0008,Set,L,B0894YB3B1
J0008-SKD-M,J0008,Set,M,B0894YTN3H
J0008-SKD-S,J0008,Set,S,B0894XGJ83
J0008-SKD-XL,J0008,Set,XL,B0894X711G
J0008-SKD-XS,J0008,Set,XS,B0894WWGK9
J0008-SKD-XXL,J0008,Set,XXL,B0894WT71H
J0008-SKD-XXXL,J0008,Set,3XL,B0894X8ND7
J0009-SKD-L,J0009,Set,L,B0894WL9SH
J0009-SKD-M,J0009,Set,M,B0894Y7ZF8
J0009-SKD-S,J0009,Set,S,B0894X8979
J0009-SKD-XL,J0009,Set,XL,B0894XSQ2J
J0009-SKD-XS,J0009,Set,XS,B0894XK9TT
J0009-SKD-XXL,J0009,Set,XXL,B0894XR5B6
J0009-SKD-XXXL,J0009,Set,3XL,B0894VM6TP
J0010-LCD-L,J0010,Set,L,B08BJSDK5J
J0010-LCD-M,J0010,Set,M,B08BJSJX3D
J0010-LCD-S,J0010,Set,S,B08BJS7G2R
J0010-LCD-XL,J0010,Set,XL,B08BJRSXYV
J0010-LCD-XS,J0010,Set,XS,B08BJQVTHS
J0010-LCD-XXL,J0010,Set,XXL,B08BJT3V83
J0010-LCD-XXXL,J0010,Set,3XL,B08BJQYC1B
J0011-LCD-A-L,J0011,Set,L,B08B4VH6Y5
J0011-LCD-M,J0011,Set,M,B08B3YNJG5
J0011-LCD-S,J0011,Set,S,B08B3YXQJ2
J0011-LCD-XL,J0011,Set,XL,B08B3ZYRNS
J0011-LCD-XS,J0011,Set,XS,B08B3ZSWW6
J0011-LCD-XXL,J0011,Set,XXL,B08B3YDP12
J0011-LCD-XXXL,J0011,Set,3XL,B08B3ZDZDR
J0012-SKD-L,J0012,Set,L,B0894XGSH9
J0012-SKD-M,J0012,Set,M,B0894XYMWS
J0012-SKD-S,J0012,Set,S,B0894WX8CC
J0012-SKD-XL,J0012,Set,XL,B0894WY9V7
J0012-SKD-XS,J0012,Set,XS,B0894Y2NJQ
J0012-SKD-XXL,J0012,Set,XXL,B0894X9LNS
J0012-SKD-XXXL,J0012,Set,3XL,B0894Y1W9Q
J0013-SKD-L,J0013,Set,L,B08CMG9FVB
J0013-SKD-M,J0013,Set,M,B08CMJBRQV
J0013-SKD-S,J0013,Set,S,B08CMMD2XK
J0013-SKD-XS,J0013,Set,XS,B08CMXXV2J
J0013-SKD-XXL,J0013,Set,XXL,B08CMRGFFJ
J0013-SKD-XXXL,J0013,Set,3XL,B08CN3P4HX
J0014-LCD-L,J0014,Set,L,B0894YHVKG
J0014-LCD-M,J0014,Set,M,B0894XW4QF
J0014-LCD-S,J0014,Set,S,B0894WPZNV
J0014-LCD-XL,J0014,Set,XL,B0894X4347
J0014-LCD-XS,J0014,Set,XS,B0894XSNZV
J0014-LCD-XXL,J0014,Set,XXL,B0894H79NH
J0014-LCD-XXXL,J0014,Set,3XL,B0894XH9WM
J0015-DR-S,J0015,Ethnic Dress,S,B0894XC1H5
J0015-DR-XS,J0015,Ethnic Dress,XS,B0894YSTPQ
J0016-DR-XS,J0016,Western Dress,XS,B089FZZRVF
J0019-SET-M,J0019,Set,M,B089G2STRK
J0019-SET-S,J0019,Set,S,B089G2WV99
J0019-SET-XS,J0019,Set,XS,B089G1KWJN
J0020-SET-XL,J0020,Set,XL,B089G1KDMD
J0020-SET-XS,J0020,Set,XS,B089G2D8YZ
J0020-SET-XXL,J0020,Set,XXL,B089FZR7BK
J0020-SET-XXXL,J0020,Set,3XL,B089G2R4JT
J0021-TP-L,J0021,Top,L,B08B4HLQH5
J0021-TP-XXL,J0021,Top,XXL,B08B4JHTTV
J0022-KR-XS,J0022,Kurta,XS,B08B3YNXWN
J0023-TP-L,J0023,Top,L,B0899QQHBZ
J0023-TP-S,J0023,Top,S,B0899NCQQ4
J0023-TP-XL,J0023,Top,XL,B0899R2FS5
J0023-TP-XS,J0023,Top,XS,B0899G3B22
J0023-TP-XXL,J0023,Top,XXL,B0899K195Q
J0023-TP-XXXL,J0023,Top,3XL,B08999SMY4
J0024-KR-M,J0024,Kurta,M,B09VZDKF1F
J0024-KR-XL,J0024,Kurta,XL,B09VZDQ79H
J0024-KR-XXL,J0024,Kurta,XXL,B09VZDCTF4
J0024-KR-XXXL,J0024,Kurta,3XL,B09VZDZBVN
J0025-DR-M,J0025,Western Dress,M,B089G32945
J0025-DR-S,J0025,Western Dress,S,B089G26CZ5
J0025-DR-XL,J0025,Western Dress,XL,B089G2S11Y
J0025-DR-XS,J0025,Western Dress,XS,B089G1JFVJ
J0025-DR-XXL,J0025,Western Dress,XXL,B089G1TBQK
J0025-DR-XXXL,J0025,Western Dress,3XL,B089G1R7G8
J0026-KR-S,J0026,Kurta,S,B089G1HP9K
J0026-KR-XS,J0026,Kurta,XS,B089FLTHN4
J0027-SET-S,J0027,Set,S,B08B3XRYWJ
J0027-SET-XS,J0027,Set,XS,B08B3YZN3J
J0027-SET-XXL,J0027,Set,XXL,B08B3Z5LXW
J0028-KR-L,J0028,Kurta,L,B0894W912W
J0028-KR-S,J0028,Kurta,S,B0894YCFX3
J0028-KR-XS,J0028,Kurta,XS,B0894X6ZR7
J0029-KR-S,J0029,Kurta,S,B0894XBCTK
J0029-KR-XS,J0029,Kurta,XS,B0894XKF36
J0033-KR-L,J0033,Kurta,L,B089G2X2ZD
J0033-KR-M,J0033,Kurta,M,B089G1RT1M
J0033-KR-S,J0033,Kurta,S,B089G113QH
J0033-KR-XL,J0033,Kurta,XL,B089G1L2FY
J0033-KR-XS,J0033,Kurta,XS,B089G2R8D1
J0033-KR-XXL,J0033,Kurta,XXL,B089G2YCBM
J0033-KR-XXXL,J0033,Kurta,3XL,B089G2TLQ6
J0034-SET-L,J0034,Set,L,B089G1PFFK
J0034-SET-M,J0034,Set,M,B089G1V1G3
J0034-SET-S,J0034,Set,S,B089G2P3Y8
J0034-SET-XL,J0034,Set,XL,B089G1LHDM
J0034-SET-XS,J0034,Set,XS,B089G1MZBB
J0034-SET-XXL,J0034,Set,XXL,B089G1559Q
J0034-SET-XXXL,J0034,Set,3XL,B08B4TR2M6
J0036-TP-XS,J0036,Top,XS,B0899CR21G
J0037-KR-L,J0037,Kurta,L,B089G2BFX2
J0037-KR-XXL,J0037,Kurta,XXL,B089G14DP3
J0037-KR-XXXL,J0037,Kurta,3XL,B089G2GP9R
J0038-DR-S,J0038,Ethnic Dress,S,B089G1QSJ9
J0038-DR-XS,J0038,Ethnic Dress,XS,B089FZQSBS
J0038-DR-XXXL,J0038,Ethnic Dress,3XL,B089G2MSM4
J0039-SET-S,J0039,Set,S,B089G1W8DS
J0039-SET-XS,J0039,Set,XS,B089G1ZXB6
J0040-SET-XS,J0040,Set,XS,B0894XNNH1
J0040-SET-XXXL,J0040,Set,3XL,B0894XX73X
J0041-SET-L,J0041,Set,L,B089G28YYW
J0041-SET-M,J0041,Set,M,B089G2L483
J0041-SET-S,J0041,Set,S,B089G1JQCK
J0041-SET-XL,J0041,Set,XL,B089G1ZNLX
J0041-SET-XS,J0041,Set,XS,B089G2JV7X
J0041-SET-XXL,J0041,Set,XXL,B089G235VW
J0041-SET-XXXL,J0041,Set,3XL,B089G22BRS
J0042-DR-L,J0042,Western Dress,L,B089G1HR1V
J0042-DR-S,J0042,Western Dress,S,B089G2P4VT
J0042-DR-XL,J0042,Western Dress,XL,B089G2634B
J0042-DR-XS,J0042,Western Dress,XS,B089G2T8K8
J0043-SET-S,J0043,Set,S,B089FZW8GF
J0043-SET-XL,J0043,Set,XL,B089FZW6LW
J0043-SET-XS,J0043,Set,XS,B089G2C3QV
J0044-TP-S,J0044,Top,S,B08BK59ZWF
J0044-TP-XS,J0044,Top,XS,B08BK44QHH
J0047-TP-XL,J0047,Top,XL,B08C32BMWV
J0048-TP-S,J0048,Top,S,B08B4JW156
J0048-TP-XL,J0048,Top,XL,B08B4JL6ZR
J0048-TP-XS,J0048,Top,XS,B08B4J3C26
J0048-TP-XXL,J0048,Top,XXL,B08B4J5XQ7
J0049-TP-L,J0049,Top,L,B08C32SZLT
J0049-TP-M,J0049,Top,M,B08C31B5NB
J0049-TP-S,J0049,Top,S,B08C33BHD6
J0049-TP-XL,J0049,Top,XL,B08C343R91
J0049-TP-XS,J0049,Top,XS,B08C33V71F
J0049-TP-XXL,J0049,Top,XXL,B08C35KN3J
J0049-TP-XXXL,J0049,Top,3XL,B08C31KF8Y
J0051-KR-S,J0051,Kurta,S,B08BK541W6
J0052-KR-XS,J0052,Kurta,XS,B08BK5YVWH
J0053-KR-XS,J0053,Kurta,XS,B08BK5VQ9B
J0055-SET-XS,J0055,Set,XS,B08HK4HPH5
J0057-DR-S,J0057,Ethnic Dress,S,B08HK4JGSY
J0057-DR-XS,J0057,Ethnic Dress,XS,B08HK2BS5H
J0057-DR-XXXL,J0057,Ethnic Dress,3XL,B08GKKNK8L
J0058-DR-XS,J0058,Ethnic Dress,XS,B08HHJJ6QW
J0062-DR-L,J0062,Western Dress,L,B08HK58ZRD
J0062-DR-M,J0062,Western Dress,M,B08HK5Y9FH
J0062-DR-S,J0062,Western Dress,S,B08HK498TZ
J0062-DR-XS,J0062,Western Dress,XS,B08HK4SWMY
J0062-DR-XXL,J0062,Western Dress,XXL,B08HK4T9MQ
J0070-KR-M,J0070,Kurta,M,B08F38HSQM
J0070-KR-S,J0070,Kurta,S,B08F3975KV
J0070-KR-XS,J0070,Kurta,XS,B08F39S4FH
J0070-KR-XXL,J0070,Kurta,XXL,B08F3BC8GX
J0072-KR-L,J0072,Kurta,L,B08C31B5JR
J0072-KR-M,J0072,Kurta,M,B08C32FVVH
J0072-KR-S,J0072,Kurta,S,B08C337G7K
J0072-KR-XL,J0072,Kurta,XL,B08C331XDM
J0072-KR-XS,J0072,Kurta,XS,B08C344Y75
J0072-KR-XXL,J0072,Kurta,XXL,B08C33LT25
J0072-KR-XXXL,J0072,Kurta,3XL,B08C33D7SX
J0073-KR-L,J0073,Kurta,L,B08C32FDM9
J0073-KR-M,J0073,Kurta,M,B08C32NPJD
J0073-KR-S,J0073,Kurta,S,B08C333N75
J0073-KR-XL,J0073,Kurta,XL,B08C32PKRR
J0073-KR-XXL,J0073,Kurta,XXL,B08C333ZRZ
J0073-KR-XXXL,J0073,Kurta,3XL,B08C32Z715
J0074-TP-L,J0074,Top,L,B089G1KH7Z
J0074-TP-S,J0074,Top,S,B089FZH713
J0074-TP-XL,J0074,Top,XL,B089G2NH3L
J0074-TP-XS,J0074,Top,XS,B089G184QQ
J0074-TP-XXL,J0074,Top,XXL,B089G2NK28
J0075-KR-M,J0075,Kurta,M,B08C337S6N
J0075-KR-S,J0075,Kurta,S,B08C33C2XW
J0075-KR-XS,J0075,Kurta,XS,B08C33MB83
J0076-SET-S,J0076,Set,S,B089G2RWY1
J0077-SKD-L,J0077,Set,L,B08YNV88N7
J0077-SKD-M,J0077,Set,M,B08YNPB5YK
J0077-SKD-S,J0077,Set,S,B08YNTF3X3
J0077-SKD-XL,J0077,Set,XL,B08YNTWWHJ
J0077-SKD-XS,J0077,Set,XS,B08YNRHNTR
J0077-SKD-XXL,J0077,Set,XXL,B08YNSD6XG
J0077-SKD-XXXL,J0077,Set,3XL,B08YNHJ96P
J0078-SET-L,J0078,Set,L,B08VWH92YN
J0078-SET-M,J0078,Set,M,B08VVYXHYH
J0078-SET-S,J0078,Set,S,B08VW31TLG
J0078-SET-XL,J0078,Set,XL,B08VWGLGPD
J0078-SET-XXL,J0078,Set,XXL,B08VW9RBLW
J0078-SET-XXXL,J0078,Set,3XL,B08VWF6B49
J0079-SKD-L,J0079,Set,L,B08XNJNFQ1
J0079-SKD-S,J0079,Set,S,B08XNG67ZL
J0079-SKD-XL,J0079,Set,XL,B08XNJQY4Q
J0079-SKD-XXXL,J0079,Set,3XL,B08XNHWN22
J0080-TP-L,J0080,Top,L,B09269SGQ4
J0080-TP-S,J0080,Top,S,B0926WH17C
J0080-TP-XS,J0080,Top,XS,B09268MT2C
J0080-TP-XXL,J0080,Top,XXL,B0926C6D8M
J0081-DR-L,J0081,Western Dress,L,B091YZNJMZ
J0081-DR-M,J0081,Western Dress,M,B091XZYQG4
J0081-DR-S,J0081,Western Dress,S,B091YFW1VZ
J0081-DR-XL,J0081,Western Dress,XL,B091YGV68T
J0081-DR-XS,J0081,Western Dress,XS,B091Y2T7GS
J0081-DR-XXL,J0081,Western Dress,XXL,B091YGZ995
J0081-DR-XXXL,J0081,Western Dress,3XL,B091XV7CPN
J0082-TP-L,J0082,Top,L,B092D2BK4J
J0082-TP-S,J0082,Top,S,B092CZDX84
J0082-TP-XL,J0082,Top,XL,B092D2DFD6
J0082-TP-XS,J0082,Top,XS,B092D2J6R6
J0082-TP-XXL,J0082,Top,XXL,B092D2FHMK
J0083-KR-L,J0083,Kurta,L,B09295Z14G
J0083-KR-M,J0083,Kurta,M,B09295PWRB
J0083-KR-S,J0083,Kurta,S,B092972M7K
J0083-KR-XL,J0083,Kurta,XL,B09293NW9F
J0083-KR-XS,J0083,Kurta,XS,B092969H1T
J0083-KR-XXL,J0083,Kurta,XXL,B09296NJ5N
J0083-KR-XXXL,J0083,Kurta,3XL,B09293P4X2
J0084-TP-M,J0084,Top,M,B09C8865YV
J0084-TP-S,J0084,Top,S,B09C87JBSV
J0084-TP-XS,J0084,Top,XS,B09C87RMLP
J0085-TP-L,J0085,Top,L,B092CZW18G
J0085-TP-M,J0085,Top,M,B092CXSD1H
J0085-TP-S,J0085,Top,S,B092CVW5H3
J0085-TP-XL,J0085,Top,XL,B092CZVR7X
J0085-TP-XS,J0085,Top,XS,B092D2R7PV
J0085-TP-XXL,J0085,Top,XXL,B092D118NW
J0085-TP-XXXL,J0085,Top,3XL,B092CZMPXK
J0086-DR-XL,J0086,Ethnic Dress,XL,B091XY8ZFF
J0086-DR-XS,J0086,Ethnic Dress,XS,B091YHGQST
J0086-DR-XXXL,J0086,Ethnic Dress,3XL,B091YGDV37
J0087-TP-L,J0087,Top,L,B092D6SZY5
J0087-TP-M,J0087,Top,M,B092D4XKS1
J0087-TP-S,J0087,Top,S,B092D415LK
J0087-TP-XL,J0087,Top,XL,B092D393D4
J0087-TP-XS,J0087,Top,XS,B092D45HNG
J0087-TP-XXL,J0087,Top,XXL,B092D4VYR4
J0087-TP-XXXL,J0087,Top,3XL,B092D368QD
J0088-TP-L,J0088,Top,L,B092D2B8N4
J0088-TP-M,J0088,Top,M,B092D2GLW2
J0088-TP-S,J0088,Top,S,B092D2RZ8S
J0088-TP-XL,J0088,Top,XL,B092CZP2ZY
J0088-TP-XS,J0088,Top,XS,B092D2Y3BF
J0088-TP-XXL,J0088,Top,XXL,B092D2ZZ78
J0088-TP-XXXL,J0088,Top,3XL,B092D2MRVZ
J0089-TP-L,J0089,Top,L,B092CY182N
J0089-TP-M,J0089,Top,M,B092D32ZJH
J0089-TP-S,J0089,Top,S,B092D263PK
J0089-TP-XL,J0089,Top,XL,B092CZP97K
J0089-TP-XS,J0089,Top,XS,B092D2LPT3
J0089-TP-XXL,J0089,Top,XXL,B092D27VN5
J0089-TP-XXXL,J0089,Top,3XL,B092D2KTHR
J0090-TP-L,J0090,Top,L,B092D2M2VT
J0090-TP-M,J0090,Top,M,B092D33WVQ
J0090-TP-S,J0090,Top,S,B092D3276L
J0090-TP-XL,J0090,Top,XL,B092D2VN28
J0090-TP-XS,J0090,Top,XS,B092D2XF1X
J0090-TP-XXL,J0090,Top,XXL,B092D2BJ6Q
J0090-TP-XXXL,J0090,Top,3XL,B092D2R7PS
J0091-TP-L,J0091,Top,L,B092CZQKDB
J0091-TP-M,J0091,Top,M,B092CZQ156
J0091-TP-S,J0091,Top,S,B092CZTQF6
J0091-TP-XL,J0091,Top,XL,B092D2LWSQ
J0091-TP-XS,J0091,Top,XS,B092CZTP9Q
J0091-TP-XXL,J0091,Top,XXL,B092CZS27J
J0091-TP-XXXL,J0091,Top,3XL,B092D2VC1X
J0092-SET-L,J0092,Set,L,B089FZ6SFC
J0092-SET-M,J0092,Set,M,B089G1MSHB
J0092-SET-S,J0092,Set,S,B089G25H3F
J0092-SET-XL,J0092,Set,XL,B089G276WH
J0092-SET-XS,J0092,Set,XS,B089G1R8HG
J0092-SET-XXL,J0092,Set,XXL,B089G23VMN
J0092-SET-XXXL,J0092,Set,3XL,B089G1R6M7
J0093-DR-L,J0093,Ethnic Dress,L,B089G291QB
J0093-DR-M,J0093,Ethnic Dress,M,B089G33LW9
J0093-DR-S,J0093,Ethnic Dress,S,B089G2K86C
J0093-DR-XS,J0093,Ethnic Dress,XS,B089G2TPXW
J0093-DR-XXL,J0093,Ethnic Dress,XXL,B089G1TV2D
J0094-KR-L,J0094,Kurta,L,B089G33DCV
J0094-KR-M,J0094,Kurta,M,B089G1FCC7
J0094-KR-S,J0094,Kurta,S,B089G2BFX1
J0094-KR-XL,J0094,Kurta,XL,B089G11B4C
J0094-KR-XS,J0094,Kurta,XS,B089G2LW3H
J0094-KR-XXL,J0094,Kurta,XXL,B089FZH54C
J0094-KR-XXXL,J0094,Kurta,3XL,B089FZG2LK
J0095-SET-L,J0095,Set,L,B08CMHNWBN
J0095-SET-M,J0095,Set,M,B08CMRV8D1
J0095-SET-S,J0095,Set,S,B08CMXZQR6
J0095-SET-XL,J0095,Set,XL,B08CMN1K86
J0095-SET-XS,J0095,Set,XS,B08CMF24KH
J0095-SET-XXL,J0095,Set,XXL,B08CMMN974
J0095-SET-XXXL,J0095,Set,3XL,B08CMV6SCJ
J0096-KR-L,J0096,Kurta,L,B089G31L36
J0096-KR-M,J0096,Kurta,M,B089G1HM97
J0096-KR-S,J0096,Kurta,S,B089G356KM
J0096-KR-XL,J0096,Kurta,XL,B089G2K69F
J0096-KR-XS,J0096,Kurta,XS,B089FZXRFW
J0096-KR-XXL,J0096,Kurta,XXL,B089G1TKY8
J0096-KR-XXXL,J0096,Kurta,3XL,B089G2B1FV
J0097-KR-L,J0097,Kurta,L,B08BJR2R7M
J0097-KR-M,J0097,Kurta,M,B08BJT3PSM
J0097-KR-S,J0097,Kurta,S,B08BJS1LPN
J0097-KR-XL,J0097,Kurta,XL,B08BJSHTNG
J0097-KR-XS,J0097,Kurta,XS,B08BJSMMBL
J0097-KR-XXL,J0097,Kurta,XXL,B08BJRFKHF
J0097-KR-XXXL,J0097,Kurta,3XL,B08BJRMLZC
J0098-TP-L,J0098,Top,L,B092CZ9NG6
J0098-TP-M,J0098,Top,M,B092D2R649
J0098-TP-S,J0098,Top,S,B092CZZLRQ
J0098-TP-XS,J0098,Top,XS,B092CZW41L
J0098-TP-XXL,J0098,Top,XXL,B092D3D5BL
J0098-TP-XXXL,J0098,Top,3XL,B092D2K4VK
J0100-DR-S,J0100,Western Dress,S,B08VS4RLVT
J0100-DR-XS,J0100,Western Dress,XS,B08VS1SYQD
J0100-DR-XXL,J0100,Western Dress,XXL,B08VS2KG46
J0100-DR-XXXL,J0100,Western Dress,3XL,B08VRL3WXC
J0101-DR-A-M,J0101,Ethnic Dress,M,B08VRPWN1B
J0101-DR-A-XL,J0101,Ethnic Dress,XL,B08VS81D6M
J0101-DR-A-XXXL,J0101,Ethnic Dress,3XL,B08VRJS7TK
J0101-DR-L,J0101,Ethnic Dress,L,B08VRRG8FV
J0101-DR-S,J0101,Ethnic Dress,S,B08VRNH21D
J0101-DR-XS,J0101,Ethnic Dress,XS,B08VRFJX8F
J0101-DR-XXL,J0101,Ethnic Dress,XXL,B08VRMD8TQ
J0102-SKD-L,J0102,Set,L,B09HMLV6G7
J0102-SKD-M,J0102,Set,M,B09HMLPD2H
J0102-SKD-S,J0102,Set,S,B09HMHSQNP
J0102-SKD-XL,J0102,Set,XL,B09HMTQW6F
J0102-SKD-XS,J0102,Set,XS,B09HMTR72S
J0102-SKD-XXL,J0102,Set,XXL,B09HMSPY2J
J0102-SKD-XXXL,J0102,Set,3XL,B09HMN6TFJ
J0103-SKD-A-M,J0103,Set,M,B08VW7WT5W
J0103-SKD-L,J0103,Set,L,B08VW3P7X2
J0103-SKD-S,J0103,Set,S,B08VWKY8LL
J0103-SKD-XL,J0103,Set,XL,B08VWZPSVC
J0103-SKD-XS,J0103,Set,XS,B08VWKSVV7
J0103-SKD-XXL,J0103,Set,XXL,B08VW65TWT
J0103-SKD-XXXL,J0103,Set,3XL,B08VWRSTXS
J0104-KR-M,J0104,Kurta,M,B08BJSMMBN
J0104-KR-S,J0104,Kurta,S,B08BJQ4CN7
J0104-KR-XL,J0104,Kurta,XL,B08BJSGKD8
J0104-KR-XS,J0104,Kurta,XS,B08BJRCFNM
J0104-KR-XXL,J0104,Kurta,XXL,B08BJSCT99
J0105-KR-L,J0105,Western Dress,L,B08PVT3Z43
J0105-KR-M,J0105,Western Dress,M,B08PVRL2SR
J0105-KR-S,J0105,Western Dress,S,B08PVRCH4Y
J0105-KR-XL,J0105,Western Dress,XL,B08PVVKV32
J0105-KR-XS,J0105,Western Dress,XS,B08PVSGBFJ
J0105-KR-XXL,J0105,Western Dress,XXL,B08PVTFFRS
J0105-KR-XXXL,J0105,Western Dress,3XL,B08PVRDJF7
J0106-KR-L,J0106,Western Dress,L,B08PVRM2CF
J0106-KR-M,J0106,Western Dress,M,B08PVTPCZ3
J0106-KR-S,J0106,Western Dress,S,B08PVV7BC2
J0106-KR-XL,J0106,Western Dress,XL,B08PVV4YZN
J0106-KR-XS,J0106,Western Dress,XS,B08PVSVS2K
J0106-KR-XXL,J0106,Western Dress,XXL,B08PVV8HQK
J0106-KR-XXXL,J0106,Western Dress,3XL,B08PVT19KN
J0108-SKD-L,J0108,Set,L,B08V1R1244
J0108-SKD-M,J0108,Set,M,B08TZTCG89
J0108-SKD-S,J0108,Set,S,B08V1MGSY7
J0108-SKD-XL,J0108,Set,XL,B08V1JND9P
J0108-SKD-XS,J0108,Set,XS,B08V1RZKRG
J0108-SKD-XXL,J0108,Set,XXL,B08V1618SF
J0108-SKD-XXXL,J0108,Set,3XL,B08V17X8LC
J0109-SKD-L,J0109,Set,L,B08V1Q3GBY
J0109-SKD-M,J0109,Set,M,B08V16DLQ1
J0109-SKD-S,J0109,Set,S,B08TZYVPHV
J0109-SKD-XL,J0109,Set,XL,B08V1FFZZW
J0109-SKD-XS,J0109,Set,XS,B08V1961QF
J0109-SKD-XXL,J0109,Set,XXL,B08TZYSSP6
J0109-SKD-XXXL,J0109,Set,3XL,B08V182SWV
J0110-SKD-L,J0110,Set,L,B08V18BDJ6
J0110-SKD-M,J0110,Set,M,B08V1PYKH9
J0110-SKD-S,J0110,Set,S,B08V13BW4V
J0110-SKD-XL,J0110,Set,XL,B08TZP82R2
J0110-SKD-XXL,J0110,Set,XXL,B08V11133K
J0111-TP-L,J0111,Top,L,B092D2M2VS
J0111-TP-M,J0111,Top,M,B092CZW1NT
J0111-TP-S,J0111,Top,S,B092D2YZX6
J0111-TP-XL,J0111,Top,XL,B092CZVBCR
J0111-TP-XS,J0111,Top,XS,B092D3GKDX
J0111-TP-XXL,J0111,Top,XXL,B092D392CB
J0111-TP-XXXL,J0111,Top,3XL,B092D2QGV4
J0112-TP-L,J0112,Top,L,B08V1HFN61
J0112-TP-M,J0112,Top,M,B08V19DNL7
J0112-TP-S,J0112,Top,S,B08TZYHH9F
J0112-TP-XL,J0112,Top,XL,B08TZZD456
J0112-TP-XS,J0112,Top,XS,B08V1878K6
J0112-TP-XXL,J0112,Top,XXL,B08V1FH81X
J0112-TP-XXXL,J0112,Top,3XL,B08V1RWYZ2
J0113-TP-L,J0113,Top,L,B08TZRD58N
J0113-TP-M,J0113,Top,M,B08V19JZ2F
J0113-TP-S,J0113,Top,S,B08V1LLYYW
J0113-TP-XL,J0113,Top,XL,B08V1N2D45
J0113-TP-XS,J0113,Top,XS,B08TZNX8NY
J0113-TP-XXL,J0113,Top,XXL,B08V17688J
J0113-TP-XXXL,J0113,Top,3XL,B08V1FF319
J0114-TP-M,J0114,Top,M,B08W9FC46C
J0114-TP-S,J0114,Top,S,B08W9M8M9G
J0114-TP-XS,J0114,Top,XS,B08W9BTYWK
J0115-TP-XXL,J0115,Top,XXL,B093GNYKBH
J0116-TP-M,J0116,Top,M,B092D6LS8F
J0116-TP-S,J0116,Top,S,B092D4TSY6
J0116-TP-XS,J0116,Top,XS,B092D4866W
J0116-TP-XXL,J0116,Top,XXL,B092D464GQ
J0117-TP-A-XXXL,J0117,Top,3XL,B08N66FLZG
J0117-TP-M,J0117,Top,M,B08N4TGTRV
J0117-TP-S,J0117,Top,S,B08N48MV3R
J0117-TP-XL,J0117,Top,XL,B08N4H7B3Y
J0117-TP-XS,J0117,Top,XS,B08N44NRDT
J0117-TP-XXL,J0117,Top,XXL,B08N4XHHCQ
J0117-TP-XXXL,J0117,Top,3XL,B08N498WCX
J0118-TP-L,J0118,Top,L,B08N47Z9YZ
J0118-TP-M,J0118,Top,M,B08N44NG72
J0118-TP-S,J0118,Top,S,B08N48GPXB
J0118-TP-XL,J0118,Top,XL,B08N4RDVZP
J0118-TP-XS,J0118,Top,XS,B08N4NJQ4G
J0118-TP-XXL,J0118,Top,XXL,B08N4QTQHW
J0118-TP-XXXL,J0118,Top,3XL,B08N43MK22
J0119-TP-L,J0119,Top,L,B08RYQQD6Z
J0119-TP-M,J0119,Top,M,B08RYQNCQ1
J0119-TP-S,J0119,Top,S,B08RYPSVZK
J0119-TP-XL,J0119,Top,XL,B08RYPWC3J
J0119-TP-XS,J0119,Top,XS,B08RYPYSND
J0119-TP-XXL,J0119,Top,XXL,B08RYRBZPC
J0119-TP-XXXL,J0119,Top,3XL,B08RYPRVPV
J0120-TP-L,J0120,Top,L,B08RYR23RH
J0120-TP-M,J0120,Top,M,B08RYRTQ7G
J0120-TP-S,J0120,Top,S,B08RYR5D3X
J0120-TP-XL,J0120,Top,XL,B08RYRFYSP
J0120-TP-XS,J0120,Top,XS,B08RYS1PYZ
J0120-TP-XXL,J0120,Top,XXL,B08RYSR7JQ
J0120-TP-XXXL,J0120,Top,3XL,B08RYS3V42
J0121-TP-L,J0121,Top,L,B08MYP4PC1
J0121-TP-S,J0121,Top,S,B08MYN1QTZ
J0122-TP-L,J0122,Top,L,B08MYLXB62
J0122-TP-M,J0122,Top,M,B08MYMV9F8
J0122-TP-S,J0122,Top,S,B08MYM2SRJ
J0122-TP-XL,J0122,Top,XL,B08MYQPHFK
J0122-TP-XS,J0122,Top,XS,B08MYMSK2F
J0122-TP-XXL,J0122,Top,XXL,B08MYMMCXF
J0122-TP-XXXL,J0122,Top,3XL,B08MYMV3K7
J0123-TP-M,J0123,Top,M,B08RDTBKTL
J0123-TP-XL,J0123,Top,XL,B08RDTFKPC
J0123-TP-XS,J0123,Top,XS,B08RDSWQ7R
J0123-TP-XXL,J0123,Top,XXL,B08RDTTBPW
J0123-TP-XXXL,J0123,Top,3XL,B08RDTZLH6
J0124-TP-L,J0124,Top,L,B08MYPMVSL
J0124-TP-M,J0124,Top,M,B08MYMV9P8
J0124-TP-S,J0124,Top,S,B08MYNLFDT
J0124-TP-XL,J0124,Top,XL,B08MYNFKXZ
J0124-TP-XS,J0124,Top,XS,B08MYMRV3R
J0124-TP-XXL,J0124,Top,XXL,B08MYNGSF7
J0124-TP-XXXL,J0124,Top,3XL,B08MYPW3M4
J0126-SKD-L,J0126,Set,L,B08TZD5W7J
J0126-SKD-M,J0126,Set,M,B08V1R5MMB
J0126-SKD-S,J0126,Set,S,B08TZZLLB5
J0126-SKD-XL,J0126,Set,XL,B08TZYS47B
J0126-SKD-XS,J0126,Set,XS,B08V1JBYV9
J0126-SKD-XXL,J0126,Set,XXL,B08TZTH235
J0126-SKD-XXXL,J0126,Set,3XL,B08V1CRLTV
J0127-SKD-L,J0127,Set,L,B08QGKDCNW
J0127-SKD-M,J0127,Set,M,B08QGL54HG
J0127-SKD-S,J0127,Set,S,B08QGKK49Z
J0127-SKD-XL,J0127,Set,XL,B08QGMZQ2B
J0127-SKD-XS,J0127,Set,XS,B08QGMPRVV
J0127-SKD-XXL,J0127,Set,XXL,B08QGLF7N2
J0127-SKD-XXXL,J0127,Set,3XL,B08QHNVKQ6
J0129-SET-S,J0129,Set,S,B091Z6YBC3
J0129-SET-XS,J0129,Set,XS,B091Z5RPMW
J0130-SET-L,J0130,Set,L,B091Z8617M
J0130-SET-M,J0130,Set,M,B091Z5ZPXV
J0130-SET-S,J0130,Set,S,B091Z6ZXDF
J0130-SET-XL,J0130,Set,XL,B091Z6LV8Z
J0130-SET-XS,J0130,Set,XS,B091Z81XR9
J0130-SET-XXL,J0130,Set,XXL,B091Z69GJ4
J0130-SET-XXXL,J0130,Set,3XL,B091Z6YG38
J0131-KR-A-M,J0131,Kurta,M,B08TZQBTMC
J0131-KR-L,J0131,Kurta,L,B08TZYXKQZ
J0131-KR-S,J0131,Kurta,S,B08V1155GY
J0131-KR-XL,J0131,Kurta,XL,B08V1F5SFX
J0131-KR-XS,J0131,Kurta,XS,B08V1886WQ
J0131-KR-XXL,J0131,Kurta,XXL,B08V12MVVT
J0131-KR-XXXL,J0131,Kurta,3XL,B08V17S7Z3
J0132-KR-L,J0132,Kurta,L,B08N19RF53
J0132-KR-XL,J0132,Kurta,XL,B08N19JM43
J0132-KR-XS,J0132,Kurta,XS,B08N1BYTL6
J0132-KR-XXL,J0132,Kurta,XXL,B08N1B4TPL
J0132-KR-XXXL,J0132,Kurta,3XL,B08N1CBW4L
J0133-KR-A-L,J0133,Kurta,L,B08V1DW1DY
J0133-KR-A-M,J0133,Kurta,M,B08V11XFHG
J0133-KR-A-XL,J0133,Kurta,XL,B08V1B2KFN
J0133-KR-XS,J0133,Kurta,XS,B08V1MQWV3
J0133-KR-XXL,J0133,Kurta,XXL,B08V1J46Q6
J0133-KR-XXXL,J0133,Kurta,3XL,B08TZY27TQ
J0134-SET-L,J0134,Set,L,B08N4T7C8X
J0134-SET-M,J0134,Set,M,B08N4PV4P8
J0134-SET-S,J0134,Set,S,B08N4QQDNL
J0134-SET-XL,J0134,Set,XL,B08N4RFHNM
J0134-SET-XS,J0134,Set,XS,B08N51R33N
J0134-SET-XXL,J0134,Set,XXL,B08N4LTTPV
J0134-SET-XXXL,J0134,Set,3XL,B08N4J7J1S
J0135-SET-L,J0135,Set,L,B08QGK2BYL
J0135-SET-M,J0135,Set,M,B08QGNNTQ2
J0135-SET-S,J0135,Set,S,B08QGMRCHW
J0135-SET-XL,J0135,Set,XL,B08QGJWRRZ
J0135-SET-XS,J0135,Set,XS,B08QGL84L9
J0135-SET-XXL,J0135,Set,XXL,B08QGM4LMF
J0135-SET-XXXL,J0135,Set,3XL,B08QGMNRBX
J0136-KR-M,J0136,Kurta,M,B0929NRJYF
J0136-KR-S,J0136,Kurta,S,B092936P8C
J0136-KR-XL,J0136,Kurta,XL,B09295VJXH
J0136-KR-XS,J0136,Kurta,XS,B09295DS1X
J0136-KR-XXL,J0136,Kurta,XXL,B09297X5HD
J0136-KR-XXXL,J0136,Kurta,3XL,B09295FLVZ
J0137-SET-L,J0137,Set,L,B091Z737NX
J0137-SET-M,J0137,Set,M,B091Z6HG48
J0137-SET-S,J0137,Set,S,B091Z6XY56
J0137-SET-XL,J0137,Set,XL,B091Z7PTKT
J0137-SET-XS,J0137,Set,XS,B091Z4QSMZ
J0137-SET-XXL,J0137,Set,XXL,B091Z4VV68
J0137-SET-XXXL,J0137,Set,3XL,B091Z7SXJ6
J0138-KR-M,J0138,Kurta,M,B091Y5MSRY
J0138-KR-S,J0138,Kurta,S,B091Y3C9XX
J0138-KR-XS,J0138,Kurta,XS,B091YJGBK7
J0138-KR-XXL,J0138,Kurta,XXL,B091Y5QW6C
J0139-KR-L,J0139,Kurta,L,B091YNCY8B
J0139-KR-M,J0139,Kurta,M,B091Y22QJ3
J0139-KR-S,J0139,Kurta,S,B091XPLK72
J0139-KR-XL,J0139,Kurta,XL,B091XR7H7X
J0139-KR-XS,J0139,Kurta,XS,B091XYYW9B
J0139-KR-XXL,J0139,Kurta,XXL,B091XYDRMV
J0139-KR-XXXL,J0139,Kurta,3XL,B091Y3X391
J0140-SET-L,J0140,Set,L,B08V1PFK7X
J0140-SET-M,J0140,Set,M,B08V1B4FYS
J0140-SET-S,J0140,Set,S,B08TZXGHYY
J0140-SET-XL,J0140,Set,XL,B08V17QS8H
J0140-SET-XXL,J0140,Set,XXL,B08TZNMXQZ
J0140-SET-XXXL,J0140,Set,3XL,B08TZXR8CT
J0141-KR-XXL,J0141,Kurta,XXL,B09295QKVX
J0142-KR-L,J0142,Kurta,L,B08QGJ4YT1
J0142-KR-M,J0142,Kurta,M,B08QGKX3L3
J0142-KR-S,J0142,Kurta,S,B08QGKL241
J0142-KR-XL,J0142,Kurta,XL,B08QGKHDCT
J0142-KR-XS,J0142,Kurta,XS,B08QGLX42J
J0142-KR-XXXL,J0142,Kurta,3XL,B08QGKS41B
J0143-SET-A-L,J0143,Set,L,B0929B9WNZ
J0143-SET-A-S,J0143,Set,S,B09298GWKW
J0143-SET-A-XS,J0143,Set,XS,B09299Y3ZK
J0143-SET-A-XXL,J0143,Set,XXL,B09297HCB3
J0143-SET-A-XXXL,J0143,Set,3XL,B09299P1L9
J0144-SET-S,J0144,Set,S,B08V141DP2
J0144-SET-XS,J0144,Set,XS,B08V15TBBM
J0144-SET-XXL,J0144,Set,XXL,B08V1843PT
J0145-SET-L,J0145,Set,L,B08V1DCK52
J0145-SET-M,J0145,Set,M,B08V11K2RR
J0145-SET-S,J0145,Set,S,B08TZWMXWM
J0145-SET-XS,J0145,Set,XS,B08V15KCG9
J0145-SET-XXL,J0145,Set,XXL,B08TZT5S3Y
J0145-SET-XXXL,J0145,Set,3XL,B08TZQSSCK
J0147-SET-L,J0147,Set,L,B091Z7PD7R
J0147-SET-M,J0147,Set,M,B091Z7HBGC
J0147-SET-XL,J0147,Set,XL,B091Z8TV5Q
J0147-SET-XS,J0147,Set,XS,B091Z61Y2K
J0147-SET-XXL,J0147,Set,XXL,B091Z87PMK
J0147-SET-XXXL,J0147,Set,3XL,B091Z7PFTG
J0148-SET-L,J0148,Set,L,B0929B5FX5
J0148-SET-M,J0148,Set,M,B092995Z24
J0148-SET-S,J0148,Set,S,B0929B7M5Y
J0148-SET-XL,J0148,Set,XL,B0929CTSR8
J0148-SET-XS,J0148,Set,XS,B0929DPT8L
J0148-SET-XXL,J0148,Set,XXL,B0929JZWL2
J0148-SET-XXXL,J0148,Set,3XL,B0929BNR7R
J0149-KR-S,J0149,Kurta,S,B08MYT6X3H
J0149-KR-XS,J0149,Kurta,XS,B08MYV8F8X
J0150-KR-L,J0150,Kurta,L,B08N1BRTPY
J0150-KR-M,J0150,Kurta,M,B08N1C4H7R
J0150-KR-S,J0150,Kurta,S,B08N19XG53
J0150-KR-XS,J0150,Kurta,XS,B08N19VWFM
J0150-KR-XXL,J0150,Kurta,XXL,B08N1CR6GS
J0150-KR-XXXL,J0150,Kurta,3XL,B08N1B7QMP
J0151-KR-A-M,J0151,Kurta,M,B08N19Q2L9
J0151-KR-A-XL,J0151,Kurta,XL,B08N19YB92
J0151-KR-A-XXXL,J0151,Kurta,3XL,B08N1CY61L
J0151-KR-L,J0151,Kurta,L,B08N1C5V5M
J0151-KR-S,J0151,Kurta,S,B08N1BDJ4G
J0151-KR-XS,J0151,Kurta,XS,B08N19QDQK
J0151-KR-XXL,J0151,Kurta,XXL,B08N1C3QTR
J0152-DR-L,J0152,Western Dress,L,B08V197XLZ
J0152-DR-M,J0152,Western Dress,M,B08V1KSHHQ
J0152-DR-S,J0152,Western Dress,S,B08V1NKXRS
J0152-DR-XL,J0152,Western Dress,XL,B08TZXZ1L4
J0152-DR-XS,J0152,Western Dress,XS,B08V127CHN
J0152-DR-XXL,J0152,Western Dress,XXL,B08V1FR2M9
J0153-DR-L,J0153,Western Dress,L,B08N49HFRG
J0153-DR-M,J0153,Western Dress,M,B08N467Z6L
J0153-DR-S,J0153,Western Dress,S,B08N4RTJCY
J0153-DR-XL,J0153,Western Dress,XL,B08N4PKZV6
J0153-DR-XS,J0153,Western Dress,XS,B08N4764TH
J0153-DR-XXL,J0153,Western Dress,XXL,B08N4TB3G4
J0153-DR-XXXL,J0153,Western Dress,3XL,B08N3Y1RLL
J0154-DR-L,J0154,Western Dress,L,B08TZQXJ12
J0154-DR-M,J0154,Western Dress,M,B08V1J175W
J0154-DR-S,J0154,Western Dress,S,B08TZYKRF2
J0154-DR-XL,J0154,Western Dress,XL,B08TZVDSYS
J0154-DR-XS,J0154,Western Dress,XS,B08V1CFND9
J0154-DR-XXL,J0154,Western Dress,XXL,B08V19DZ36
J0154-DR-XXXL,J0154,Western Dress,3XL,B08TZQ7WW7
J0155-KR-L,J0155,Kurta,L,B0929376M6
J0155-KR-S,J0155,Kurta,S,B092944SYW
J0155-KR-XL,J0155,Kurta,XL,B09297W42R
J0155-KR-XS,J0155,Kurta,XS,B09295TPS8
J0155-KR-XXXL,J0155,Kurta,3XL,B09291Y542
J0157-DR-L,J0157,Western Dress,L,B09831FVYR
J0157-DR-M,J0157,Western Dress,M,B0983292DV
J0157-DR-S,J0157,Western Dress,S,B0982ZDZ8K
J0157-DR-XL,J0157,Western Dress,XL,B098316HXL
J0157-DR-XS,J0157,Western Dress,XS,B0982YYCLC
J0157-DR-XXL,J0157,Western Dress,XXL,B0982YZ51B
J0157-DR-XXXL,J0157,Western Dress,3XL,B0982ZYH1C
J0158-DR-L,J0158,Western Dress,L,B091XV892C
J0158-DR-M,J0158,Western Dress,M,B091XRCDYQ
J0158-DR-S,J0158,Western Dress,S,B091XT968F
J0158-DR-XL,J0158,Western Dress,XL,B091YR33W5
J0158-DR-XS,J0158,Western Dress,XS,B091Y8JJF9
J0158-DR-XXL,J0158,Western Dress,XXL,B091Y2Q4LS
J0158-DR-XXXL,J0158,Western Dress,3XL,B091YGKXY9
J0159-DR-L,J0159,Western Dress,L,B092937RH2
J0159-DR-M,J0159,Western Dress,M,B092947DQ4
J0159-DR-S,J0159,Western Dress,S,B0928ZCBZF
J0159-DR-XS,J0159,Western Dress,XS,B09293V9DD
J0159-DR-XXL,J0159,Western Dress,XXL,B092927YB8
J0159-DR-XXXL,J0159,Western Dress,3XL,B0929369N5
J0160-TP-L,J0160,Top,L,B08V1DNBNG
J0160-TP-S,J0160,Top,S,B08V18F981
J0160-TP-XXL,J0160,Top,XXL,B08TZRQ1BG
J0161-DR-L,J0161,Western Dress,L,B08V1LQZL9
J0161-DR-M,J0161,Western Dress,M,B08V1BQ19Q
J0161-DR-S,J0161,Western Dress,S,B08TZD6XYX
J0161-DR-XL,J0161,Western Dress,XL,B08TZSRZ8B
J0161-DR-XS,J0161,Western Dress,XS,B08V17851C
J0161-DR-XXL,J0161,Western Dress,XXL,B08V14XR7C
J0161-DR-XXXL,J0161,Western Dress,3XL,B08V19S3QJ
J0162-SKD-L,J0162,Set,L,B08QGN1YBQ
J0162-SKD-M,J0162,Set,M,B08QGPR79W
J0162-SKD-S,J0162,Set,S,B08QGLQZ2L
J0162-SKD-XL,J0162,Set,XL,B08QGQBYVJ
J0162-SKD-XS,J0162,Set,XS,B08QGMNTH6
J0162-SKD-XXL,J0162,Set,XXL,B08QGSDS34
J0162-SKD-XXXL,J0162,Set,3XL,B08QGK9V5N
J0163-SKD-L,J0163,Set,L,B08QGMCLZ9
J0163-SKD-M,J0163,Set,M,B08QGL7J9J
J0163-SKD-S,J0163,Set,S,B08QGJVVNJ
J0163-SKD-XL,J0163,Set,XL,B08QGLD76L
J0163-SKD-XS,J0163,Set,XS,B08QGM5R4G
J0163-SKD-XXL,J0163,Set,XXL,B08QGM6ZH8
J0163-SKD-XXXL,J0163,Set,3XL,B08QGKX3TD
J0164-DR-L,J0164,Ethnic Dress,L,B08QGMDXWB
J0164-DR-M,J0164,Ethnic Dress,M,B08QGMPGKT
J0164-DR-S,J0164,Ethnic Dress,S,B08QGLHPX3
J0164-DR-XL,J0164,Ethnic Dress,XL,B08QGRCSPB
J0164-DR-XS,J0164,Ethnic Dress,XS,B08QGLS28J
J0164-DR-XXL,J0164,Ethnic Dress,XXL,B08QGNJVKR
J0164-DR-XXXL,J0164,Ethnic Dress,3XL,B08QGNBZ4C
J0165-TP-L,J0165,Top,L,B08RDVD5KQ
J0165-TP-M,J0165,Top,M,B08RDTKKMS
J0165-TP-S,J0165,Top,S,B08RDTX119
J0165-TP-XL,J0165,Top,XL,B08RDT58CV
J0165-TP-XS,J0165,Top,XS,B08RDTP3SY
J0165-TP-XXL,J0165,Top,XXL,B08RDTDYC4
J0165-TP-XXXL,J0165,Top,3XL,B08RDT2LJR
J0166-DR-M,J0166,Western Dress,M,B08QHMWG9W
J0166-DR-S,J0166,Western Dress,S,B08QGNW8NJ
J0166-DR-XL,J0166,Western Dress,XL,B08QGLFG2L
J0166-DR-XS,J0166,Western Dress,XS,B08QGR275F
J0167-KR-L,J0167,Kurta,L,B08QGLBQGM
J0167-KR-M,J0167,Kurta,M,B08QGPCSPM
J0167-KR-S,J0167,Kurta,S,B08QGPXDMY
J0167-KR-XL,J0167,Kurta,XL,B08QGKQBNC
J0167-KR-XS,J0167,Kurta,XS,B08QGKLLZG
J0167-KR-XXL,J0167,Kurta,XXL,B08QGLKJTB
J0168-DR-L,J0168,Ethnic Dress,L,B08QGLTM6G
J0168-DR-M,J0168,Ethnic Dress,M,B08QGLRK62
J0168-DR-S,J0168,Ethnic Dress,S,B08QGPFGKF
J0170-TP-A-L,J0170,Top,L,B08N4CZ841
J0170-TP-A-M,J0170,Top,M,B08N4H8GCZ
J0170-TP-A-S,J0170,Top,S,B08N4F6JBV
J0170-TP-A-XL,J0170,Top,XL,B08N4DLKN6
J0171-DR-L,J0171,Western Dress,L,B08QGNJMCL
J0171-DR-M,J0171,Western Dress,M,B08QGMHJFQ
J0171-DR-XL,J0171,Western Dress,XL,B08QGNSPLJ
J0171-DR-XXL,J0171,Western Dress,XXL,B08QGN532D
J0172-TP-L,J0172,Top,L,B08QGMDPS4
J0172-TP-M,J0172,Top,M,B08QGQD1QQ
J0172-TP-XL,J0172,Top,XL,B08QGRXTC2
J0172-TP-XS,J0172,Top,XS,B08QGRLTWG
J0172-TP-XXL,J0172,Top,XXL,B08QGQWGXH
J0172-TP-XXXL,J0172,Top,3XL,B08QGR53MY
J0173-DR-L,J0173,Western Dress,L,B08N45HH5L
J0173-DR-S,J0173,Western Dress,S,B08N4RTWQW
J0173-DR-XL,J0173,Western Dress,XL,B08N4GP7TL
J0173-DR-XS,J0173,Western Dress,XS,B08N4DLL7D
J0174-TP-S,J0174,Top,S,B08QGQ2SL7
J0174-TP-XL,J0174,Top,XL,B08QGNR2Q9
J0174-TP-XS,J0174,Top,XS,B08QGQPF6P
J0175-KR-L,J0175,Kurta,L,B08N1BRFFH
J0175-KR-M,J0175,Kurta,M,B08N1C6P4L
J0175-KR-S,J0175,Kurta,S,B08N1C4SQW
J0175-KR-XL,J0175,Kurta,XL,B08N19QTQK
J0175-KR-XXL,J0175,Kurta,XXL,B08N19W65B
J0175-KR-XXXL,J0175,Kurta,3XL,B08N1C4N6W
J0176-TP-L,J0176,Top,L,B08N44TGZ1
J0176-TP-M,J0176,Top,M,B08N44JLV7
J0176-TP-S,J0176,Top,S,B08N4BTR9G
J0176-TP-XL,J0176,Top,XL,B08N45JGMJ
J0176-TP-XS,J0176,Top,XS,B08N4VGB1J
J0176-TP-XXL,J0176,Top,XXL,B08N4CW5D5
J0176-TP-XXXL,J0176,Top,3XL,B08N4DYZDG
J0177-KR-S,J0177,Kurta,S,B08N195F16
J0177-KR-XS,J0177,Kurta,XS,B08N15YZ7B
J0178-TP-L,J0178,Top,L,B08MYQWXZP
J0178-TP-M,J0178,Top,M,B08MYNQJ96
J0178-TP-XL,J0178,Top,XL,B08MYR146S
J0178-TP-XS,J0178,Top,XS,B08MYP9Y4L
J0178-TP-XXL,J0178,Top,XXL,B08MYMZ7BK
J0178-TP-XXXL,J0178,Top,3XL,B08MYNC76H
J0179-KR-L,J0179,Kurta,L,B08N197PDV
J0179-KR-M,J0179,Kurta,M,B08N1C13CJ
J0179-KR-S,J0179,Kurta,S,B08N1CKTD8
J0179-KR-XL,J0179,Kurta,XL,B08N1BBCRF
J0179-KR-XS,J0179,Kurta,XS,B08N1CG5PF
J0179-KR-XXL,J0179,Kurta,XXL,B08N1BFLWX
J0179-KR-XXXL,J0179,Kurta,3XL,B08N1C9LPF
J0180-DR-XS,J0180,Western Dress,XS,B08V1GZ974
J0180-DR-XXL,J0180,Western Dress,XXL,B08V1S2G4V
J0180-DR-XXXL,J0180,Western Dress,3XL,B08V191THX
J0181-TP-L,J0181,Top,L,B08QGLG46Y
J0181-TP-M,J0181,Top,M,B08QGNJ2FH
J0181-TP-S,J0181,Top,S,B08QGSPBM9
J0181-TP-XL,J0181,Top,XL,B08QGRKXZ6
J0181-TP-XS,J0181,Top,XS,B08QGMVCH6
J0181-TP-XXL,J0181,Top,XXL,B08QGMKKJW
J0181-TP-XXXL,J0181,Top,3XL,B08QGQK6ZR
J0182-SET-S,J0182,Set,S,B08VWLBY4C
J0183-TP-M,J0183,Top,M,B08TZRP3LM
J0183-TP-XL,J0183,Top,XL,B08TZNST9X
J0183-TP-XS,J0183,Top,XS,B08V14N7BJ
J0184-KR-A-L,J0184,Kurta,L,B08TZQ2BWR
J0184-KR-A-S,J0184,Kurta,S,B08V151HB2
J0184-KR-A-XL,J0184,Kurta,XL,B08V1DFSFL
J0184-KR-M,J0184,Kurta,M,B08TZSK757
J0184-KR-S,J0184,Kurta,S,B08V151HB2
J0184-KR-XS,J0184,Kurta,XS,B08TZVXPSH
J0184-KR-XXL,J0184,Kurta,XXL,B08TZJPCCB
J0184-KR-XXXL,J0184,Kurta,3XL,B08V12TLZ8
J0185-DR-M,J0185,Ethnic Dress,M,B091YK5174
J0185-DR-S,J0185,Ethnic Dress,S,B091Y9VMNP
J0185-DR-XS,J0185,Ethnic Dress,XS,B091YF6SWP
J0185-DR-XXL,J0185,Ethnic Dress,XXL,B091YL5SRC
J0186-SET-L,J0186,Set,L,B091Z82BFF
J0186-SET-S,J0186,Set,S,B091Z81MLX
J0186-SET-XL,J0186,Set,XL,B091Z6FH16
J0186-SET-XS,J0186,Set,XS,B091Z8L2TC
J0186-SET-XXL,J0186,Set,XXL,B091Z7HDNS
J0187-KR-L,J0187,Kurta,L,B091XZQ6J9
J0187-KR-S,J0187,Kurta,S,B091YG5HG6
J0187-KR-XL,J0187,Kurta,XL,B091Y5WCB8
J0187-KR-XS,J0187,Kurta,XS,B091Y3YSKX
J0187-KR-XXL,J0187,Kurta,XXL,B091XZYH3Y
J0188-KR-XS,J0188,Kurta,XS,B08V167DLB
J0188-KR-XXXL,J0188,Kurta,3XL,B08V1B3SVD
J0189-TP-L,J0189,Top,L,B08N4VM1XX
J0189-TP-M,J0189,Top,M,B08N4XBFTB
J0189-TP-S,J0189,Top,S,B08N46XK8S
J0189-TP-XL,J0189,Top,XL,B08N4TVYBJ
J0189-TP-XS,J0189,Top,XS,B08N3WMGHR
J0189-TP-XXL,J0189,Top,XXL,B08N4MF9MT
J0189-TP-XXXL,J0189,Top,3XL,B08N496F6B
J0190-TP-L,J0190,Top,L,B08N3XGCRH
J0190-TP-M,J0190,Top,M,B08N4BFDMG
J0190-TP-S,J0190,Top,S,B08N4QVN7M
J0190-TP-XS,J0190,Top,XS,B08N4GLRXJ
J0190-TP-XXXL,J0190,Top,3XL,B08N4GQLRY
J0192-TP-S,J0192,Top,S,B08V1QDLTC
J0192-TP-XL,J0192,Top,XL,B08TZZYJBH
J0192-TP-XXL,J0192,Top,XXL,B08TZVC757
J0193-SET-XXXL,J0193,Set,3XL,B08N4SLRMB
J0194-DR-L,J0194,Western Dress,L,B08RYT8V5R
J0194-DR-M,J0194,Western Dress,M,B08RYTHSQX
J0194-DR-XXL,J0194,Western Dress,XXL,B08RYT5YV6
J0194-DR-XXXL,J0194,Western Dress,3XL,B08RYR26YC
J0195-TP-L,J0195,Top,L,B0965L3FYP
J0195-TP-M,J0195,Top,M,B0965LG68N
J0195-TP-S,J0195,Top,S,B0965MGSCX
J0195-TP-XL,J0195,Top,XL,B0965JGFRZ
J0195-TP-XS,J0195,Top,XS,B0965K312L
J0195-TP-XXL,J0195,Top,XXL,B0965K28X2
J0195-TP-XXXL,J0195,Top,3XL,B0965LLVNN
J0196-TP-L,J0196,Top,L,B094FL6CTJ
J0196-TP-M,J0196,Top,M,B094FJXS28
J0196-TP-S,J0196,Top,S,B094FJZJ84
J0196-TP-XL,J0196,Top,XL,B094FKSMY4
J0196-TP-XS,J0196,Top,XS,B094FLNSK9
J0196-TP-XXL,J0196,Top,XXL,B094FK6BKH
J0196-TP-XXXL,J0196,Top,3XL,B094FGPTXH
J0197-TP-L,J0197,Top,L,B0965L16LS
J0197-TP-M,J0197,Top,M,B0965L3NVC
J0197-TP-S,J0197,Top,S,B0965L5TLG
J0197-TP-XL,J0197,Top,XL,B0965KHNST
J0197-TP-XS,J0197,Top,XS,B0965MNL84
J0197-TP-XXL,J0197,Top,XXL,B0965MLQBB
J0197-TP-XXXL,J0197,Top,3XL,B0965K6QBX
J0198-TP-L,J0198,Top,L,B0986ZMC3Y
J0198-TP-M,J0198,Top,M,B09871N18P
J0198-TP-S,J0198,Top,S,B0986XYHCY
J0198-TP-XL,J0198,Top,XL,B0986YD8K8
J0198-TP-XS,J0198,Top,XS,B0986TPXV3
J0198-TP-XXL,J0198,Top,XXL,B0986WDGQS
J0198-TP-XXXL,J0198,Top,3XL,B0986XCKXN
J0199-SET-XL,J0199,Set,XL,B08QGRS8MQ
J0199-SET-XS,J0199,Set,XS,B08QGKVLR7
J0199-SET-XXL,J0199,Set,XXL,B08QGM64P7
J0199-SET-XXXL,J0199,Set,3XL,B08QGMQRLF
J0201-TP-L,J0201,Top,L,B0965LLRJW
J0201-TP-M,J0201,Top,M,B0965KY2RY
J0201-TP-S,J0201,Top,S,B0965JWL6S
J0201-TP-XL,J0201,Top,XL,B0965LTYBS
J0201-TP-XS,J0201,Top,XS,B0965JTTHB
J0201-TP-XXL,J0201,Top,XXL,B0965L4NY5
J0201-TP-XXXL,J0201,Top,3XL,B0965JCKF8
J0202-TP-S,J0202,Top,S,B0965LFBW6
J0202-TP-XL,J0202,Top,XL,B0965LRP2M
J0202-TP-XXL,J0202,Top,XXL,B0965L5FLZ
J0202-TP-XXXL,J0202,Top,3XL,B0965NBY8K
J0203-TP-L,J0203,Top,L,B0965MH568
J0203-TP-M,J0203,Top,M,B0965LYN1Y
J0203-TP-S,J0203,Top,S,B0965MD798
J0203-TP-XL,J0203,Top,XL,B0965N625G
J0203-TP-XS,J0203,Top,XS,B0965LB1LZ
J0203-TP-XXL,J0203,Top,XXL,B0965L35QV
J0203-TP-XXXL,J0203,Top,3XL,B0965L3YCM
J0204-TP-L,J0204,Top,L,B0965JHRDM
J0204-TP-M,J0204,Top,M,B0965MJSFS
J0204-TP-S,J0204,Top,S,B0965KGKTK
J0204-TP-XL,J0204,Top,XL,B0965KC8S3
J0204-TP-XS,J0204,Top,XS,B0965L8LQ2
J0204-TP-XXL,J0204,Top,XXL,B0965K1TM6
J0204-TP-XXXL,J0204,Top,3XL,B0965KS1MF
J0205-TP-L,J0205,Top,L,B0986ZVKPP
J0205-TP-M,J0205,Top,M,B0986XWPC1
J0205-TP-S,J0205,Top,S,B0986ZWRKC
J0205-TP-XL,J0205,Top,XL,B0986ZTQV1
J0205-TP-XS,J0205,Top,XS,B0986TKZJ3
J0205-TP-XXL,J0205,Top,XXL,B09871M45X
J0205-TP-XXXL,J0205,Top,3XL,B09871DR4Z
J0207-DR-L,J0207,Western Dress,L,B0967P9TBD
J0207-DR-S,J0207,Western Dress,S,B0967Q555L
J0207-DR-XL,J0207,Western Dress,XL,B0967P5TP9
J0207-DR-XS,J0207,Western Dress,XS,B0967RFH4C
J0207-DR-XXL,J0207,Western Dress,XXL,B0967Q255P
J0207-DR-XXXL,J0207,Western Dress,3XL,B0967QTQXK
J0208-DR-L,J0208,Western Dress,L,B0967QNYNC
J0208-DR-M,J0208,Western Dress,M,B0967PR9D7
J0208-DR-S,J0208,Western Dress,S,B0967PHLMJ
J0208-DR-XL,J0208,Western Dress,XL,B0967PFQV3
J0208-DR-XXL,J0208,Western Dress,XXL,B0967N2JLF
J0208-DR-XXXL,J0208,Western Dress,3XL,B0967RN8GY
J0209-DR-L,J0209,Ethnic Dress,L,B09832X2FZ
J0209-DR-M,J0209,Ethnic Dress,M,B0982YHS8Y
J0209-DR-S,J0209,Ethnic Dress,S,B098325JJ7
J0209-DR-XL,J0209,Ethnic Dress,XL,B09831QQ89
J0209-DR-XS,J0209,Ethnic Dress,XS,B098311R59
J0209-DR-XXL,J0209,Ethnic Dress,XXL,B09831DMRP
J0209-DR-XXXL,J0209,Ethnic Dress,3XL,B098329H34
J0210-DR-L,J0210,Ethnic Dress,L,B0982ZRTYX
J0210-DR-M,J0210,Ethnic Dress,M,B09833D3PN
J0210-DR-S,J0210,Ethnic Dress,S,B0982YWMSG
J0210-DR-XL,J0210,Ethnic Dress,XL,B098322SHW
J0210-DR-XS,J0210,Ethnic Dress,XS,B09832F82B
J0210-DR-XXL,J0210,Ethnic Dress,XXL,B0982ZGS3L
J0210-DR-XXXL,J0210,Ethnic Dress,3XL,B0982ZW7TQ
J0211-DR-L,J0211,Ethnic Dress,L,B09832BMFK
J0211-DR-M,J0211,Ethnic Dress,M,B0982ZST9P
J0211-DR-S,J0211,Ethnic Dress,S,B09831Z4GF
J0211-DR-XL,J0211,Ethnic Dress,XL,B09832KF8C
J0211-DR-XS,J0211,Ethnic Dress,XS,B0982ZBPZH
J0211-DR-XXL,J0211,Ethnic Dress,XXL,B09831VWD9
J0211-DR-XXXL,J0211,Ethnic Dress,3XL,B09831SWPS
J0212-DR-L,J0212,Ethnic Dress,L,B0982Z8HPJ
J0212-DR-M,J0212,Ethnic Dress,M,B0982ZNP24
J0212-DR-S,J0212,Ethnic Dress,S,B09831TWB5
J0212-DR-XL,J0212,Ethnic Dress,XL,B09833VFKC
J0212-DR-XS,J0212,Ethnic Dress,XS,B098328QX2
J0212-DR-XXL,J0212,Ethnic Dress,XXL,B09831RQBB
J0212-DR-XXXL,J0212,Ethnic Dress,3XL,B0982Z25ZX
J0213-TP-L,J0213,Top,L,B0965KR7YJ
J0213-TP-M,J0213,Top,M,B0965KHYNH
J0213-TP-S,J0213,Top,S,B0965L4WB7
J0213-TP-XL,J0213,Top,XL,B0965J8RCH
J0213-TP-XS,J0213,Top,XS,B096K458G4
J0213-TP-XXL,J0213,Top,XXL,B0965K9NXT
J0213-TP-XXXL,J0213,Top,3XL,B0965L3HCV
J0214-TP-L,J0214,Top,L,B0965L34JW
J0214-TP-M,J0214,Top,M,B0965JVB95
J0214-TP-S,J0214,Top,S,B0965JVJSK
J0214-TP-XL,J0214,Top,XL,B0965LQN27
J0214-TP-XXL,J0214,Top,XXL,B0965JVZNJ
J0214-TP-XXXL,J0214,Top,3XL,B0965KBGB5
J0215-BL-L,J0215,Blouse,L,B09KXWWDL3
J0215-BL-M,J0215,Blouse,M,B09KXXLQK3
J0215-BL-S,J0215,Blouse,S,B09KXY2SLN
J0215-BL-XL,J0215,Blouse,XL,B09KXXWH15
J0215-BL-XXL,J0215,Blouse,XXL,B09KXXKVVN
J0216-BL-L,J0216,Blouse,L,B09PBWXJKQ
J0216-BL-M,J0216,Blouse,M,B09PBVS95G
J0216-BL-S,J0216,Blouse,S,B09PBXT93F
J0216-BL-XL,J0216,Blouse,XL,B09PBWK8QY
J0216-BL-XXL,J0216,Blouse,XXL,B09PBWN419
J0217-BL-L,J0217,Blouse,L,B09KXXQ639
J0217-BL-M,J0217,Blouse,M,B09KXVVR34
J0217-BL-S,J0217,Blouse,S,B09KXW47QT
J0217-BL-XL,J0217,Blouse,XL,B09KXYGX7P
J0217-BL-XXL,J0217,Blouse,XXL,B09KXXNGLB
J0219-BL-L,J0219,Blouse,L,B09PBWM6Y7
J0219-BL-M,J0219,Blouse,M,B09PBXB73K
J0219-BL-S,J0219,Blouse,S,B09PBW48NB
J0219-BL-XL,J0219,Blouse,XL,B09PBVTDCM
J0219-BL-XXL,J0219,Blouse,XXL,B09PBXNJPC
J0220-BL-L,J0220,Blouse,L,B09KXYQK1Z
J0220-BL-M,J0220,Blouse,M,B09KXY66L3
J0220-BL-S,J0220,Blouse,S,B09KXVFM3B
J0220-BL-XL,J0220,Blouse,XL,B09KXVWFQX
J0220-BL-XXL,J0220,Blouse,XXL,B09KXYQB8H
J0223-SKD-XXXL,J0223,Set,3XL,B09KRT8BMY
J0224-SKD-M,J0224,Set,M,B09RKCZZG2
J0224-SKD-XL,J0224,Set,XL,B09RKF2T1G
J0224-SKD-XS,J0224,Set,XS,B09RKFBZZD
J0224-SKD-XXL,J0224,Set,XXL,B09RKF8XF8
J0224-SKD-XXXL,J0224,Set,3XL,B09RKF2BJF
J0225-SKD-L,J0225,Set,L,B09RKGP2S2
J0225-SKD-M,J0225,Set,M,B09RKBW4CH
J0225-SKD-S,J0225,Set,S,B09RKCX323
J0225-SKD-XL,J0225,Set,XL,B09RKDDHSL
J0225-SKD-XS,J0225,Set,XS,B09RKDH5VX
J0225-SKD-XXL,J0225,Set,XXL,B09RKDP7D5
J0225-SKD-XXXL,J0225,Set,3XL,B09RKDGLRT
J0226-SKD-L,J0226,Set,L,B09KXVGBRT
J0226-SKD-XL,J0226,Set,XL,B09KXT4YSZ
J0226-SKD-XS,J0226,Set,XS,B09KXW2VRL
J0226-SKD-XXL,J0226,Set,XXL,B09KXVBL7Q
J0226-SKD-XXXL,J0226,Set,3XL,B09KXTHBG3
J0228-SKD-L,J0228,Set,L,B09M6VB1SL
J0228-SKD-M,J0228,Set,M,B09M6TQ7DJ
J0228-SKD-S,J0228,Set,S,B09M6S719P
J0228-SKD-XL,J0228,Set,XL,B09M6T8JXP
J0228-SKD-XS,J0228,Set,XS,B09M6S8JY2
J0228-SKD-XXL,J0228,Set,XXL,B09M6VQ762
J0228-SKD-XXXL,J0228,Set,3XL,B09M6TMT4Z
J0229-SKD-L,J0229,Set,L,B09KXTXLBJ
J0229-SKD-S,J0229,Set,S,B09KXT72V5
J0229-SKD-XL,J0229,Set,XL,B09KXTCNCX
J0229-SKD-XXL,J0229,Set,XXL,B09KXT8JJX
J0229-SKD-XXXL,J0229,Set,3XL,B09KXV7FWH
J0230-SKD-L,J0230,Set,L,B08XNDL1DL
J0230-SKD-M,J0230,Set,M,B08XNJG8B1
J0230-SKD-S,J0230,Set,S,B08XNJ19QH
J0230-SKD-XL,J0230,Set,XL,B08XNJ8P3S
J0230-SKD-XS,J0230,Set,XS,B08XNHXSFZ
J0230-SKD-XXL,J0230,Set,XXL,B08XNGQCGM
J0230-SKD-XXXL,J0230,Set,3XL,B08XNH9MJL
J0231-SKD-L,J0231,Set,L,B08XNH796J
J0231-SKD-M,J0231,Set,M,B08XNK3MXN
J0231-SKD-S,J0231,Set,S,B08XNHWRHP
J0231-SKD-XL,J0231,Set,XL,B08XNG7DRS
J0231-SKD-XS,J0231,Set,XS,B08XNH9FC4
J0231-SKD-XXL,J0231,Set,XXL,B08XNDFPP7
J0231-SKD-XXXL,J0231,Set,3XL,B08XNGMPLK
J0232-SKD-L,J0232,Set,L,B08WJ251NJ
J0232-SKD-M,J0232,Set,M,B08WHS4DPL
J0232-SKD-S,J0232,Set,S,B08WJ33QDQ
J0232-SKD-XL,J0232,Set,XL,B08WJ1TRNB
J0232-SKD-XS,J0232,Set,XS,B08WJ47R1F
J0232-SKD-XXL,J0232,Set,XXL,B08WHX5R8P
J0232-SKD-XXXL,J0232,Set,3XL,B08WHM7TGG
J0233-SKD-L,J0233,Set,L,B08XNJ941W
J0233-SKD-M,J0233,Set,M,B08XNK6ZWP
J0233-SKD-S,J0233,Set,S,B08XNHS8X7
J0233-SKD-XL,J0233,Set,XL,B08XNFL1ZY
J0233-SKD-XS,J0233,Set,XS,B08XNFBHSL
J0233-SKD-XXL,J0233,Set,XXL,B08XNHXXDY
J0233-SKD-XXXL,J0233,Set,3XL,B08XNHF3KB
J0234-SKD-L,J0234,Set,L,B08WHW4T6L
J0234-SKD-M,J0234,Set,M,B08WHW7BLW
J0234-SKD-S,J0234,Set,S,B08WJ2XDQY
J0234-SKD-XL,J0234,Set,XL,B08WJ2B2QY
J0234-SKD-XS,J0234,Set,XS,B08WHWD23Z
J0234-SKD-XXL,J0234,Set,XXL,B08WHZC5QK
J0234-SKD-XXXL,J0234,Set,3XL,B08WJ1VNCH
J0235-SKD-L,J0235,Set,L,B0925VQYHT
J0235-SKD-M,J0235,Set,M,B0925TYNQY
J0235-SKD-S,J0235,Set,S,B0925WN48N
J0235-SKD-XL,J0235,Set,XL,B0925WGG1X
J0235-SKD-XS,J0235,Set,XS,B0925W2F34
J0236-SKD-L,J0236,Set,L,B08ZYQB6HN
J0236-SKD-M,J0236,Set,M,B08ZYP5VBV
J0236-SKD-S,J0236,Set,S,B08ZYPD8GX
J0236-SKD-XL,J0236,Set,XL,B08ZYPQ3XV
J0236-SKD-XS,J0236,Set,XS,B08ZYR2ZVM
J0236-SKD-XXL,J0236,Set,XXL,B08ZYQ716N
J0236-SKD-XXXL,J0236,Set,3XL,B08ZYPCX6Y
J0237-SKD-L,J0237,Set,L,B08YNCXZ9M
J0237-SKD-M,J0237,Set,M,B08YN6P8X5
J0237-SKD-XL,J0237,Set,XL,B08YN2YJ3W
J0237-SKD-XXL,J0237,Set,XXL,B08YNKWYXV
J0237-SKD-XXXL,J0237,Set,3XL,B08YN9VTD5
J0238-LCD-L,J0238,Set,L,B0926TKJ7B
J0238-LCD-S,J0238,Set,S,B09269GCKQ
J0238-LCD-XL,J0238,Set,XL,B09268MDVS
J0238-LCD-XS,J0238,Set,XS,B09267GF6B
J0238-LCD-XXXL,J0238,Set,3XL,B09268QCDQ
J0239-SKD-L,J0239,Set,L,B0925WKDP9
J0239-SKD-M,J0239,Set,M,B0925VYX6L
J0239-SKD-S,J0239,Set,S,B0925VZX2V
J0239-SKD-XL,J0239,Set,XL,B0925WSV76
J0239-SKD-XS,J0239,Set,XS,B0925VRVWB
J0239-SKD-XXL,J0239,Set,XXL,B0925XD2Q6
J0239-SKD-XXXL,J0239,Set,3XL,B0925X12DQ
J0240-SKD-L,J0240,Set,L,B0925W9F9C
J0240-SKD-M,J0240,Set,M,B0925WH3KP
J0240-SKD-S,J0240,Set,S,B0925WFCYZ
J0240-SKD-XL,J0240,Set,XL,B0925VPZTV
J0240-SKD-XS,J0240,Set,XS,B0925VNBS1
J0240-SKD-XXL,J0240,Set,XXL,B0925VSFXK
J0240-SKD-XXXL,J0240,Set,3XL,B0925XBHB3
J0241-SKD-M,J0241,Set,M,B0925WD8D9
J0241-SKD-S,J0241,Set,S,B0925VXHMW
J0241-SKD-XL,J0241,Set,XL,B0925XPBXM
J0241-SKD-XS,J0241,Set,XS,B0925X1C7Q
J0241-SKD-XXL,J0241,Set,XXL,B0925WT5D7
J0241-SKD-XXXL,J0241,Set,3XL,B0925WPXLT
J0242-SKD-L,J0242,Set,L,B0925XHLX3
J0242-SKD-M,J0242,Set,M,B0925XB1G4
J0242-SKD-S,J0242,Set,S,B0925TZ1C8
J0242-SKD-XS,J0242,Set,XS,B0925W8QHD
J0242-SKD-XXL,J0242,Set,XXL,B0925Y1XGL
J0242-SKD-XXXL,J0242,Set,3XL,B0925WKXSH
J0243-DR-L,J0243,Ethnic Dress,L,B0926RSGCQ
J0243-DR-M,J0243,Ethnic Dress,M,B09265RNHH
J0243-DR-S,J0243,Ethnic Dress,S,B092648LBY
J0243-DR-XL,J0243,Ethnic Dress,XL,B0926861CR
J0243-DR-XS,J0243,Ethnic Dress,XS,B09266WRKR
J0243-DR-XXL,J0243,Ethnic Dress,XXL,B09263P7N6
J0243-DR-XXXL,J0243,Ethnic Dress,3XL,B0926WJQBY
J0244-SKD-L,J0244,Set,L,B0925WM8Z6
J0244-SKD-M,J0244,Set,M,B0925X6RTJ
J0244-SKD-S,J0244,Set,S,B0925VJFP1
J0244-SKD-XL,J0244,Set,XL,B0925YDWP9
J0244-SKD-XS,J0244,Set,XS,B0925X7FMC
J0244-SKD-XXL,J0244,Set,XXL,B0925VFL3L
J0244-SKD-XXXL,J0244,Set,3XL,B0925W64DT
J0245-SKD-L,J0245,Set,L,B0925XX478
J0245-SKD-M,J0245,Set,M,B0925T5PZK
J0245-SKD-S,J0245,Set,S,B0925TRXJ8
J0245-SKD-XL,J0245,Set,XL,B0925X6S6T
J0245-SKD-XS,J0245,Set,XS,B0925VYVVH
J0245-SKD-XXL,J0245,Set,XXL,B0925V5D6Q
J0245-SKD-XXXL,J0245,Set,3XL,B0925WDFQK
J0246-SKD-L,J0246,Set,L,B0925W9SW3
J0246-SKD-XS,J0246,Set,XS,B0925W7QCT
J0246-SKD-XXXL,J0246,Set,3XL,B0925VZ692
J0247-SKD-L,J0247,Set,L,B09KXTVG9R
J0247-SKD-M,J0247,Set,M,B09KXSX7P9
J0247-SKD-S,J0247,Set,S,B09KXTGM1Y
J0247-SKD-XS,J0247,Set,XS,B09KXTBMSL
J0247-SKD-XXL,J0247,Set,XXL,B09KXV2VPQ
J0247-SKD-XXXL,J0247,Set,3XL,B09KXVMS1W
J0248-KR-DPT-L,J0248,Set,L,B09RKDD6BP
J0248-KR-DPT-M,J0248,Set,M,B09RKGBMF9
J0248-KR-DPT-S,J0248,Set,S,B09RKDZMXL
J0248-KR-DPT-XL,J0248,Set,XL,B09RKFS78Y
J0248-KR-DPT-XS,J0248,Set,XS,B09RKGYNF1
J0248-KR-DPT-XXL,J0248,Set,XXL,B09RKFB4BJ
J0248-KR-DPT-XXXL,J0248,Set,3XL,B09RKQT3C4
J0249-SKD-L,J0249,Set,L,B09M6T674G
J0249-SKD-S,J0249,Set,S,B09M6T4XYC
J0249-SKD-XL,J0249,Set,XL,B09M6VX9TR
J0249-SKD-XS,J0249,Set,XS,B09M6TLK9Q
J0249-SKD-XXL,J0249,Set,XXL,B09M6SCCZ2
J0249-SKD-XXXL,J0249,Set,3XL,B09M6V293L
J0250-SKD-L,J0250,Set,L,B09NQ3MSLM
J0250-SKD-M,J0250,Set,M,B09NQ3JCNB
J0250-SKD-XL,J0250,Set,XL,B09NQ5JDF3
J0250-SKD-XS,J0250,Set,XS,B09NQ6922Q
J0250-SKD-XXL,J0250,Set,XXL,B09NQ4Z8B3
J0250-SKD-XXXL,J0250,Set,3XL,B09NQ49RYV
J0251-SKD-L,J0251,Set,L,B09KXVSNZD
J0251-SKD-M,J0251,Set,M,B09KXVQTFX
J0251-SKD-S,J0251,Set,S,B09KXTPQ1K
J0251-SKD-XL,J0251,Set,XL,B09KXVHQ51
J0251-SKD-XS,J0251,Set,XS,B09KXSYRR3
J0251-SKD-XXL,J0251,Set,XXL,B09KXWXDC9
J0251-SKD-XXXL,J0251,Set,3XL,B09KXTSBN7
J0252-SKD-L,J0252,Set,L,B09KXVM3XT
J0252-SKD-M,J0252,Set,M,B09KXWMDXX
J0252-SKD-S,J0252,Set,S,B09KXVNX6D
J0252-SKD-XL,J0252,Set,XL,B09KXTN87W
J0252-SKD-XS,J0252,Set,XS,B09KXT9J6D
J0252-SKD-XXL,J0252,Set,XXL,B09KXSYDX1
J0252-SKD-XXXL,J0252,Set,3XL,B09KXTLMBS
J0254-SKD-L,J0254,Set,L,B09M6WS349
J0254-SKD-M,J0254,Set,M,B09M6YD5T7
J0254-SKD-S,J0254,Set,S,B09M6SMZ1M
J0254-SKD-XL,J0254,Set,XL,B09M6RY873
J0254-SKD-XS,J0254,Set,XS,B09M6S1SRL
J0254-SKD-XXL,J0254,Set,XXL,B09M6W9Z7R
J0254-SKD-XXXL,J0254,Set,3XL,B09M6W7DNY
J0277-SKD-L,J0277,Set,L,B08QGN6D3M
J0277-SKD-M,J0277,Set,M,B08QGL6BRP
J0277-SKD-S,J0277,Set,S,B08QGL2FCR
J0277-SKD-XL,J0277,Set,XL,B08QGLBXXQ
J0277-SKD-XS,J0277,Set,XS,B08QGN4BSR
J0277-SKD-XXL,J0277,Set,XXL,B08QGMTF9T
J0277-SKD-XXXL,J0277,Set,3XL,B08QGLKJ94
J0278-SET-M,J0278,Set,M,B08QGP2V4V
J0278-SET-S,J0278,Set,S,B08QGN81JK
J0278-SET-XL,J0278,Set,XL,B08QGM6CQ9
J0278-SET-XXL,J0278,Set,XXL,B08QGS6LYZ
J0278-SET-XXXL,J0278,Set,3XL,B08QGQJ5P4
J0279-SET-L,J0279,Set,L,B08QGKNVGN
J0279-SET-M,J0279,Set,M,B08QGN7595
J0279-SET-S,J0279,Set,S,B08QGMDC7F
J0279-SET-XL,J0279,Set,XL,B08QGLNPFJ
J0279-SET-XXL,J0279,Set,XXL,B08QGLDDTC
J0279-SET-XXXL,J0279,Set,3XL,B08QGL3VYW
J0280-SKD-L,J0280,Set,L,B08QGKF6W4
J0280-SKD-M,J0280,Set,M,B08QGKNC21
J0280-SKD-S,J0280,Set,S,B08QGM7FCC
J0280-SKD-XL,J0280,Set,XL,B08QGP2JMT
J0280-SKD-XS,J0280,Set,XS,B08QGPWMRG
J0280-SKD-XXL,J0280,Set,XXL,B08QGMG4RW
J0280-SKD-XXXL,J0280,Set,3XL,B08QGQ95GT
J0281-SKD-L,J0281,Set,L,B08QGMNRBT
J0281-SKD-M,J0281,Set,M,B08QGK9XZW
J0281-SKD-S,J0281,Set,S,B08QGJR8RG
J0281-SKD-XL,J0281,Set,XL,B08QGMYV8L
J0281-SKD-XS,J0281,Set,XS,B08QGLPC25
J0281-SKD-XXL,J0281,Set,XXL,B08QGLBPWF
J0281-SKD-XXXL,J0281,Set,3XL,B08QGKXGSQ
J0282-SET-L,J0282,Set,L,B08QGNCZD1
J0282-SET-M,J0282,Set,M,B08QGM3XMF
J0282-SET-S,J0282,Set,S,B08QGMNHMW
J0282-SET-XL,J0282,Set,XL,B08QGKTBJB
J0282-SET-XS,J0282,Set,XS,B08QGKLWXC
J0282-SET-XXL,J0282,Set,XXL,B08QGLR6ZJ
J0282-SET-XXXL,J0282,Set,3XL,B08QGL4QV4
J0283-SET-L,J0283,Set,L,B08QGQKRFY
J0283-SET-M,J0283,Set,M,B08QGLPKNK
J0283-SET-S,J0283,Set,S,B08QGNS6CD
J0283-SET-XL,J0283,Set,XL,B08QGKHDN3
J0283-SET-XS,J0283,Set,XS,B08QGJNXB7
J0283-SET-XXL,J0283,Set,XXL,B08QGNKGKY
J0283-SET-XXXL,J0283,Set,3XL,B08QGQJ5P3
J0284-SKD-L,J0284,Set,L,B08QGKKPJ4
J0284-SKD-M,J0284,Set,M,B08QGKP8JT
J0284-SKD-S,J0284,Set,S,B08QGL34CQ
J0284-SKD-XL,J0284,Set,XL,B08QGJYXZN
J0284-SKD-XS,J0284,Set,XS,B08QGLNKNG
J0284-SKD-XXXL,J0284,Set,3XL,B08QGKP8XG
J0285-SKD-L,J0285,Set,L,B08QGHTFWF
J0285-SKD-M,J0285,Set,M,B08QGNW2H8
J0285-SKD-S,J0285,Set,S,B08QGJ32WW
J0285-SKD-XL,J0285,Set,XL,B08QGMLJF7
J0285-SKD-XS,J0285,Set,XS,B08QGN4RYQ
J0285-SKD-XXL,J0285,Set,XXL,B08QGM18YN
J0285-SKD-XXXL,J0285,Set,3XL,B08QGNCNNJ
J0286-KR-L,J0286,Kurta,L,B08PV2GZ9Z
J0290-CD-L,J0290,Top,L,B08PV6H5QK
J0290-CD-S,J0290,Top,S,B08PV3Z1HK
J0290-CD-XL,J0290,Top,XL,B08PV675F2
J0290-CD-XXL,J0290,Top,XXL,B08PV456CQ
J0291-JS-L,J0291,Set,L,B09B558FML
J0291-JS-M,J0291,Set,M,B09B55JKC7
J0291-JS-S,J0291,Set,S,B09B55BHQV
J0291-JS-XL,J0291,Set,XL,B09B54N3CV
J0291-JS-XS,J0291,Set,XS,B09B55ZXXQ
J0291-JS-XXXL,J0291,Set,3XL,B09B557TKJ
J0292-TP-L,J0292,Top,L,B099S722Q4
J0292-TP-S,J0292,Top,S,B099S6YRG9
J0292-TP-XL,J0292,Top,XL,B099S8WTQT
J0292-TP-XS,J0292,Top,XS,B099S8JY9L
J0292-TP-XXL,J0292,Top,XXL,B099S7FHCF
J0292-TP-XXXL,J0292,Top,3XL,B099S97TKM
J0293-DR-M,J0293,Western Dress,M,B099NTSSVQ
J0293-DR-S,J0293,Western Dress,S,B099NQ1SKZ
J0293-DR-XL,J0293,Western Dress,XL,B099NR1PRJ
J0293-DR-XS,J0293,Western Dress,XS,B099NTV5X1
J0293-DR-XXL,J0293,Western Dress,XXL,B099NRFMT3
J0294-TP-S,J0294,Top,S,B099S89M91
J0294-TP-XL,J0294,Top,XL,B099S75VRF
J0294-TP-XS,J0294,Top,XS,B099S81YF8
J0294-TP-XXL,J0294,Top,XXL,B099S8WG92
J0294-TP-XXXL,J0294,Top,3XL,B099S7MJZ7
J0295-DR-L,J0295,Western Dress,L,B099NRSX6D
J0295-DR-M,J0295,Western Dress,M,B099NP42BF
J0295-DR-S,J0295,Western Dress,S,B099NRKGV5
J0295-DR-XL,J0295,Western Dress,XL,B099NQVSXH
J0295-DR-XS,J0295,Western Dress,XS,B099NQCF6Y
J0295-DR-XXL,J0295,Western Dress,XXL,B099NSGTJ9
J0295-DR-XXXL,J0295,Western Dress,3XL,B099NQHLYL
J0296-DR-M,J0296,Western Dress,M,B099NRM3T4
J0296-DR-S,J0296,Western Dress,S,B099NRX48T
J0296-DR-XS,J0296,Western Dress,XS,B099NS29KD
J0296-DR-XXL,J0296,Western Dress,XXL,B099NRFLHB
J0297-TP-L,J0297,Top,L,B099S6YS1J
J0297-TP-M,J0297,Top,M,B099S7RJ69
J0297-TP-S,J0297,Top,S,B099S8W6W1
J0297-TP-XL,J0297,Top,XL,B099S7P9S7
J0297-TP-XS,J0297,Top,XS,B099S7L4YY
J0297-TP-XXL,J0297,Top,XXL,B099S91CSR
J0297-TP-XXXL,J0297,Top,3XL,B099S8Q3ZT
J0298-DR-S,J0298,Western Dress,S,B099NQ17VQ
J0298-DR-XS,J0298,Western Dress,XS,B099NRKCZ1
J0299-KR-L,J0299,Kurta,L,B099FBQJHH
J0299-KR-M,J0299,Kurta,M,B099F9NCKZ
J0299-KR-S,J0299,Kurta,S,B099FF4F7C
J0299-KR-XL,J0299,Kurta,XL,B099F9WGPG
J0299-KR-XS,J0299,Kurta,XS,B099FDMPVZ
J0299-KR-XXL,J0299,Kurta,XXL,B099FDBKFN
J0299-KR-XXXL,J0299,Kurta,3XL,B099FCLXD3
J0300-TP-L,J0300,Top,L,B099S75369
J0300-TP-S,J0300,Top,S,B099S8DFWD
J0300-TP-XL,J0300,Top,XL,B099S8Z87X
J0300-TP-XXL,J0300,Top,XXL,B099S7XHLQ
J0300-TP-XXXL,J0300,Top,3XL,B099S7RDLZ
J0301-TP-L,J0301,Top,L,B099S6795L
J0301-TP-M,J0301,Top,M,B099S9DTR2
J0301-TP-S,J0301,Top,S,B099S7RVXG
J0301-TP-XL,J0301,Top,XL,B099S87FTK
J0301-TP-XS,J0301,Top,XS,B099S9DRFV
J0301-TP-XXL,J0301,Top,XXL,B099S8X47K
J0301-TP-XXXL,J0301,Top,3XL,B099S9P2FK
J0302-DR-XL,J0302,Western Dress,XL,B099NRZLW5
J0302-DR-XS,J0302,Western Dress,XS,B099NTMTR8
J0302-DR-XXL,J0302,Western Dress,XXL,B099NQR3HL
J0302-DR-XXXL,J0302,Western Dress,3XL,B099NQZBLR
J0303-KR-XS,J0303,Kurta,XS,B099F9PTF5
J0304-TP-XL,J0304,Top,XL,B099S7JV54
J0304-TP-XS,J0304,Top,XS,B099S7PKGZ
J0304-TP-XXL,J0304,Top,XXL,B099S8LR6M
J0304-TP-XXXL,J0304,Top,3XL,B099S7YCZY
J0305-DR-L,J0305,Western Dress,L,B099NSFMT2
J0305-DR-M,J0305,Western Dress,M,B099NP42BH
J0305-DR-S,J0305,Western Dress,S,B099NRPNJB
J0305-DR-XS,J0305,Western Dress,XS,B099NRDGQR
J0305-DR-XXL,J0305,Western Dress,XXL,B099NPWG7K
J0306-DR-L,J0306,Western Dress,L,B099NPNDHW
J0306-DR-M,J0306,Western Dress,M,B099P5P6Y2
J0306-DR-S,J0306,Western Dress,S,B099NRVM3Z
J0306-DR-XL,J0306,Western Dress,XL,B099NSZBST
J0306-DR-XS,J0306,Western Dress,XS,B099NS6GHG
J0306-DR-XXL,J0306,Western Dress,XXL,B099NQ867X
J0306-DR-XXXL,J0306,Western Dress,3XL,B099NQSQ8K
J0307-TP-L,J0307,Top,L,B099S5HHX7
J0307-TP-M,J0307,Top,M,B099S6QX1R
J0307-TP-S,J0307,Top,S,B099S7WL9P
J0307-TP-XL,J0307,Top,XL,B099S5GKVK
J0307-TP-XS,J0307,Top,XS,B099S75363
J0307-TP-XXL,J0307,Top,XXL,B099S6V9VZ
J0307-TP-XXXL,J0307,Top,3XL,B099S7FRW2
J0308-DR-L,J0308,Western Dress,L,B099NS9KRN
J0308-DR-M,J0308,Western Dress,M,B099NV5WD8
J0308-DR-S,J0308,Western Dress,S,B099NS6BTY
J0308-DR-XL,J0308,Western Dress,XL,B099NS3FWG
J0308-DR-XS,J0308,Western Dress,XS,B099NR97XL
J0308-DR-XXL,J0308,Western Dress,XXL,B099NTSTM2
J0308-DR-XXXL,J0308,Western Dress,3XL,B099NTV5ZV
J0310-TP-L,J0310,Top,L,B099S8P3Z8
J0310-TP-M,J0310,Top,M,B099S63J5M
J0310-TP-S,J0310,Top,S,B099S66DC2
J0310-TP-XL,J0310,Top,XL,B099S7SB4H
J0310-TP-XS,J0310,Top,XS,B099S84F9Z
J0310-TP-XXL,J0310,Top,XXL,B099S7SGRB
J0314-KR-L,J0314,Kurta,L,B08PV1B9JY
J0314-KR-M,J0314,Kurta,M,B08PV1NB1B
J0314-KR-S,J0314,Kurta,S,B08PV2M3WK
J0314-KR-XL,J0314,Kurta,XL,B08PV41VKM
J0319-KR-L,J0319,Kurta,L,B08PV31T1W
J0319-KR-S,J0319,Kurta,S,B08PV3XRTX
J0319-KR-XL,J0319,Kurta,XL,B08PV3R8YL
J0319-KR-XXL,J0319,Kurta,XXL,B08PV2QT9V
J0323-CD-L,J0323,Top,L,B08PV4R5C1
J0323-CD-M,J0323,Top,M,B08PV48RM6
J0323-CD-S,J0323,Top,S,B08PV4D63G
J0323-CD-XXL,J0323,Top,XXL,B08PV3NJBM
J0324-CD-L,J0324,Top,L,B08PV556TK
J0328-KR-L,J0328,Kurta,L,B09KXNWXZR
J0328-KR-M,J0328,Kurta,M,B09KXRCJ16
J0328-KR-S,J0328,Kurta,S,B09KXRB5FH
J0328-KR-XL,J0328,Kurta,XL,B09KXR4HR6
J0328-KR-XS,J0328,Kurta,XS,B09KXQGSMP
J0328-KR-XXL,J0328,Kurta,XXL,B09KXNTMQZ
J0328-KR-XXXL,J0328,Kurta,3XL,B09KXPST3B
J0329-KR-L,J0329,Kurta,L,B09KXRB7JV
J0329-KR-M,J0329,Kurta,M,B09KXS56PT
J0329-KR-S,J0329,Kurta,S,B09KXS8893
J0329-KR-XL,J0329,Kurta,XL,B09KXNG8KS
J0329-KR-XS,J0329,Kurta,XS,B09KXR9FMJ
J0329-KR-XXL,J0329,Kurta,XXL,B09KXRHN4T
J0329-KR-XXXL,J0329,Kurta,3XL,B09KXRLH3S
J0330-KR-L,J0330,Kurta,L,B09M72LS2Y
J0330-KR-M,J0330,Kurta,M,B09M758F9Y
J0330-KR-XL,J0330,Kurta,XL,B09M74YR97
J0330-KR-XS,J0330,Kurta,XS,B09M73GPH4
J0330-KR-XXL,J0330,Kurta,XXL,B09M721D3X
J0330-KR-XXXL,J0330,Kurta,3XL,B09M736YRK
J0331-KR-L,J0331,Kurta,L,B09PD1X86Q
J0331-KR-M,J0331,Kurta,M,B09PDGB8RG
J0331-KR-S,J0331,Kurta,S,B09PDBS71K
J0331-KR-XL,J0331,Kurta,XL,B09PDCTLCF
J0331-KR-XS,J0331,Kurta,XS,B09PDC3GF6
J0331-KR-XXL,J0331,Kurta,XXL,B09PDH2JKL
J0331-KR-XXXL,J0331,Kurta,3XL,B09PD63F81
J0332-DR-L,J0332,Western Dress,L,B09LM6QD6B
J0332-DR-M,J0332,Western Dress,M,B09LM6GY71
J0332-DR-S,J0332,Western Dress,S,B09LM786LJ
J0332-DR-XL,J0332,Western Dress,XL,B09LM714QX
J0332-DR-XS,J0332,Western Dress,XS,B09LM82F69
J0332-DR-XXL,J0332,Western Dress,XXL,B09LM6C4WH
J0332-DR-XXXL,J0332,Western Dress,3XL,B09LM6BZD7
J0333-DR-L,J0333,Western Dress,L,B0982YMQK6
J0333-DR-M,J0333,Western Dress,M,B0982ZV9GB
J0333-DR-S,J0333,Western Dress,S,B0982Z3KRC
J0333-DR-XL,J0333,Western Dress,XL,B09832B571
J0333-DR-XS,J0333,Western Dress,XS,B0982Z84XP
J0333-DR-XXL,J0333,Western Dress,XXL,B09831PJB7
J0333-DR-XXXL,J0333,Western Dress,3XL,B0983121HP
J0334-TP-L,J0334,Top,L,B0986XXHX7
J0334-TP-M,J0334,Top,M,B0986ZWRKD
J0334-TP-S,J0334,Top,S,B0986Y2KBV
J0334-TP-XL,J0334,Top,XL,B0986ZC1YG
J0334-TP-XS,J0334,Top,XS,B0986XV48J
J0334-TP-XXL,J0334,Top,XXL,B09874Z5WK
J0334-TP-XXXL,J0334,Top,3XL,B0986Y2447
J0335-DR-L,J0335,Western Dress,L,B09831T4CQ
J0335-DR-M,J0335,Western Dress,M,B09831XC46
J0335-DR-S,J0335,Western Dress,S,B09831NCG7
J0335-DR-XL,J0335,Western Dress,XL,B09831P2JC
J0335-DR-XS,J0335,Western Dress,XS,B0982ZB89B
J0335-DR-XXL,J0335,Western Dress,XXL,B0982ZS9FG
J0335-DR-XXXL,J0335,Western Dress,3XL,B098312LNC
J0336-TP-L,J0336,Top,L,B0986XZG4D
J0336-TP-M,J0336,Top,M,B0986X1Z7J
J0336-TP-S,J0336,Top,S,B0986XVRL1
J0336-TP-XL,J0336,Top,XL,B098731WQ8
J0336-TP-XS,J0336,Top,XS,B0986Z1LP7
J0336-TP-XXL,J0336,Top,XXL,B0986YNFRH
J0336-TP-XXXL,J0336,Top,3XL,B0986TP5RR
J0337-TP-L,J0337,Top,L,B0986XXLG6
J0337-TP-M,J0337,Top,M,B0986XMWXH
J0337-TP-S,J0337,Top,S,B0986YM7CR
J0337-TP-XL,J0337,Top,XL,B0986XV4QN
J0337-TP-XS,J0337,Top,XS,B0986XRKNX
J0337-TP-XXL,J0337,Top,XXL,B0986ZB8FM
J0337-TP-XXXL,J0337,Top,3XL,B0986ZP5HS
J0338-DR-L,J0338,Western Dress,L,B09832FGG4
J0338-DR-M,J0338,Western Dress,M,B0982ZPB81
J0338-DR-S,J0338,Western Dress,S,B0982Z4W2G
J0338-DR-XL,J0338,Western Dress,XL,B09831MSSX
J0338-DR-XS,J0338,Western Dress,XS,B0982ZRVSC
J0338-DR-XXL,J0338,Western Dress,XXL,B09831KKVG
J0338-DR-XXXL,J0338,Western Dress,3XL,B0982ZBHYK
J0339-DR-L,J0339,Western Dress,L,B098315N2Z
J0339-DR-M,J0339,Western Dress,M,B09831YHGV
J0339-DR-S,J0339,Western Dress,S,B0982ZDZ8H
J0339-DR-XL,J0339,Western Dress,XL,B0982ZDB2S
J0339-DR-XS,J0339,Western Dress,XS,B0982ZMQGG
J0339-DR-XXL,J0339,Western Dress,XXL,B0982ZRDSY
J0339-DR-XXXL,J0339,Western Dress,3XL,B09831N6TV
J0340-TP-L,J0340,Top,L,B0986Z5BDC
J0340-TP-M,J0340,Top,M,B0986XSXR1
J0340-TP-S,J0340,Top,S,B0986XTYKD
J0340-TP-XL,J0340,Top,XL,B0987186SZ
J0340-TP-XS,J0340,Top,XS,B0987184SL
J0340-TP-XXL,J0340,Top,XXL,B0986S7V44
J0340-TP-XXXL,J0340,Top,3XL,B0986XNNKR
J0341-DR-L,J0341,Western Dress,L,B099NRCT7B
J0341-DR-M,J0341,Western Dress,M,B099NQQ79L
J0341-DR-S,J0341,Western Dress,S,B099NR7612
J0341-DR-XL,J0341,Western Dress,XL,B099NQJZPQ
J0341-DR-XS,J0341,Western Dress,XS,B099NS55L1
J0341-DR-XXL,J0341,Western Dress,XXL,B099NR3NXY
J0341-DR-XXXL,J0341,Western Dress,3XL,B099NSQP4Z
J0342-TP-L,J0342,Top,L,B099S9MMY4
J0342-TP-M,J0342,Top,M,B099S91TCS
J0342-TP-S,J0342,Top,S,B099S89CXL
J0342-TP-XL,J0342,Top,XL,B099S83C1B
J0342-TP-XS,J0342,Top,XS,B099S8D35J
J0342-TP-XXL,J0342,Top,XXL,B099S92WJ1
J0342-TP-XXXL,J0342,Top,3XL,B099S8TJ3L
J0343-DR-L,J0343,Western Dress,L,B098P4234P
J0343-DR-M,J0343,Western Dress,M,B0982ZJ666
J0343-DR-S,J0343,Western Dress,S,B0982ZDQJK
J0343-DR-XL,J0343,Western Dress,XL,B0982Z1994
J0343-DR-XS,J0343,Western Dress,XS,B09831XMWL
J0343-DR-XXL,J0343,Western Dress,XXL,B09831TPR5
J0343-DR-XXXL,J0343,Western Dress,3XL,B098314S8L
J0344-TP-L,J0344,Top,L,B0986XYFFP
J0344-TP-M,J0344,Top,M,B0986XJDJ4
J0344-TP-S,J0344,Top,S,B0986XYSRW
J0344-TP-XL,J0344,Top,XL,B09872TQWK
J0344-TP-XS,J0344,Top,XS,B0986XVY18
J0344-TP-XXL,J0344,Top,XXL,B0986TGXF9
J0344-TP-XXXL,J0344,Top,3XL,B098731927
J0345-SET-L,J0345,Set,L,B099NHRRMT
J0345-SET-M,J0345,Set,M,B099NDNDD4
J0345-SET-XL,J0345,Set,XL,B099NHMRVD
J0345-SET-XS,J0345,Set,XS,B099P55JSW
J0345-SET-XXL,J0345,Set,XXL,B099NJDY5F
J0345-SET-XXXL,J0345,Set,3XL,B099NJW4M1
J0346-SET-L,J0346,Set,L,B0983CL283
J0346-SET-S,J0346,Set,S,B0983DV4F1
J0346-SET-XL,J0346,Set,XL,B0983G1KLL
J0346-SET-XS,J0346,Set,XS,B0983CP5WT
J0346-SET-XXL,J0346,Set,XXL,B0983DYB2T
J0346-SET-XXXL,J0346,Set,3XL,B0983G4P9Y
J0347-SET-L,J0347,Set,L,B09DYCPNJP
J0347-SET-XL,J0347,Set,XL,B09DY9HV4N
J0347-SET-XS,J0347,Set,XS,B09DY9WP49
J0347-SET-XXL,J0347,Set,XXL,B09DY955N9
J0347-SET-XXXL,J0347,Set,3XL,B09DY9L1V4
J0348-SET-L,J0348,Set,L,B09HNRTMH9
J0348-SET-M,J0348,Set,M,B09HNS3PZF
J0348-SET-S,J0348,Set,S,B09HNSNWRH
J0348-SET-XL,J0348,Set,XL,B09HNRBVMT
J0348-SET-XS,J0348,Set,XS,B09HNQ2PLB
J0348-SET-XXL,J0348,Set,XXL,B09HNRFFC5
J0348-SET-XXXL,J0348,Set,3XL,B09HNSVQR8
J0349-SET-L,J0349,Set,L,B099NMQR6C
J0349-SET-M,J0349,Set,M,B099NWNGVK
J0349-SET-S,J0349,Set,S,B099NJ4XRB
J0349-SET-XL,J0349,Set,XL,B099NK1G2C
J0349-SET-XS,J0349,Set,XS,B099NM2DMY
J0349-SET-XXL,J0349,Set,XXL,B099NJ3Y8W
J0349-SET-XXXL,J0349,Set,3XL,B099NJBZMD
J0350-SET-L,J0350,Set,L,B0983D5FVX
J0350-SET-M,J0350,Set,M,B0983DPSZK
J0350-SET-XL,J0350,Set,XL,B0983GD1BK
J0350-SET-XS,J0350,Set,XS,B0983CK2HV
J0350-SET-XXL,J0350,Set,XXL,B0983F9F2N
J0350-SET-XXXL,J0350,Set,3XL,B0983F9VZQ
J0351-SET-L,J0351,Set,L,B09CSSQY4F
J0351-SET-M,J0351,Set,M,B09CT2T32X
J0351-SET-S,J0351,Set,S,B09CT88XNF
J0351-SET-XL,J0351,Set,XL,B09CTB2G4H
J0351-SET-XS,J0351,Set,XS,B09CT7BX8Q
J0351-SET-XXL,J0351,Set,XXL,B09CT76R4C
J0351-SET-XXXL,J0351,Set,3XL,B09CTB7JMG
J0352-KR-L,J0352,Kurta,L,B098114JLC
J0352-KR-M,J0352,Kurta,M,B097ZZTMZG
J0352-KR-S,J0352,Kurta,S,B098119Y7R
J0352-KR-XL,J0352,Kurta,XL,B09811KK67
J0352-KR-XXL,J0352,Kurta,XXL,B09812HG5W
J0353-KR-L,J0353,Kurta,L,B09811VG73
J0353-KR-M,J0353,Kurta,M,B098124TF1
J0353-KR-S,J0353,Kurta,S,B09812HRK9
J0353-KR-XL,J0353,Kurta,XL,B098124BPM
J0353-KR-XXL,J0353,Kurta,XXL,B09811MMG5
J0354-KR-L,J0354,Kurta,L,B09811J9G9
J0354-KR-M,J0354,Kurta,M,B098116JZS
J0354-KR-S,J0354,Kurta,S,B09811THSB
J0354-KR-XL,J0354,Kurta,XL,B09811CLPG
J0354-KR-XXL,J0354,Kurta,XXL,B097ZZZWQN
J0355-KR-L,J0355,Kurta,L,B098124671
J0355-KR-M,J0355,Kurta,M,B09811TX8R
J0355-KR-S,J0355,Kurta,S,B09811KTCN
J0355-KR-XL,J0355,Kurta,XL,B09811D23W
J0355-KR-XXL,J0355,Kurta,XXL,B097ZZQKJQ
J0369-SKD-L,J0369,Set,L,B09K3PNR27
J0369-SKD-M,J0369,Set,M,B09K3M182M
J0369-SKD-S,J0369,Set,S,B09K3H7SMJ
J0369-SKD-XL,J0369,Set,XL,B09K3VNXNN
J0369-SKD-XS,J0369,Set,XS,B09K43MP8R
J0369-SKD-XXL,J0369,Set,XXL,B09K3TRPPR
J0369-SKD-XXXL,J0369,Set,3XL,B09K3JPZZV
J0370-SKD-L,J0370,Set,L,B09K3STFKQ
J0370-SKD-S,J0370,Set,S,B09K3BQV17
J0370-SKD-XL,J0370,Set,XL,B09K3YSMKS
J0370-SKD-XS,J0370,Set,XS,B09K3DV5W2
J0370-SKD-XXL,J0370,Set,XXL,B09K3HWVZW
J0370-SKD-XXXL,J0370,Set,3XL,B09K3VL6PP
J0371-SKD-M,J0371,Set,M,B09K39CKVT
J0371-SKD-S,J0371,Set,S,B09K3WXV9H
J0371-SKD-XL,J0371,Set,XL,B09K3SXC95
J0371-SKD-XS,J0371,Set,XS,B09K3Z3VK4
J0371-SKD-XXL,J0371,Set,XXL,B09K3QPWXK
J0371-SKD-XXXL,J0371,Set,3XL,B09K3SZXWK
J0372-SKD-L,J0372,Set,L,B09K3T3BV4
J0372-SKD-M,J0372,Set,M,B09K3L39C4
J0372-SKD-S,J0372,Set,S,B09K3RLTSZ
J0372-SKD-XL,J0372,Set,XL,B09K3SYX8M
J0372-SKD-XS,J0372,Set,XS,B09K3SMBMP
J0372-SKD-XXL,J0372,Set,XXL,B09K3G69WJ
J0372-SKD-XXXL,J0372,Set,3XL,B09K3WY5ZV
J0373-KR-L,J0373,Kurta,L,B09KXQ9FPV
J0373-KR-M,J0373,Kurta,M,B09KXR4JZB
J0373-KR-S,J0373,Kurta,S,B09KXKLZ1F
J0373-KR-XL,J0373,Kurta,XL,B09KXNZ3X4
J0373-KR-XS,J0373,Kurta,XS,B09KXPXP31
J0373-KR-XXL,J0373,Kurta,XXL,B09KXNV41S
J0373-KR-XXXL,J0373,Kurta,3XL,B09KXQ3NHZ
J0374-KR-L,J0374,Kurta,L,B09RKCXSSP
J0374-KR-M,J0374,Kurta,M,B09RKBLR2K
J0374-KR-XL,J0374,Kurta,XL,B09RKC4V2Y
J0374-KR-XS,J0374,Kurta,XS,B09RKCBBPB
J0374-KR-XXL,J0374,Kurta,XXL,B09RKCFQ78
J0374-KR-XXXL,J0374,Kurta,3XL,B09RKCMGZJ
J0375-SKD-L,J0375,Set,L,B09QJ4KSZ5
J0375-SKD-M,J0375,Set,M,B09QJ52RS4
J0375-SKD-S,J0375,Set,S,B09QJ4PPQ4
J0375-SKD-XL,J0375,Set,XL,B09QJ44CRR
J0375-SKD-XS,J0375,Set,XS,B09QJ452KG
J0375-SKD-XXL,J0375,Set,XXL,B09QJ5M6TX
J0375-SKD-XXXL,J0375,Set,3XL,B09QJ3RBR6
J0376-SKD-L,J0376,Set,L,B09QJ4PXZ3
J0376-SKD-M,J0376,Set,M,B09QJ3DYHK
J0376-SKD-S,J0376,Set,S,B09QJ3BDVW
J0376-SKD-XL,J0376,Set,XL,B09QJ51MBL
J0376-SKD-XS,J0376,Set,XS,B09QJ5XYT3
J0376-SKD-XXL,J0376,Set,XXL,B09QJ549GK
J0376-SKD-XXXL,J0376,Set,3XL,B09QJ55538
J0377-SKD-L,J0377,Set,L,B09QJ4FRW9
J0377-SKD-M,J0377,Set,M,B09QJ4TWHG
J0377-SKD-S,J0377,Set,S,B09QJ3LB23
J0377-SKD-XL,J0377,Set,XL,B09QJ35BD6
J0377-SKD-XS,J0377,Set,XS,B09QJ3QV43
J0377-SKD-XXL,J0377,Set,XXL,B09QJ38J59
J0377-SKD-XXXL,J0377,Set,3XL,B09QJ3VNR7
J0378-SKD-L,J0378,Set,L,B09QJ434WB
J0378-SKD-M,J0378,Set,M,B09QJ55L57
J0378-SKD-S,J0378,Set,S,B09QJ4C84B
J0378-SKD-XL,J0378,Set,XL,B09QJ53XSR
J0378-SKD-XS,J0378,Set,XS,B09QJ46SBY
J0378-SKD-XXL,J0378,Set,XXL,B09QJ4HMHN
J0378-SKD-XXXL,J0378,Set,3XL,B09QJ4Q9GV
J0379-SKD-L,J0379,Set,L,B09M6WZX2J
J0379-SKD-M,J0379,Set,M,B09M6SF2XW
J0379-SKD-S,J0379,Set,S,B09M6SV9SR
J0379-SKD-XL,J0379,Set,XL,B09M6YZ9K1
J0379-SKD-XS,J0379,Set,XS,B09M6VPHJY
J0379-SKD-XXL,J0379,Set,XXL,B09M6TWZ95
J0379-SKD-XXXL,J0379,Set,3XL,B09M6TF1K5
J0380-SKD-L,J0380,Set,L,B09M6RWMSW
J0380-SKD-M,J0380,Set,M,B09M6V5WP2
J0380-SKD-S,J0380,Set,S,B09M6S8ZRW
J0380-SKD-XL,J0380,Set,XL,B09M6SDZ3M
J0380-SKD-XS,J0380,Set,XS,B09M6W44KD
J0380-SKD-XXL,J0380,Set,XXL,B09M6S719R
J0380-SKD-XXXL,J0380,Set,3XL,B09M6VB8C4
J0381-SKD-L,J0381,Set,L,B09M6SDRK5
J0381-SKD-M,J0381,Set,M,B09M6VZLVN
J0381-SKD-S,J0381,Set,S,B09M6VSV7V
J0381-SKD-XL,J0381,Set,XL,B09M6TQ9KT
J0381-SKD-XS,J0381,Set,XS,B09M6RXQZF
J0381-SKD-XXL,J0381,Set,XXL,B09M6SDYDS
J0381-SKD-XXXL,J0381,Set,3XL,B09M6VGNX8
J0382-SKD-L,J0382,Set,L,B09M6V8FSW
J0382-SKD-M,J0382,Set,M,B09M6TZJYC
J0382-SKD-S,J0382,Set,S,B09M6YB5VM
J0382-SKD-XL,J0382,Set,XL,B09M6TRWRL
J0382-SKD-XS,J0382,Set,XS,B09M6ZDZHR
J0382-SKD-XXL,J0382,Set,XXL,B09M6VBZZL
J0382-SKD-XXXL,J0382,Set,3XL,B09M6RZMD1
J0385-KR-L,J0385,Kurta,L,B09YYV1LF9
J0385-KR-M,J0385,Kurta,M,B09YYNG98D
J0385-KR-S,J0385,Kurta,S,B09YYKD8P1
J0385-KR-XL,J0385,Kurta,XL,B09YYLQMRC
J0385-KR-XS,J0385,Kurta,XS,B09YYJZ5M2
J0385-KR-XXL,J0385,Kurta,XXL,B09YYKD7P3
J0385-KR-XXXL,J0385,Kurta,3XL,B09YYMFZBM
J0386-KR-L,J0386,Kurta,L,B09YYLPNWY
J0386-KR-M,J0386,Kurta,M,B09YYM4G16
J0386-KR-S,J0386,Kurta,S,B09YYLLBK6
J0386-KR-XL,J0386,Kurta,XL,B09YYL9FK7
J0386-KR-XS,J0386,Kurta,XS,B09YYKXGRZ
J0386-KR-XXL,J0386,Kurta,XXL,B09YYKWZJS
J0386-KR-XXXL,J0386,Kurta,3XL,B09YYLFCP2
J0388-TP-L,J0388,Top,L,B09YYP4M7F
J0388-TP-M,J0388,Top,M,B09YYPJP5K
J0388-TP-S,J0388,Top,S,B09YYQ6BWR
J0388-TP-XL,J0388,Top,XL,B09YYQCNHZ
J0388-TP-XS,J0388,Top,XS,B09YYN9MHH
J0388-TP-XXL,J0388,Top,XXL,B09YYP42TQ
J0389-TP-L,J0389,Top,L,B09YNYYV37
J0389-TP-M,J0389,Top,M,B09YNXZ3YX
J0389-TP-S,J0389,Top,S,B09YNZMX44
J0389-TP-XL,J0389,Top,XL,B09YP18KJQ
J0389-TP-XS,J0389,Top,XS,B09YNXLV2D
J0389-TP-XXL,J0389,Top,XXL,B09YP11Q7X
J0389-TP-XXXL,J0389,Top,3XL,B09YNXPQK1
J0390-TP-L,J0390,Top,L,B09YYPBRY6
J0390-TP-M,J0390,Top,M,B09YYQZYV4
J0390-TP-S,J0390,Top,S,B09YYP1S5F
J0390-TP-XL,J0390,Top,XL,B09YYQLP13
J0390-TP-XS,J0390,Top,XS,B09YYQT81M
J0390-TP-XXL,J0390,Top,XXL,B09YYR2MJV
J0390-TP-XXXL,J0390,Top,3XL,B09YYQ9MG4
J0391-TP-L,J0391,Top,L,B09YYPH5ZZ
J0391-TP-M,J0391,Top,M,B09YYQKQG7
J0391-TP-S,J0391,Top,S,B09YYPSFNT
J0391-TP-XL,J0391,Top,XL,B09YYQ12KB
J0391-TP-XS,J0391,Top,XS,B09YYN8KTS
J0391-TP-XXL,J0391,Top,XXL,B09YYPF144
J0391-TP-XXXL,J0391,Top,3XL,B09YYP7CSR
J0392-TP-L,J0392,Top,L,B09Y3BMD12
J0392-TP-XL,J0392,Top,XL,B09Y3DC7D9
J0395-DR-L,J0395,Western Dress,L,B09SDY6GTV
J0395-DR-M,J0395,Western Dress,M,B09SDYXC9W
J0395-DR-S,J0395,Western Dress,S,B09SDYQ6ZC
J0395-DR-XL,J0395,Western Dress,XL,B09SDXLD4C
J0395-DR-XS,J0395,Western Dress,XS,B09SDYS45X
J0395-DR-XXL,J0395,Western Dress,XXL,B09SDX9ZF6
J0395-DR-XXXL,J0395,Western Dress,3XL,B09SDXXP6N
J0396-DR-L,J0396,Western Dress,L,B09SDYTSFK
J0396-DR-M,J0396,Western Dress,M,B09SDYMTMZ
J0396-DR-S,J0396,Western Dress,S,B09SDZ19S9
J0396-DR-XL,J0396,Western Dress,XL,B09SDX82TT
J0396-DR-XS,J0396,Western Dress,XS,B09SDXRYBD
J0396-DR-XXL,J0396,Western Dress,XXL,B09SDYLJZ5
J0396-DR-XXXL,J0396,Western Dress,3XL,B09SDXPC2C
J0397-DR-L,J0397,Western Dress,L,B09SDXCXCX
J0397-DR-M,J0397,Western Dress,M,B09SDZ27RS
J0397-DR-S,J0397,Western Dress,S,B09SDXLYCD
J0397-DR-XL,J0397,Western Dress,XL,B09SDXVF3V
J0397-DR-XS,J0397,Western Dress,XS,B09SDY97KL
J0397-DR-XXL,J0397,Western Dress,XXL,B09SDYM2TY
J0397-DR-XXXL,J0397,Western Dress,3XL,B09SDYL517
J0398-DR-L,J0398,Western Dress,L,B09SDYF8VW
J0398-DR-M,J0398,Western Dress,M,B09SDZ9BRP
J0398-DR-S,J0398,Western Dress,S,B09SDXYXVJ
J0398-DR-XL,J0398,Western Dress,XL,B09SDX8985
J0398-DR-XS,J0398,Western Dress,XS,B09SDYV2FL
J0398-DR-XXL,J0398,Western Dress,XXL,B09SDXNPBH
J0399-DR-L,J0399,Western Dress,L,B09SDYMJZC
J0399-DR-M,J0399,Western Dress,M,B09SDYL6L2
J0399-DR-S,J0399,Western Dress,S,B09SDX2WZJ
J0399-DR-XL,J0399,Western Dress,XL,B09SDZ7948
J0399-DR-XS,J0399,Western Dress,XS,B09SDYRP84
J0399-DR-XXL,J0399,Western Dress,XXL,B09SDYYZHZ
J0399-DR-XXXL,J0399,Western Dress,3XL,B09SDYMGQQ
J0400-DR-L,J0400,Western Dress,L,B09SDY3L6Y
J0400-DR-M,J0400,Western Dress,M,B09SDZ13F9
J0400-DR-S,J0400,Western Dress,S,B09SDX9ZF5
J0400-DR-XL,J0400,Western Dress,XL,B09SDY5W8F
J0400-DR-XS,J0400,Western Dress,XS,B09SDZ7T2T
J0400-DR-XXL,J0400,Western Dress,XXL,B09SDYPVSS
J0400-DR-XXXL,J0400,Western Dress,3XL,B09SDZ14KQ
J0401-DR-L,J0401,Western Dress,L,B09SDXN14H
J0401-DR-M,J0401,Western Dress,M,B09SDYHHH9
J0401-DR-S,J0401,Western Dress,S,B09SDYGHX3
J0401-DR-XL,J0401,Western Dress,XL,B09SDZW3GY
J0401-DR-XS,J0401,Western Dress,XS,B09SDXYWYN
J0401-DR-XXL,J0401,Western Dress,XXL,B09SDY6ZXQ
J0401-DR-XXXL,J0401,Western Dress,3XL,B09SDXZBGX
J0402-DR-L,J0402,Western Dress,L,B09SDXW42C
J0402-DR-M,J0402,Western Dress,M,B09SDZ46RC
J0402-DR-S,J0402,Western Dress,S,B09SDYKL4S
J0402-DR-XL,J0402,Western Dress,XL,B09SDXNN8P
J0402-DR-XS,J0402,Western Dress,XS,B09SDY165N
J0402-DR-XXL,J0402,Western Dress,XXL,B09SDYSSGW
J0413-DR-L,J0413,Western Dress,L,B09TY289H8
J0413-DR-M,J0413,Western Dress,M,B09TY1HFLG
J0413-DR-S,J0413,Western Dress,S,B09TY2JJ87
J0413-DR-XL,J0413,Western Dress,XL,B09TY22KD3
J0413-DR-XS,J0413,Western Dress,XS,B09TY2KSY6
J0413-DR-XXL,J0413,Western Dress,XXL,B09TY1VWSY
J0413-DR-XXXL,J0413,Western Dress,3XL,B09TY1GLH9
J0414-DR-L,J0414,Western Dress,L,B09TY2MHH6
J0414-DR-M,J0414,Western Dress,M,B09TY1L6Z3
J0414-DR-S,J0414,Western Dress,S,B09TY17YHW
J0414-DR-XL,J0414,Western Dress,XL,B09TY1THSJ
J0414-DR-XS,J0414,Western Dress,XS,B09TY273FQ
J0414-DR-XXL,J0414,Western Dress,XXL,B09TY13BHC
J0414-DR-XXXL,J0414,Western Dress,3XL,B09TY2DQ8G
J0415-DR-L,J0415,Western Dress,L,B09TY1CM1M
J0415-DR-M,J0415,Western Dress,M,B09TY1MXMF
J0415-DR-S,J0415,Western Dress,S,B09TY1K64X
J0415-DR-XL,J0415,Western Dress,XL,B09TXZM6DM
J0415-DR-XS,J0415,Western Dress,XS,B09TY2F73Y
J0415-DR-XXL,J0415,Western Dress,XXL,B09TY377FQ
J0415-DR-XXXL,J0415,Western Dress,3XL,B09TY2QT4R
J0416-DR-L,J0416,Western Dress,L,B09TY1Y3WZ
J0416-DR-M,J0416,Western Dress,M,B09TY21ZM3
J0416-DR-S,J0416,Western Dress,S,B09TXYX9Y8
J0416-DR-XL,J0416,Western Dress,XL,B09TY14PVB
J0416-DR-XS,J0416,Western Dress,XS,B09TXZFVGT
J0416-DR-XXL,J0416,Western Dress,XXL,B09TY27T5G
J0417-TP-M,J0417,Top,M,B09Y3C7SVT
J0417-TP-S,J0417,Top,S,B09Y3CPCM5
J0417-TP-XL,J0417,Top,XL,B09Y3BZCD3
J0417-TP-XS,J0417,Top,XS,B09Y3QNKD9
J0418-TP-L,J0418,Top,L,B09Y3CYZF7
J0418-TP-M,J0418,Top,M,B09Y3CRQ27
J0418-TP-S,J0418,Top,S,B09Y3BMCZT
J0418-TP-XL,J0418,Top,XL,B09Y3BSH3G
J0418-TP-XS,J0418,Top,XS,B09Y3C1YGP
J0418-TP-XXL,J0418,Top,XXL,B09Y3BDJZQ
J0419-TP-L,J0419,Top,L,B09Y39YDYQ
J0419-TP-M,J0419,Top,M,B09Y3C8XJP
J0419-TP-S,J0419,Top,S,B09Y3C3NQV
J0419-TP-XL,J0419,Top,XL,B09Y3CXSKQ
J0419-TP-XS,J0419,Top,XS,B09Y3CQQHG
J0419-TP-XXL,J0419,Top,XXL,B09Y3BPM8R
J0419-TP-XXXL,J0419,Top,3XL,B09Y3D125M
J0420-TP-L,J0420,Top,L,B0B1X1588P
J0420-TP-M,J0420,Top,M,B0B1X3HTR4
J0420-TP-S,J0420,Top,S,B0B1X3X2XF
J0429-DR-M,J0429,Western Dress,M,B0B3VXYB6G
J0429-DR-S,J0429,Western Dress,S,B0B3VW2CXL
J0429-DR-XL,J0429,Western Dress,XL,B0B3VY93ZK
J0429-DR-XS,J0429,Western Dress,XS,B0B3VYHY9H
J0429-DR-XXL,J0429,Western Dress,XXL,B0B3VXFDD4
J0429-DR-XXXL,J0429,Western Dress,3XL,B0B3VXTFK6
J0431-DR-L,J0431,Western Dress,L,B0B3VXRSRJ
J0431-DR-M,J0431,Western Dress,M,B0B3VYV32C
J0431-DR-S,J0431,Western Dress,S,B0B3VWMKGB
J0431-DR-XL,J0431,Western Dress,XL,B0B3VZDR37
J0431-DR-XS,J0431,Western Dress,XS,B0B3VX2R2C
J0431-DR-XXL,J0431,Western Dress,XXL,B0B3VWYQ2Q
J0431-DR-XXXL,J0431,Western Dress,3XL,B0B3VXFDBD
J0434-DR-L,J0434,Western Dress,L,B0B3JGZF63
J0434-DR-S,J0434,Western Dress,S,B0B3JGY1ZY
J0434-DR-XL,J0434,Western Dress,XL,B0B3JGPNJ5
J0434-DR-XXL,J0434,Western Dress,XXL,B0B3JFV6BT
J0434-DR-XXXL,J0434,Western Dress,3XL,B0B3JK47SH
JNE0722-K,JNE0722,Saree,FREE,B09J56Z8L7
JNE0850-N,JNE0850,Saree,FREE,B09Q66C74F
JNE09186-BLUE-SR-JP7104RMV,JNE09186,Saree,FREE,B09HMNCZSJ
JNE09186-BLUE-SR-JP7104RMV-K,JNE09186,Saree,FREE,B09J57GQ8Q
JNE09186-BLUE-SR-JP7104RMV-N,JNE09186,Saree,FREE,B09HXSF88W
JNE09187-PINK-SR-JP7104RNV,JNE09187,Saree,FREE,B09HMHPQGR
JNE09209-MULTI-SR-JP8101RMV,JNE09209,Saree,FREE,B09HMXJ5P6
JNE09209-MULTI-SR-JP8101RMV-K,JNE09209,Saree,FREE,B09J56LCZ5
JNE09210-PINK-SR-JP8101RNV,JNE09210,Saree,FREE,B09HM2SNK4
JNE09210-PINK-SR-JP8101RNV-K,JNE09210,Saree,FREE,B09J57NDQJ
JNE1000-NAVY-SR-JB6102RMV-K,JNE1000,Saree,FREE,B09J555F7G
JNE1233-BLUE-KR-031-L,JNE1233,Kurta,L,B01M1L6330
JNE1233-BLUE-KR-031-M,JNE1233,Kurta,M,B01M0LXTZE
JNE1233-BLUE-KR-031-S,JNE1233,Kurta,S,B01M0XUV1S
JNE1233-BLUE-KR-031-XL,JNE1233,Kurta,XL,B01LYC0N7Q
JNE1233-BLUE-KR-031-XS,JNE1233,Kurta,XS,B07JBQD2BK
JNE1233-BLUE-KR-031-XXL,JNE1233,Kurta,XXL,B071VG5FH4
JNE1233-BLUE-KR-031-XXXL,JNE1233,Kurta,3XL,B07GPGP46N
JNE1234-MULTI-KR-032-L,JNE1234,Kurta,L,B01M19H5E3
JNE1234-MULTI-KR-032-M,JNE1234,Kurta,M,B01LZYQ93J
JNE1234-MULTI-KR-032-S,JNE1234,Kurta,S,B01LZMXYSV
JNE1234-MULTI-KR-032-XL,JNE1234,Kurta,XL,B01LYC0NV1
JNE1234-MULTI-KR-032-XS,JNE1234,Kurta,XS,B07GPM2WZ9
JNE1234-MULTI-KR-032-XXL,JNE1234,Kurta,XXL,B076SFFZPQ
JNE1234-MULTI-KR-032-XXXL,JNE1234,Kurta,3XL,B07GBZV8K8
JNE1407-BLACK-KR-UDF18-XL,JNE1407,Kurta,XL,B01M4IAS51
JNE1408-GREY-KR-UDF19-L,JNE1408,Kurta,L,B01M3P3VPV
JNE1408-GREY-KR-UDF19-M,JNE1408,Kurta,M,B01M5AIMJO
JNE1408-GREY-KR-UDF19-S,JNE1408,Kurta,S,B01M3P3W9O
JNE1408-GREY-KR-UDF19-XL,JNE1408,Kurta,XL,B01M23RFPO
JNE1408-GREY-KR-UDF19-XXL,JNE1408,Kurta,XXL,B01N4U4WXP
JNE1408-GREY-KR-UDF19-XXXL,JNE1408,Kurta,3XL,B07FTGN97L
JNE1408-KR-UDF19-A-L,JNE1408,Kurta,L,B0743FQ3SJ
JNE1408-KR-UDF19-A-M,JNE1408,Kurta,M,B0743F98CD
JNE1408-KR-UDF19-A-S,JNE1408,Kurta,S,B0743FDQ6T
JNE1408-KR-UDF19-A-XL,JNE1408,Kurta,XL,B0743DHFCD
JNE1408-KR-UDF19-A-XS,JNE1408,Kurta,XS,B07FTLP535
JNE1408-KR-UDF19-A-XXL,JNE1408,Kurta,XXL,B0743FD3GJ
JNE1408-KR-UDF19-A-XXXL,JNE1408,Kurta,3XL,B07FTHS39L
JNE1525-KR-UDF19-A-L,JNE1525,Kurta,L,B0743G8MB8
JNE1525-KR-UDF19-A-M,JNE1525,Kurta,M,B0743K7MJK
JNE1525-KR-UDF19-A-S,JNE1525,Kurta,S,B0743FRDLK
JNE1525-KR-UDF19-A-XL,JNE1525,Kurta,XL,B0743FF612
JNE1525-KR-UDF19-A-XS,JNE1525,Kurta,XS,B07FTP9Z2H
JNE1525-KR-UDF19-A-XXL,JNE1525,Kurta,XXL,B0743FN66G
JNE1525-KR-UDF19-A-XXXL,JNE1525,Kurta,3XL,B07FTQ4S8H
JNE1525-KR-UDF19BLACK-L,JNE1525,Kurta,L,B01MSEK1O5
JNE1525-KR-UDF19BLACK-M,JNE1525,Kurta,M,B01MZGYNRV
JNE1525-KR-UDF19BLACK-S,JNE1525,Kurta,S,B01N184HBX
JNE1525-KR-UDF19BLACK-XL,JNE1525,Kurta,XL,B01N184GHA
JNE1525-KR-UDF19BLACK-XS,JNE1525,Kurta,XS,B07FTL5YM7
JNE1525-KR-UDF19BLACK-XXL,JNE1525,Kurta,XXL,B01N29JK0G
JNE1525-KR-UDF19BLACK-XXXL,JNE1525,Kurta,3XL,B07FTHTK92
JNE1906-KR-031-L,JNE1906,Kurta,L,B06Y5CFQSQ
JNE1906-KR-031-M,JNE1906,Kurta,M,B06Y5RHMBJ
JNE1906-KR-031-S,JNE1906,Kurta,S,B06Y5CCJ89
JNE1906-KR-031-XL,JNE1906,Kurta,XL,B06Y59MV5R
JNE1906-KR-031-XS,JNE1906,Kurta,XS,B07H6MB6ZB
JNE1906-KR-031-XXL,JNE1906,Kurta,XXL,B06Y57CT5J
JNE1906-KR-031-XXXL,JNE1906,Kurta,3XL,B07H6HKBLD
JNE1951-KR-155-L,JNE1951,Kurta,L,B072HQLQWH
JNE1951-KR-155-M,JNE1951,Kurta,M,B072HR44J2
JNE1951-KR-155-S,JNE1951,Kurta,S,B072F5MVHT
JNE1951-KR-155-XL,JNE1951,Kurta,XL,B071YXDT73
JNE1951-KR-155-XS,JNE1951,Kurta,XS,B07FVS3LXX
JNE1951-KR-155-XXL,JNE1951,Kurta,XXL,B07141LX6Q
JNE1951-KR-155-XXXL,JNE1951,Kurta,3XL,B07FVR17HM
JNE1975-KR-309-S,JNE1975,Kurta,S,B074STXQ5K
JNE1975-KR-309-XS,JNE1975,Kurta,XS,B07FXW36SQ
JNE1975-KR-309-XXL,JNE1975,Kurta,XXL,B074SXTTRQ
JNE1977-KR-237-L,JNE1977,Kurta,L,B074SP92C5
JNE1977-KR-237-M,JNE1977,Kurta,M,B074SW485J
JNE1977-KR-237-S,JNE1977,Kurta,S,B074SN4P8D
JNE1977-KR-237-XL,JNE1977,Kurta,XL,B074SP8YTW
JNE1977-KR-237-XS,JNE1977,Kurta,XS,B07FXGWSHQ
JNE1977-KR-237-XXL,JNE1977,Kurta,XXL,B074SZDDR9
JNE1977-KR-237-XXXL,JNE1977,Kurta,3XL,B07FXZ6BBZ
JNE1998-KR-311-L,JNE1998,Kurta,L,B074X9FDR3
JNE1998-KR-311-M,JNE1998,Kurta,M,B074XBL3WM
JNE1998-KR-311-S,JNE1998,Kurta,S,B074X8TX37
JNE1998-KR-311-XL,JNE1998,Kurta,XL,B074XD94GB
JNE1998-KR-311-XS,JNE1998,Kurta,XS,B07G5B9CCV
JNE1998-KR-311-XXL,JNE1998,Kurta,XXL,B078NTPQHT
JNE2006-KR-158-S,JNE2006,Kurta,S,B074XHZDNS
JNE2009-KR-310-L,JNE2009,Kurta,L,B0756BSJ7P
JNE2009-KR-310-M,JNE2009,Kurta,M,B07569S1QP
JNE2009-KR-310-S,JNE2009,Kurta,S,B0756BJ9P4
JNE2009-KR-310-XL,JNE2009,Kurta,XL,B07569HSRZ
JNE2009-KR-310-XS,JNE2009,Kurta,XS,B07FVRD8SQ
JNE2009-KR-310-XXL,JNE2009,Kurta,XXL,B07567MHWH
JNE2014-KR-178-L,JNE2014,Kurta,L,B0783Q5HMF
JNE2014-KR-178-M,JNE2014,Kurta,M,B077M6KWYJ
JNE2014-KR-178-S,JNE2014,Kurta,S,B077MFFX2S
JNE2014-KR-178-XL,JNE2014,Kurta,XL,B077MM3LFJ
JNE2014-KR-178-XS,JNE2014,Kurta,XS,B07G4XY9TP
JNE2014-KR-178-XXL,JNE2014,Kurta,XXL,B077MF72BK
JNE2014-KR-178-XXXL,JNE2014,Kurta,3XL,B07G2CSMX9
JNE2032-KR-205-L,JNE2032,Kurta,L,B0768H3V5D
JNE2032-KR-205-M,JNE2032,Kurta,M,B0768HCHHY
JNE2032-KR-205-S,JNE2032,Kurta,S,B0768JGSXJ
JNE2032-KR-205-XL,JNE2032,Kurta,XL,B0768J7VQ1
JNE2032-KR-205-XS,JNE2032,Kurta,XS,B07H6M9SZS
JNE2032-KR-205-XXL,JNE2032,Kurta,XXL,B0768HCX12
JNE2032-KR-205-XXXL,JNE2032,Kurta,3XL,B07H6L4CBM
JNE2049-KR-351-L,JNE2049,Kurta,L,B076HKSX1M
JNE2049-KR-351-M,JNE2049,Kurta,M,B076HJC99H
JNE2049-KR-351-S,JNE2049,Kurta,S,B076HL83ZR
JNE2049-KR-351-XL,JNE2049,Kurta,XL,B076HH2K35
JNE2049-KR-351-XS,JNE2049,Kurta,XS,B07G2BNYNV
JNE2049-KR-351-XXL,JNE2049,Kurta,XXL,B076HLML9R
JNE2049-KR-351-XXXL1,JNE2049,Kurta,3XL,B07G2PJMDS
JNE2058-KR-339-L,JNE2058,Kurta,L,B075ZTMFJX
JNE2086-KR-389-L,JNE2086,Kurta,L,B0793R98X2
JNE2086-KR-389-M,JNE2086,Kurta,M,B0793S7MBC
JNE2086-KR-389-S,JNE2086,Kurta,S,B0793QT2YL
JNE2086-KR-389-XL,JNE2086,Kurta,XL,B0793RFRD2
JNE2086-KR-389-XS,JNE2086,Kurta,XS,B07JM7QZRN
JNE2086-KR-389-XXXL,JNE2086,Kurta,3XL,B07JM9DLHF
JNE2100-KR-144-L,JNE2100,Kurta,L,B078Q3WGS3
JNE2100-KR-144-M,JNE2100,Kurta,M,B078Q3C6QS
JNE2100-KR-144-S,JNE2100,Kurta,S,B078Q2PWX9
JNE2100-KR-144-XL,JNE2100,Kurta,XL,B078Q4CFFN
JNE2100-KR-144-XS,JNE2100,Kurta,XS,B07FV76W43
JNE2100-KR-144-XXL,JNE2100,Kurta,XXL,B078Q3XW5H
JNE2100-KR-144-XXXL,JNE2100,Kurta,3XL,B07FVY5B7X
JNE2101-KR-210-L,JNE2101,Kurta,L,B0793RCTKZ
JNE2101-KR-210-S,JNE2101,Kurta,S,B0793S4TBK
JNE2101-KR-210-XL,JNE2101,Kurta,XL,B0793RY3LG
JNE2113-KR-381-L,JNE2113,Kurta,L,B0793RJYWG
JNE2113-KR-381-M,JNE2113,Kurta,M,B0793R257Q
JNE2113-KR-381-S,JNE2113,Kurta,S,B0793R5HQ7
JNE2113-KR-381-XL,JNE2113,Kurta,XL,B0793PNXWG
JNE2113-KR-381-XXL,JNE2113,Kurta,XXL,B0793RM1S9
JNE2131-KR-A-L,JNE2131,Kurta,L,B09X1T9PHX
JNE2131-KR-A-M,JNE2131,Kurta,M,B09X1VSXJD
JNE2131-KR-A-S,JNE2131,Kurta,S,B09X1X594S
JNE2131-KR-A-XL,JNE2131,Kurta,XL,B09X1VB541
JNE2131-KR-A-XXL,JNE2131,Kurta,XXL,B09X1WXWRZ
JNE2131-KR-A-XXXL,JNE2131,Kurta,3XL,B09X1TZ917
JNE2132-KR-398-L,JNE2132,Kurta,L,B0793RJ12G
JNE2132-KR-398-M,JNE2132,Kurta,M,B0793RR7YH
JNE2132-KR-398-S,JNE2132,Kurta,S,B0793S1KD9
JNE2132-KR-398-XL,JNE2132,Kurta,XL,B0793RH6B3
JNE2132-KR-398-XS,JNE2132,Kurta,XS,B07JGMS1PN
JNE2132-KR-398-XXL,JNE2132,Kurta,XXL,B0793S7D88
JNE2132-KR-398-XXXL,JNE2132,Kurta,3XL,B07JG3CND8
JNE2145-KR-A-L,JNE2145,Kurta,L,B0B3MY32FH
JNE2145-KR-A-XL,JNE2145,Kurta,XL,B0B3MZQHHY
JNE2145-KR-A-XXXL,JNE2145,Kurta,3XL,B0B3MY32FJ
JNE2153-KR-278-A-M,JNE2153,Kurta,M,B0794YR85H
JNE2153-KR-278-A-S,JNE2153,Kurta,S,B0794T8ZLN
JNE2153-KR-278-A-XL,JNE2153,Kurta,XL,B0794V95XT
JNE2153-KR-278-A-XS,JNE2153,Kurta,XS,B07FX4TCQR
JNE2153-KR-278-A-XXL,JNE2153,Kurta,XXL,B0794XBGCZ
JNE2153-KR-278-A-XXXL,JNE2153,Kurta,3XL,B07FXWM689
JNE2170-KR-436-L,JNE2170,Kurta,L,B079WWJS1D
JNE2170-KR-436-M,JNE2170,Kurta,M,B079WXRBVF
JNE2170-KR-436-S,JNE2170,Kurta,S,B079WXNZ15
JNE2170-KR-436-XL,JNE2170,Kurta,XL,B079WW6XVC
JNE2170-KR-436-XS,JNE2170,Kurta,XS,B07FXJD2J3
JNE2170-KR-436-XXL,JNE2170,Kurta,XXL,B079WYGYC6
JNE2170-KR-436-XXXL,JNE2170,Kurta,3XL,B07FXP2ZR4
JNE2171-KR-437-L,JNE2171,Kurta,L,B079WXK84M
JNE2171-KR-437-M,JNE2171,Kurta,M,B079WX69ZM
JNE2171-KR-437-S,JNE2171,Kurta,S,B079WZ263P
JNE2171-KR-437-XL,JNE2171,Kurta,XL,B079WYDLLS
JNE2171-KR-437-XS,JNE2171,Kurta,XS,B07FTL9GTF
JNE2171-KR-437-XXL,JNE2171,Kurta,XXL,B079WY7GRR
JNE2171-KR-437-XXXL,JNE2171,Kurta,3XL,B07FTLHGMY
JNE2199-KR-411-A-L,JNE2199,Kurta,L,B07BL298CT
JNE2199-KR-411-A-M,JNE2199,Kurta,M,B07BL1MGBD
JNE2199-KR-411-A-S,JNE2199,Kurta,S,B07BL2QVPK
JNE2199-KR-411-A-XL,JNE2199,Kurta,XL,B07BL27M99
JNE2199-KR-411-A-XS,JNE2199,Kurta,XS,B07FY1DW7V
JNE2199-KR-411-A-XXL,JNE2199,Kurta,XXL,B07BL222Q1
JNE2199-KR-411-A-XXXL,JNE2199,Kurta,3XL,B07FXVP936
JNE2205-KR-467-A-L,JNE2205,Kurta,L,B07BL1RK7W
JNE2205-KR-467-A-M,JNE2205,Kurta,M,B07BL1VXZW
JNE2205-KR-467-A-S,JNE2205,Kurta,S,B07BL1ZXD9
JNE2205-KR-467-A-XL,JNE2205,Kurta,XL,B07BL2NS84
JNE2205-KR-467-A-XS,JNE2205,Kurta,XS,B07FVTH8JZ
JNE2205-KR-467-A-XXL,JNE2205,Kurta,XXL,B07BL24MXX
JNE2205-KR-467-A-XXXL,JNE2205,Kurta,3XL,B07FVMT2G5
JNE2209-KR-498-A-XL,JNE2209,Kurta,XL,B07BL2FBHJ
JNE2251-KR-537-C-L,JNE2251,Kurta,L,B07DTK1PJP
JNE2251-KR-537-C-S,JNE2251,Kurta,S,B07DTFXWLZ
JNE2251-KR-537-C-XL,JNE2251,Kurta,XL,B07DTFMJWF
JNE2251-KR-537-C-XS,JNE2251,Kurta,XS,B07JGMTPTY
JNE2251-KR-537-C-XXL,JNE2251,Kurta,XXL,B07DTHQFPR
JNE2251-KR-537-C-XXXL,JNE2251,Kurta,3XL,B07JVXYGHZ
JNE2251-KR-537-L,JNE2251,Kurta,L,B07C3KQTC9
JNE2251-KR-537-M,JNE2251,Kurta,M,B07C3MGV2R
JNE2251-KR-537-S,JNE2251,Kurta,S,B07C3N75GF
JNE2251-KR-537-XL,JNE2251,Kurta,XL,B07C3GJHH2
JNE2251-KR-537-XS,JNE2251,Kurta,XS,B07JG3SXR3
JNE2251-KR-537-XXL,JNE2251,Kurta,XXL,B07C3D5D8G
JNE2251-KR-537-XXXL,JNE2251,Kurta,3XL,B07JGZSY9W
JNE2262-KR-569-S,JNE2262,Kurta,S,B07CLY4YZQ
JNE2265-KR-501-L,JNE2265,Kurta,L,B07HWMZ61T
JNE2265-KR-501-M,JNE2265,Kurta,M,B07HWR8GQQ
JNE2265-KR-501-S,JNE2265,Kurta,S,B07HWXNLNB
JNE2265-KR-501-XL,JNE2265,Kurta,XL,B07HWRCWF8
JNE2265-KR-501-XS,JNE2265,Kurta,XS,B07JQMV7BN
JNE2265-KR-501-XXL,JNE2265,Kurta,XXL,B07HWR4P68
JNE2266-KR-490-A-L,JNE2266,Kurta,L,B07H7F83PJ
JNE2266-KR-490-A-M,JNE2266,Kurta,M,B07H7CNFSG
JNE2266-KR-490-A-S,JNE2266,Kurta,S,B07H7DZXHV
JNE2266-KR-490-A-XL,JNE2266,Kurta,XL,B07H7BYHJQ
JNE2266-KR-490-A-XS,JNE2266,Kurta,XS,B07HYSKFJD
JNE2266-KR-490-A-XXL,JNE2266,Kurta,XXL,B07H7CY3T2
JNE2270-KR-487-A-L,JNE2270,Kurta,L,B07H7FBV3Z
JNE2270-KR-487-A-M,JNE2270,Kurta,M,B07H7FZD32
JNE2270-KR-487-A-S,JNE2270,Kurta,S,B07H7DGF1T
JNE2270-KR-487-A-XL,JNE2270,Kurta,XL,B07H7F6SKC
JNE2270-KR-487-A-XS,JNE2270,Kurta,XS,B07H7D5STQ
JNE2270-KR-487-A-XXL,JNE2270,Kurta,XXL,B07H7DZXJ5
JNE2291-KR-602-L,JNE2291,Kurta,L,B07GRVC75J
JNE2291-KR-602-M,JNE2291,Kurta,M,B07GRSW1NT
JNE2291-KR-602-S,JNE2291,Kurta,S,B07GRVDT51
JNE2291-KR-602-XL,JNE2291,Kurta,XL,B07GRRDQ2V
JNE2291-KR-602-XS,JNE2291,Kurta,XS,B07HYT4LFQ
JNE2291-KR-602-XXL,JNE2291,Kurta,XXL,B07GRV8MPD
JNE2291-KR-602-XXXL,JNE2291,Kurta,3XL,B07HYS3P54
JNE2292-KR-588-L,JNE2292,Kurta,L,B07GRWZQDB
JNE2293-KR-555-XXL,JNE2293,Kurta,XXL,B07GRXWGTK
JNE2294-KR-A-L,JNE2294,Kurta,L,B09X1VNL92
JNE2294-KR-A-S,JNE2294,Kurta,S,B09X1T33RM
JNE2294-KR-A-XL,JNE2294,Kurta,XL,B09X1TQTGX
JNE2294-KR-A-XS,JNE2294,Kurta,XS,B09X1WK39B
JNE2294-KR-A-XXL,JNE2294,Kurta,XXL,B09X1WWP88
JNE2294-KR-A-XXXL,JNE2294,Kurta,3XL,B09X1T6ND1
JNE2300-KR-594-A-S,JNE2300,Kurta,S,B07H7FBBTH
JNE2302-KR-595-G-M,JNE2302,Kurta,M,B07J1HY8P6
JNE2305-KR-533-L,JNE2305,Kurta,L,B07GRSCXCP
JNE2305-KR-533-M,JNE2305,Kurta,M,B07GRSF1FC
JNE2305-KR-533-S,JNE2305,Kurta,S,B07GRVXGV9
JNE2305-KR-533-XL,JNE2305,Kurta,XL,B07GRQVB2G
JNE2305-KR-533-XS,JNE2305,Kurta,XS,B07HYT8XL9
JNE2305-KR-533-XXL,JNE2305,Kurta,XXL,B07GRRLW2H
JNE2307-KR-572-L,JNE2307,Kurta,L,B07JK3ZSHN
JNE2307-KR-572-M,JNE2307,Kurta,M,B07JKQ3CGF
JNE2307-KR-572-XL,JNE2307,Kurta,XL,B07JKZHQW8
JNE2307-KR-572-XXL,JNE2307,Kurta,XXL,B07JK3ZR8N
JNE2309-KR-598-L,JNE2309,Kurta,L,B07HWT5SGM
JNE2321-KR-576-L,JNE2321,Kurta,L,B07M5S95B1
JNE2323-KR-574-XS,JNE2323,Kurta,XS,B07MY1MH8D
JNE2324-KR-575-XXL,JNE2324,Kurta,XXL,B07P5R1WKZ
JNE3030-KR-L,JNE3030,Kurta,L,B07JL7ZXSN
JNE3030-KR-M,JNE3030,Kurta,M,B07JKQ4HG1
JNE3030-KR-S,JNE3030,Kurta,S,B07JL2M1KM
JNE3030-KR-XL,JNE3030,Kurta,XL,B07JKZNYPH
JNE3030-KR-XS,JNE3030,Kurta,XS,B07JKQ3ZBT
JNE3030-KR-XXL,JNE3030,Kurta,XXL,B07JL3S25P
JNE3030-KR-XXXL,JNE3030,Kurta,3XL,B07JKYXKBJ
JNE3042-KR-L,JNE3042,Kurta,L,B07JK3ZRW3
JNE3042-KR-M,JNE3042,Kurta,M,B07JKYX5RL
JNE3042-KR-S,JNE3042,Kurta,S,B07JLD2SKN
JNE3042-KR-XL,JNE3042,Kurta,XL,B07JKYYYGM
JNE3042-KR-XS,JNE3042,Kurta,XS,B07K596DLX
JNE3042-KR-XXL,JNE3042,Kurta,XXL,B07JL9S978
JNE3042-KR-XXXL,JNE3042,Kurta,3XL,B07K582DMT
JNE3062-KR-M,JNE3062,Kurta,M,B07HWTX46K
JNE3065-KR-L,JNE3065,Kurta,L,B07HX3PL79
JNE3065-KR-M,JNE3065,Kurta,M,B07HWMGKPX
JNE3065-KR-S,JNE3065,Kurta,S,B07HWPYY3S
JNE3065-KR-XL,JNE3065,Kurta,XL,B07HWVCR9H
JNE3065-KR-XXL,JNE3065,Kurta,XXL,B07HWXSD8R
JNE3068-KR-A-L,JNE3068,Kurta,L,B07H7D7NJZ
JNE3068-KR-A-M,JNE3068,Kurta,M,B07H7CRJZ4
JNE3068-KR-A-S,JNE3068,Kurta,S,B07H7DCJVZ
JNE3068-KR-A-XL,JNE3068,Kurta,XL,B07H7F97S4
JNE3068-KR-A-XXL,JNE3068,Kurta,XXL,B07H7DD9D5
JNE3144-KR-S,JNE3144,Kurta,S,B07JKZXBC3
JNE3157-KR-M,JNE3157,Kurta,M,B07JKQ3DTS
JNE3160-KR-G-L,JNE3160,Kurta,L,B07K3R51CL
JNE3160-KR-G-M,JNE3160,Kurta,M,B07K41S1J4
JNE3160-KR-G-S,JNE3160,Kurta,S,B07K3YQLF1
JNE3160-KR-G-XL,JNE3160,Kurta,XL,B07K4C1KTB
JNE3160-KR-G-XS,JNE3160,Kurta,XS,B07K3YMN5Q
JNE3160-KR-G-XXL,JNE3160,Kurta,XXL,B07K44CD3P
JNE3160-KR-G-XXXL,JNE3160,Kurta,3XL,B07K3VQMML
JNE3160-KR-L,JNE3160,Kurta,L,B07K34C782
JNE3160-KR-M,JNE3160,Kurta,M,B07K31YKQM
JNE3160-KR-S,JNE3160,Kurta,S,B07K3432K9
JNE3160-KR-XL,JNE3160,Kurta,XL,B07K32KPS2
JNE3160-KR-XS,JNE3160,Kurta,XS,B07K329NJ2
JNE3160-KR-XXL,JNE3160,Kurta,XXL,B07K32X6RR
JNE3160-KR-XXXL,JNE3160,Kurta,3XL,B07K31RBXQ
JNE3220-KR-XXL,JNE3220,Kurta,XXL,B07KXKD53V
JNE3225-KR-L,JNE3225,Kurta,L,B07MY1RZL9
JNE3225-KR-M,JNE3225,Kurta,M,B07MY1GQHY
JNE3225-KR-S,JNE3225,Kurta,S,B07MXZBFY5
JNE3225-KR-XL,JNE3225,Kurta,XL,B07MXZV197
JNE3225-KR-XS,JNE3225,Kurta,XS,B07MY15Y3J
JNE3225-KR-XXL,JNE3225,Kurta,XXL,B07MXZT6LH
JNE3225-KR-XXXL,JNE3225,Kurta,3XL,B07MY19YD4
JNE3234-KR-M,JNE3234,Kurta,M,B07P9YCGW5
JNE3251-KR-L,JNE3251,Kurta,L,B07WF6KYQL
JNE3251-KR-M,JNE3251,Kurta,M,B07W8G8K5W
JNE3251-KR-XL,JNE3251,Kurta,XL,B07WF6K53C
JNE3252-KR-L,JNE3252,Kurta,L,B07R41NFLV
JNE3252-KR-M,JNE3252,Kurta,M,B07R3KN99X
JNE3252-KR-S,JNE3252,Kurta,S,B07R3KM9JM
JNE3252-KR-XL,JNE3252,Kurta,XL,B07R51PS5L
JNE3252-KR-XS,JNE3252,Kurta,XS,B07R5XG4MP
JNE3252-KR-XXL,JNE3252,Kurta,XXL,B07R5WHRWL
JNE3252-KR-XXXL,JNE3252,Kurta,3XL,B07R3KNLWD
JNE3253-KR-M,JNE3253,Kurta,M,B07R521KG3
JNE3253-KR-XL,JNE3253,Kurta,XL,B07R524CKL
JNE3255-KR-L,JNE3255,Kurta,L,B07P7VDDF2
JNE3255-KR-M,JNE3255,Kurta,M,B07P5RZ69N
JNE3255-KR-S,JNE3255,Kurta,S,B07P9YFX7L
JNE3255-KR-XL,JNE3255,Kurta,XL,B07P5RYJ5T
JNE3255-KR-XS,JNE3255,Kurta,XS,B07P5RZF61
JNE3255-KR-XXL,JNE3255,Kurta,XXL,B07PB1JMKG
JNE3255-KR-XXXL,JNE3255,Kurta,3XL,B07P6QBFBW
JNE3256-KR-L,JNE3256,Kurta,L,B07RRV944D
JNE3256-KR-M,JNE3256,Kurta,M,B07RQSTQLK
JNE3256-KR-S,JNE3256,Kurta,S,B07RSXBLYG
JNE3256-KR-XL,JNE3256,Kurta,XL,B07RRVXPMR
JNE3256-KR-XS,JNE3256,Kurta,XS,B07RRX2NPB
JNE3256-KR-XXL,JNE3256,Kurta,XXL,B07RRWXRJQ
JNE3256-KR-XXXL,JNE3256,Kurta,3XL,B07RSWN1C4
JNE3257-KR-L,JNE3257,Kurta,L,B07RRV45GF
JNE3257-KR-M,JNE3257,Kurta,M,B07RPVCT7W
JNE3257-KR-S,JNE3257,Kurta,S,B07RRW4LPM
JNE3257-KR-XL,JNE3257,Kurta,XL,B07RQSRZV1
JNE3257-KR-XXL,JNE3257,Kurta,XXL,B07RPVC66L
JNE3261-KR-L,JNE3261,Kurta,L,B07R5X9KHS
JNE3261-KR-M,JNE3261,Kurta,M,B07R5X3499
JNE3261-KR-S,JNE3261,Kurta,S,B07R41PW8D
JNE3261-KR-XL,JNE3261,Kurta,XL,B07R5X6P32
JNE3261-KR-XS,JNE3261,Kurta,XS,B07R51QXZD
JNE3261-KR-XXL,JNE3261,Kurta,XXL,B07R5WHLJD
JNE3261-KR-XXXL,JNE3261,Kurta,3XL,B07R5WN6NZ
JNE3265-KR-L,JNE3265,Kurta,L,B07R4ZMLC9
JNE3265-KR-M,JNE3265,Kurta,M,B07R527BFQ
JNE3265-KR-S,JNE3265,Kurta,S,B07R52BR8Q
JNE3265-KR-XL,JNE3265,Kurta,XL,B07R5WRWSH
JNE3265-KR-XXL,JNE3265,Kurta,XXL,B07R51NJC2
JNE3270-KR-L,JNE3270,Kurta,L,B07R41MNN3
JNE3270-KR-M,JNE3270,Kurta,M,B07R529SS6
JNE3270-KR-S,JNE3270,Kurta,S,B07R528PNR
JNE3270-KR-XL,JNE3270,Kurta,XL,B07R5YKMJG
JNE3270-KR-XS,JNE3270,Kurta,XS,B07R5WFM9L
JNE3270-KR-XXL,JNE3270,Kurta,XXL,B07R5WXSC2
JNE3270-KR-XXXL,JNE3270,Kurta,3XL,B07R3KNV9X
JNE3273-KR-L,JNE3273,Kurta,L,B07R521SW3
JNE3273-KR-M,JNE3273,Kurta,M,B07R527HMX
JNE3273-KR-S,JNE3273,Kurta,S,B07R3KMKHR
JNE3273-KR-XL,JNE3273,Kurta,XL,B07R3KLK6T
JNE3273-KR-XS,JNE3273,Kurta,XS,B07R5XJFR6
JNE3273-KR-XXL,JNE3273,Kurta,XXL,B07R5X9V7R
JNE3273-KR-XXXL,JNE3273,Kurta,3XL,B07R41N7P1
JNE3276-KR-XXL,JNE3276,Kurta,XXL,B07R527RH4
JNE3276-KR-XXXL,JNE3276,Kurta,3XL,B07R3KP7JF
JNE3279-KR-A-S,JNE3279,Kurta,S,B07XXSXYBT
JNE3279-KR-A-XS,JNE3279,Kurta,XS,B07XM6GFZ5
JNE3279-KR-A-XXL,JNE3279,Kurta,XXL,B07XXW5NQG
JNE3279-KR-A-XXXL,JNE3279,Kurta,3XL,B07XXV7MPT
JNE3281-KR-XL,JNE3281,Kurta,XL,B07R3KRTMM
JNE3284-KR-M,JNE3284,Kurta,M,B07R41R515
JNE3284-KR-S,JNE3284,Kurta,S,B07R5WHFHG
JNE3284-KR-XL,JNE3284,Kurta,XL,B07R5WJGRT
JNE3284-KR-XXL,JNE3284,Kurta,XXL,B07R3KQQSD
JNE3288-KR-L,JNE3288,Kurta,L,B07R51FQDF
JNE3288-KR-M,JNE3288,Kurta,M,B07R4ZNMX6
JNE3288-KR-S,JNE3288,Kurta,S,B07R4Y122H
JNE3288-KR-XL,JNE3288,Kurta,XL,B07R5X4SSC
JNE3288-KR-XS,JNE3288,Kurta,XS,B07R527W6G
JNE3288-KR-XXL,JNE3288,Kurta,XXL,B07R5YSBYB
JNE3288-KR-XXXL,JNE3288,Kurta,3XL,B07R4ZW67L
JNE3291-KR-L,JNE3291,Kurta,L,B07R5X9WJB
JNE3291-KR-M,JNE3291,Kurta,M,B07R52578F
JNE3291-KR-S,JNE3291,Kurta,S,B07R41RHRH
JNE3291-KR-XL,JNE3291,Kurta,XL,B07R4XJNW3
JNE3291-KR-XS,JNE3291,Kurta,XS,B082TTV7WX
JNE3291-KR-XXL,JNE3291,Kurta,XXL,B07R41RZV7
JNE3291-KR-XXXL,JNE3291,Kurta,3XL,B07R5XKXL4
JNE3294-KR-L,JNE3294,Kurta,L,B07R5WM5YR
JNE3294-KR-M,JNE3294,Kurta,M,B07R52G8ZN
JNE3294-KR-S,JNE3294,Kurta,S,B07R5W78SS
JNE3294-KR-XL,JNE3294,Kurta,XL,B07R3KS3DN
JNE3294-KR-XS,JNE3294,Kurta,XS,B07R41QNJQ
JNE3294-KR-XXL,JNE3294,Kurta,XXL,B07R41S1YG
JNE3294-KR-XXXL,JNE3294,Kurta,3XL,B07R5XFLN3
JNE3296-KR-L,JNE3296,Kurta,L,B07RQSQSVY
JNE3296-KR-M,JNE3296,Kurta,M,B07RRVZ4W4
JNE3296-KR-S,JNE3296,Kurta,S,B07RSXMQC2
JNE3296-KR-XL,JNE3296,Kurta,XL,B07RQRCTHM
JNE3296-KR-XXL,JNE3296,Kurta,XXL,B07RRVK3Z2
JNE3311-KR-A-XS,JNE3311,Kurta,XS,B07XJ15Q1S
JNE3311-KR-L,JNE3311,Kurta,L,B07SG84CMM
JNE3311-KR-M,JNE3311,Kurta,M,B07SNP2Z5V
JNE3311-KR-S,JNE3311,Kurta,S,B07SHBWH9K
JNE3311-KR-XL,JNE3311,Kurta,XL,B07SMNC6CQ
JNE3311-KR-XS,JNE3311,Kurta,XS,B07SHBLS7R
JNE3311-KR-XXL,JNE3311,Kurta,XXL,B07XHM5LQ8
JNE3311-KR-XXXL,JNE3311,Kurta,3XL,B07SMNWWG9
JNE3313-KR-A-L,JNE3313,Kurta,L,B07SGC466T
JNE3313-KR-A-M,JNE3313,Kurta,M,B07XJ4FGKZ
JNE3313-KR-A-S,JNE3313,Kurta,S,B07XHLJ9XQ
JNE3313-KR-A-XL,JNE3313,Kurta,XL,B07XHM32J9
JNE3313-KR-A-XS,JNE3313,Kurta,XS,B07SHC649M
JNE3313-KR-A-XXL,JNE3313,Kurta,XXL,B07SMNGTKQ
JNE3313-KR-A-XXXL,JNE3313,Kurta,3XL,B07SHCJLTR
JNE3313-KR-M,JNE3313,Kurta,M,B07SNPMTJK
JNE3313-KR-S,JNE3313,Kurta,S,B07SNPJPMV
JNE3313-KR-XL,JNE3313,Kurta,XL,B07SHC29LN
JNE3313-KR-XS,JNE3313,Kurta,XS,B07SHC649M
JNE3313-KR-XXL,JNE3313,Kurta,XXL,B07SMNGTKQ
JNE3313-KR-XXXL,JNE3313,Kurta,3XL,B07SHCJLTR
JNE3323-KR-A-L,JNE3323,Kurta,L,B07ZYSBXJ7
JNE3323-KR-A-M,JNE3323,Kurta,M,B07ZYQYZMZ
JNE3323-KR-A-S,JNE3323,Kurta,S,B07ZYQQBPV
JNE3323-KR-A-XL,JNE3323,Kurta,XL,B07ZYSMQC2
JNE3323-KR-A-XS,JNE3323,Kurta,XS,B07ZYT498K
JNE3323-KR-A-XXXL,JNE3323,Kurta,3XL,B07ZYSM62N
JNE3323-KR-L,JNE3323,Kurta,L,B07WV3V8RH
JNE3323-KR-M,JNE3323,Kurta,M,B07WW4LF5T
JNE3323-KR-S,JNE3323,Kurta,S,B07WP5DKF9
JNE3323-KR-XS,JNE3323,Kurta,XS,B07WV1W874
JNE3323-KR-XXXL,JNE3323,Kurta,3XL,B07WS17X3T
JNE3334-KR-L,JNE3334,Kurta,L,B07S8VQ9Y4
JNE3334-KR-M,JNE3334,Kurta,M,B07S8WG31H
JNE3334-KR-S,JNE3334,Kurta,S,B07S8W5MFP
JNE3334-KR-XL,JNE3334,Kurta,XL,B07S8WFN2J
JNE3334-KR-XXL,JNE3334,Kurta,XXL,B07SBYCJ74
JNE3336-KR-M,JNE3336,Kurta,M,B082W896SR
JNE3336-KR-S,JNE3336,Kurta,S,B082W83JTX
JNE3336-KR-XL,JNE3336,Kurta,XL,B082W7MG83
JNE3336-KR-XS,JNE3336,Kurta,XS,B082W7WY5S
JNE3338-KR-S,JNE3338,Kurta,S,B07WV4C9JP
JNE3339-KR-XS,JNE3339,Kurta,XS,B07S9YCXW1
JNE3342-KR-S,JNE3342,Kurta,S,B07WP5HGBM
JNE3344-KR-L,JNE3344,Kurta,L,B07S9YSSP6
JNE3346-KR-M,JNE3346,Kurta,M,B07WS17JHK
JNE3346-KR-XL,JNE3346,Kurta,XL,B07WW6CWT5
JNE3346-KR-XXL,JNE3346,Kurta,XXL,B07WP5GTCV
JNE3348-KR-L,JNE3348,Kurta,L,B07ZYSFZ4M
JNE3348-KR-M,JNE3348,Kurta,M,B07ZYSRRQR
JNE3348-KR-S,JNE3348,Kurta,S,B07ZYRP2PG
JNE3348-KR-XL,JNE3348,Kurta,XL,B07ZYQQZ28
JNE3348-KR-XS,JNE3348,Kurta,XS,B07ZYT3LTD
JNE3348-KR-XXL,JNE3348,Kurta,XXL,B07ZYP7WR7
JNE3348-KR-XXXL,JNE3348,Kurta,3XL,B07ZYRVW58
JNE3351-KR-XL,JNE3351,Kurta,XL,B07WS16X57
JNE3355-KR-XL,JNE3355,Kurta,XL,B07WY55SNV
JNE3359-KR-L,JNE3359,Kurta,L,B07ZYSRBT1
JNE3359-KR-M,JNE3359,Kurta,M,B07ZYSNDRL
JNE3359-KR-S,JNE3359,Kurta,S,B07ZYPF8SV
JNE3359-KR-XL,JNE3359,Kurta,XL,B07ZYQ1BWH
JNE3359-KR-XXL,JNE3359,Kurta,XXL,B07ZYRRL74
JNE3360-KR-S,JNE3360,Kurta,S,B07XMRHHPF
JNE3362-KR-XXXL,JNE3362,Kurta,3XL,B081X47B3P
JNE3363-KR-1032-L,JNE3363,Kurta,L,B07T3ZRHR8
JNE3363-KR-1032-M,JNE3363,Kurta,M,B07T655XGF
JNE3363-KR-1032-S,JNE3363,Kurta,S,B07T542C2Y
JNE3363-KR-1032-XL,JNE3363,Kurta,XL,B07T542WY1
JNE3363-KR-1032-XS,JNE3363,Kurta,XS,B07T2Y2PZZ
JNE3363-KR-1032-XXL,JNE3363,Kurta,XXL,B07T62PKNM
JNE3363-KR-1032-XXXL,JNE3363,Kurta,3XL,B07T1XDM5P
JNE3364-KR-1051-A-L,JNE3364,Kurta,L,B07WP5G7MK
JNE3364-KR-1051-A-M,JNE3364,Kurta,M,B07WP5HXW3
JNE3364-KR-1051-A-S,JNE3364,Kurta,S,B07WT53CQZ
JNE3364-KR-1051-A-XL,JNE3364,Kurta,XL,B07WT55S56
JNE3364-KR-1051-A-XS,JNE3364,Kurta,XS,B07WP5J1L6
JNE3364-KR-1051-A-XXL,JNE3364,Kurta,XXL,B07WW51DFC
JNE3364-KR-1051-A-XXXL,JNE3364,Kurta,3XL,B07WW89977
JNE3364-KR-1051-L,JNE3364,Kurta,L,B07T64Y34W
JNE3364-KR-1051-M,JNE3364,Kurta,M,B07T541V71
JNE3364-KR-1051-S,JNE3364,Kurta,S,B07T63L567
JNE3364-KR-1051-XL,JNE3364,Kurta,XL,B07T3ZRZ1D
JNE3364-KR-1051-XS,JNE3364,Kurta,XS,B07T1XCJWC
JNE3364-KR-1051-XXL,JNE3364,Kurta,XXL,B07T5421QP
JNE3364-KR-1051-XXXL,JNE3364,Kurta,3XL,B07T2Y26QM
JNE3365-KR-1052-A-L,JNE3365,Kurta,L,B07WP5GQKV
JNE3365-KR-1052-A-M,JNE3365,Kurta,M,B07WP5DYSW
JNE3365-KR-1052-A-S,JNE3365,Kurta,S,B07WS14TZY
JNE3365-KR-1052-A-XL,JNE3365,Kurta,XL,B07WV4M3RF
JNE3365-KR-1052-A-XS,JNE3365,Kurta,XS,B07WS16Z76
JNE3365-KR-1052-A-XXL,JNE3365,Kurta,XXL,B07WS16S4C
JNE3365-KR-1052-A-XXXL,JNE3365,Kurta,3XL,B07WP5HGBG
JNE3365-KR-1052-L,JNE3365,Kurta,L,B07T2Y34T2
JNE3365-KR-1052-M,JNE3365,Kurta,M,B07T3ZR9M6
JNE3365-KR-1052-S,JNE3365,Kurta,S,B07T2Y3LFY
JNE3365-KR-1052-XL,JNE3365,Kurta,XL,B07SZSZHCN
JNE3366-KR-1053-A-L,JNE3366,Kurta,L,B07WV3LBWZ
JNE3366-KR-1053-A-XS,JNE3366,Kurta,XS,B07WW4LQVZ
JNE3366-KR-1053-A-XXL,JNE3366,Kurta,XXL,B07WW7228S
JNE3366-KR-1053-A-XXXL,JNE3366,Kurta,3XL,B07WV1W876
JNE3366-KR-1053-L,JNE3366,Kurta,L,B07T65WM8Q
JNE3366-KR-1053-M,JNE3366,Kurta,M,B07T1XCJWG
JNE3366-KR-1053-S,JNE3366,Kurta,S,B07T65CC1N
JNE3366-KR-1053-XL,JNE3366,Kurta,XL,B07T542CKK
JNE3366-KR-1053-XS,JNE3366,Kurta,XS,B07T65YSP5
JNE3366-KR-1053-XXL,JNE3366,Kurta,XXL,B07SZSYB81
JNE3366-KR-1053-XXXL,JNE3366,Kurta,3XL,B07SZSYNQ9
JNE3368-KR-L,JNE3368,Kurta,L,B081X4S825
JNE3368-KR-M,JNE3368,Kurta,M,B081XDBBSH
JNE3368-KR-S,JNE3368,Kurta,S,B081WYJ6CV
JNE3368-KR-XL,JNE3368,Kurta,XL,B081X921QM
JNE3368-KR-XS,JNE3368,Kurta,XS,B081WX6MFJ
JNE3368-KR-XXL,JNE3368,Kurta,XXL,B081WSWWL7
JNE3368-KR-XXXL,JNE3368,Kurta,3XL,B0828PD16L
JNE3369-KR-L,JNE3369,Kurta,L,B081X25SZB
JNE3369-KR-M,JNE3369,Kurta,M,B081WT2JNL
JNE3369-KR-S,JNE3369,Kurta,S,B081WPRGQ3
JNE3369-KR-XL,JNE3369,Kurta,XL,B081WRV647
JNE3369-KR-XS,JNE3369,Kurta,XS,B081X83TG6
JNE3369-KR-XXL,JNE3369,Kurta,XXL,B081X7NP3Y
JNE3369-KR-XXXL,JNE3369,Kurta,3XL,B081WQLSMD
JNE3370-KR-L,JNE3370,Kurta,L,B081WX6VKM
JNE3370-KR-S,JNE3370,Kurta,S,B081X6MVKK
JNE3370-KR-XXL,JNE3370,Kurta,XXL,B081X7XWMB
JNE3371-KR-M,JNE3371,Kurta,M,B07WP5HRMB
JNE3371-KR-S,JNE3371,Kurta,S,B07WS16S49
JNE3371-KR-XL,JNE3371,Kurta,XL,B07WV4JV4D
JNE3371-KR-XS,JNE3371,Kurta,XS,B07WV3H2CR
JNE3371-KR-XXL,JNE3371,Kurta,XXL,B07WP5FFS8
JNE3371-KR-XXXL,JNE3371,Kurta,3XL,B07WS16LKW
JNE3373-KR-L,JNE3373,Kurta,L,B082W7GVH7
JNE3373-KR-M,JNE3373,Kurta,M,B082W8F8P3
JNE3373-KR-S,JNE3373,Kurta,S,B082W7DFR9
JNE3373-KR-XL,JNE3373,Kurta,XL,B082W8BXW1
JNE3373-KR-XS,JNE3373,Kurta,XS,B082W872VQ
JNE3373-KR-XXL,JNE3373,Kurta,XXL,B082W8RWN1
JNE3373-KR-XXXL,JNE3373,Kurta,3XL,B082W7MZVQ
JNE3375-KR-S,JNE3375,Kurta,S,B07ZYSLVSQ
JNE3375-KR-XXXL,JNE3375,Kurta,3XL,B07ZYSBLYX
JNE3376-KR-L,JNE3376,Kurta,L,B082W8M4CZ
JNE3376-KR-M,JNE3376,Kurta,M,B082W7HW86
JNE3376-KR-S,JNE3376,Kurta,S,B082W7Z6YP
JNE3376-KR-XL,JNE3376,Kurta,XL,B082W7W7W3
JNE3376-KR-XS,JNE3376,Kurta,XS,B082W82DQY
JNE3376-KR-XXL,JNE3376,Kurta,XXL,B082W83K7S
JNE3376-KR-XXXL,JNE3376,Kurta,3XL,B082W7W7W4
JNE3383-KR-A-L,JNE3383,Kurta,L,B081WV46SR
JNE3383-KR-A-M,JNE3383,Kurta,M,B081X2TYBM
JNE3383-KR-A-S,JNE3383,Kurta,S,B081X19MSK
JNE3383-KR-A-XL,JNE3383,Kurta,XL,B081X8C7PK
JNE3383-KR-A-XS,JNE3383,Kurta,XS,B081X21VCP
JNE3383-KR-A-XXL,JNE3383,Kurta,XXL,B081X4MMK9
JNE3383-KR-A-XXXL,JNE3383,Kurta,3XL,B081X8MCF1
JNE3384-KR-L,JNE3384,Kurta,L,B084KLHMJF
JNE3384-KR-M,JNE3384,Kurta,M,B084KYYXR3
JNE3384-KR-S,JNE3384,Kurta,S,B084KRG3FY
JNE3384-KR-XL,JNE3384,Kurta,XL,B084KTCL3P
JNE3384-KR-XS,JNE3384,Kurta,XS,B084KHRNKJ
JNE3384-KR-XXL,JNE3384,Kurta,XXL,B084KJS373
JNE3384-KR-XXXL,JNE3384,Kurta,3XL,B084KJFN62
JNE3386-KR-XS,JNE3386,Kurta,XS,B083ZTP2DP
JNE3387-KR-M,JNE3387,Kurta,M,B081WZC8X6
JNE3388-KR-L,JNE3388,Kurta,L,B082W81H77
JNE3389-KR-A-L,JNE3389,Kurta,L,B083SMFDDQ
JNE3389-KR-A-M,JNE3389,Kurta,M,B083SL8FDL
JNE3389-KR-A-XS,JNE3389,Kurta,XS,B083SN3D8R
JNE3389-KR-A-XXL,JNE3389,Kurta,XXL,B083SLRXQ2
JNE3389-KR-A-XXXL,JNE3389,Kurta,3XL,B083SMYXS1
JNE3389-KR-S,JNE3389,Kurta,S,B081X375NW
JNE3389-KR-XL,JNE3389,Kurta,XL,B081WPK3QW
JNE3389-KR-XS,JNE3389,Kurta,XS,B081X163ZC
JNE3390-KR-S,JNE3390,Kurta,S,B081WY9B3W
JNE3391-KR-L,JNE3391,Kurta,L,B081X8RQQ7
JNE3391-KR-M,JNE3391,Kurta,M,B081X59FVC
JNE3391-KR-S,JNE3391,Kurta,S,B081X3CP46
JNE3391-KR-XL,JNE3391,Kurta,XL,B081X5GTH3
JNE3391-KR-XS,JNE3391,Kurta,XS,B081X3SZY8
JNE3391-KR-XXL,JNE3391,Kurta,XXL,B081WYHTF2
JNE3391-KR-XXXL,JNE3391,Kurta,3XL,B081WV46SS
JNE3394-KR-A-M,JNE3394,Kurta,M,B083SML1G7
JNE3394-KR-A-S,JNE3394,Kurta,S,B083SMH6R8
JNE3394-KR-A-XL,JNE3394,Kurta,XL,B083SLWN34
JNE3394-KR-A-XS,JNE3394,Kurta,XS,B083SMB3D6
JNE3394-KR-L,JNE3394,Kurta,L,B083SMRCG9
JNE3394-KR-M,JNE3394,Kurta,M,B083SN3BWB
JNE3394-KR-S,JNE3394,Kurta,S,B083SMP2W2
JNE3394-KR-XXL,JNE3394,Kurta,XXL,B083SMDZ48
JNE3395-KR-L,JNE3395,Kurta,L,B085HQ24NB
JNE3395-KR-M,JNE3395,Kurta,M,B085H9N1Y3
JNE3395-KR-S,JNE3395,Kurta,S,B085H8DX1L
JNE3395-KR-XL,JNE3395,Kurta,XL,B085HKMH18
JNE3395-KR-XXL,JNE3395,Kurta,XXL,B085HGPY7R
JNE3395-KR-XXXL,JNE3395,Kurta,3XL,B085HMQ2RT
JNE3396-KR-L,JNE3396,Kurta,L,B083ZZ3996
JNE3396-KR-M,JNE3396,Kurta,M,B083ZZZ7W5
JNE3396-KR-S,JNE3396,Kurta,S,B083ZZFDDC
JNE3396-KR-XL,JNE3396,Kurta,XL,B083ZZGZBV
JNE3396-KR-XS,JNE3396,Kurta,XS,B083ZZ75GR
JNE3396-KR-XXL,JNE3396,Kurta,XXL,B083ZZD62Q
JNE3396-KR-XXXL,JNE3396,Kurta,3XL,B083ZZ8869
JNE3398-KR-S,JNE3398,Kurta,S,B082W7JNJN
JNE3398-KR-XL,JNE3398,Kurta,XL,B082W81KNG
JNE3398-KR-XS,JNE3398,Kurta,XS,B082W878X1
JNE3398-KR-XXXL,JNE3398,Kurta,3XL,B082W875HS
JNE3399-KR-L,JNE3399,Kurta,L,B082W8354V
JNE3399-KR-M,JNE3399,Kurta,M,B082W84Q2J
JNE3399-KR-S,JNE3399,Kurta,S,B082W87NQF
JNE3399-KR-XL,JNE3399,Kurta,XL,B082W8B28G
JNE3399-KR-XS,JNE3399,Kurta,XS,B082W8DNQX
JNE3399-KR-XXL,JNE3399,Kurta,XXL,B082W891PY
JNE3399-KR-XXXL,JNE3399,Kurta,3XL,B082W7Y2KY
JNE3400-KR-L,JNE3400,Kurta,L,B083SMN2D7
JNE3400-KR-M,JNE3400,Kurta,M,B083SMJ92Y
JNE3400-KR-S,JNE3400,Kurta,S,B083SN3PKF
JNE3400-KR-XL,JNE3400,Kurta,XL,B083SM2T9C
JNE3400-KR-XS,JNE3400,Kurta,XS,B083SMQCTY
JNE3400-KR-XXL,JNE3400,Kurta,XXL,B083SNBTL8
JNE3400-KR-XXXL,JNE3400,Kurta,3XL,B09B28JKB2
JNE3401-KR-L,JNE3401,Kurta,L,B082W84VY6
JNE3401-KR-M,JNE3401,Kurta,M,B082W6ZQSV
JNE3401-KR-S,JNE3401,Kurta,S,B082W88H1Z
JNE3401-KR-XL,JNE3401,Kurta,XL,B082W8F36K
JNE3401-KR-XS,JNE3401,Kurta,XS,B082W89PR5
JNE3401-KR-XXL,JNE3401,Kurta,XXL,B082W7S1S8
JNE3401-KR-XXXL,JNE3401,Kurta,3XL,B082W7PFF9
JNE3402-KR-L,JNE3402,Kurta,L,B085HGPLY2
JNE3403-KR-L,JNE3403,Kurta,L,B083172M4H
JNE3403-KR-M,JNE3403,Kurta,M,B083176JF9
JNE3403-KR-S,JNE3403,Kurta,S,B08316ZX2Q
JNE3403-KR-XL,JNE3403,Kurta,XL,B083171RML
JNE3403-KR-XS,JNE3403,Kurta,XS,B083171G6M
JNE3403-KR-XXL,JNE3403,Kurta,XXL,B08316QF5L
JNE3404-KR-L,JNE3404,Kurta,L,B082W7WHB8
JNE3404-KR-M,JNE3404,Kurta,M,B082W7T8ZY
JNE3404-KR-S,JNE3404,Kurta,S,B082W86PT4
JNE3404-KR-XL,JNE3404,Kurta,XL,B082W891VJ
JNE3404-KR-XS,JNE3404,Kurta,XS,B082W7V22Z
JNE3404-KR-XXL,JNE3404,Kurta,XXL,B082W85LKJ
JNE3404-KR-XXXL,JNE3404,Kurta,3XL,B082W81SS9
JNE3405-KR-L,JNE3405,Kurta,L,B081WSCKPQ
JNE3405-KR-M,JNE3405,Kurta,M,B081WVMMCY
JNE3405-KR-S,JNE3405,Kurta,S,B081WX4G4Q
JNE3405-KR-XL,JNE3405,Kurta,XL,B081WT6GG7
JNE3405-KR-XS,JNE3405,Kurta,XS,B081XCMYXJ
JNE3405-KR-XXL,JNE3405,Kurta,XXL,B081WSL2JS
JNE3405-KR-XXXL,JNE3405,Kurta,3XL,B081WZ4T3V
JNE3407-KR-L,JNE3407,Kurta,L,B0893DJL8B
JNE3407-KR-M,JNE3407,Kurta,M,B0893FR8YK
JNE3407-KR-S,JNE3407,Kurta,S,B0893DLLWX
JNE3407-KR-XL,JNE3407,Kurta,XL,B0893DVKH6
JNE3407-KR-XS,JNE3407,Kurta,XS,B0893F2ZVM
JNE3407-KR-XXL,JNE3407,Kurta,XXL,B0893FS7QX
JNE3408-KR-L,JNE3408,Kurta,L,B082W7QZS4
JNE3408-KR-M,JNE3408,Kurta,M,B082W7JQ2D
JNE3408-KR-S,JNE3408,Kurta,S,B082W6RDZG
JNE3408-KR-XL,JNE3408,Kurta,XL,B082W8LKR6
JNE3408-KR-XS,JNE3408,Kurta,XS,B082W8C4RN
JNE3408-KR-XXL,JNE3408,Kurta,XXL,B082W88C84
JNE3408-KR-XXXL,JNE3408,Kurta,3XL,B082W7WJCW
JNE3409-KR-S,JNE3409,Kurta,S,B083ZSHVS6
JNE3412-KR-L,JNE3412,Kurta,L,B0893DDJDL
JNE3412-KR-M,JNE3412,Kurta,M,B0893DP1WQ
JNE3412-KR-S,JNE3412,Kurta,S,B0893FBY9C
JNE3412-KR-XL,JNE3412,Kurta,XL,B0893CPF7H
JNE3412-KR-XS,JNE3412,Kurta,XS,B0893FQFX8
JNE3412-KR-XXL,JNE3412,Kurta,XXL,B0893DHZYM
JNE3412-KR-XXXL,JNE3412,Kurta,3XL,B0893FY7ZC
JNE3413-KR-L,JNE3413,Kurta,L,B084L3GC1D
JNE3413-KR-M,JNE3413,Kurta,M,B084KNJPB1
JNE3413-KR-S,JNE3413,Kurta,S,B084KQ11DZ
JNE3413-KR-XL,JNE3413,Kurta,XL,B084L1W34B
JNE3413-KR-XXXL,JNE3413,Kurta,3XL,B084KXQGPW
JNE3415-KR-M,JNE3415,Kurta,M,B082W86P2W
JNE3415-KR-S,JNE3415,Kurta,S,B082W7Y4YW
JNE3415-KR-XL,JNE3415,Kurta,XL,B082W8SRVT
JNE3415-KR-XS,JNE3415,Kurta,XS,B082W82KQX
JNE3415-KR-XXXL,JNE3415,Kurta,3XL,B082W8JXJ9
JNE3416-KR-L,JNE3416,Kurta,L,B082W7V94R
JNE3416-KR-M,JNE3416,Kurta,M,B082W7ZBTC
JNE3416-KR-S,JNE3416,Kurta,S,B082W7TF2L
JNE3416-KR-XL,JNE3416,Kurta,XL,B082W89YTM
JNE3416-KR-XS,JNE3416,Kurta,XS,B082W851GL
JNE3416-KR-XXL,JNE3416,Kurta,XXL,B082W8HC1X
JNE3417-KR-M,JNE3417,Kurta,M,B082W86TQG
JNE3420-KR-L,JNE3420,Kurta,L,B081WX8QDV
JNE3420-KR-M,JNE3420,Kurta,M,B081X5V5J5
JNE3420-KR-S,JNE3420,Kurta,S,B081X3C29B
JNE3420-KR-XXL,JNE3420,Kurta,XXL,B081X8BVQN
JNE3421-KR-L,JNE3421,Kurta,L,B081WV7Q7C
JNE3421-KR-M,JNE3421,Kurta,M,B081X8HG1G
JNE3421-KR-N-L,JNE3421,Kurta,L,B08TRHPCDQ
JNE3421-KR-N-M,JNE3421,Kurta,M,B08TRHNH61
JNE3421-KR-N-S,JNE3421,Kurta,S,B08TRFYX25
JNE3421-KR-N-XL,JNE3421,Kurta,XL,B08TRHRN6X
JNE3421-KR-N-XXL,JNE3421,Kurta,XXL,B08TRHQDFP
JNE3421-KR-S,JNE3421,Kurta,S,B081WT5H76
JNE3421-KR-XL,JNE3421,Kurta,XL,B081WWLS7F
JNE3421-KR-XXL,JNE3421,Kurta,XXL,B081WWQQ98
JNE3422-KR-L,JNE3422,Kurta,L,B081WS1W2K
JNE3422-KR-M,JNE3422,Kurta,M,B081WTGZ3T
JNE3422-KR-S,JNE3422,Kurta,S,B081WSQZ9C
JNE3422-KR-XL,JNE3422,Kurta,XL,B081X43MWL
JNE3422-KR-XXL,JNE3422,Kurta,XXL,B081WWSSK7
JNE3423-KR-A-L,JNE3423,Kurta,L,B0B3MY5X7C
JNE3423-KR-A-S,JNE3423,Kurta,S,B0B3MYFQP6
JNE3423-KR-A-XL,JNE3423,Kurta,XL,B0B3N1B182
JNE3423-KR-A-XXL,JNE3423,Kurta,XXL,B0B3MYYMZK
JNE3423-KR-L,JNE3423,Kurta,L,B081X4S826
JNE3423-KR-M,JNE3423,Kurta,M,B081WSTXZ9
JNE3423-KR-S,JNE3423,Kurta,S,B081XDD1NK
JNE3423-KR-XL,JNE3423,Kurta,XL,B081WRP562
JNE3423-KR-XXL,JNE3423,Kurta,XXL,B081X5N76H
JNE3424-KR-M,JNE3424,Kurta,M,B083ZSFN8H
JNE3424-KR-XS,JNE3424,Kurta,XS,B083ZSNB2W
JNE3424-KR-XXL,JNE3424,Kurta,XXL,B083ZT4G38
JNE3425-KR-L,JNE3425,Kurta,L,B08317296H
JNE3425-KR-M,JNE3425,Kurta,M,B08316WZM5
JNE3425-KR-S,JNE3425,Kurta,S,B08317DJVC
JNE3425-KR-XL,JNE3425,Kurta,XL,B083178GTW
JNE3425-KR-XXL,JNE3425,Kurta,XXL,B08316YQ82
JNE3425-KR-XXXL,JNE3425,Kurta,3XL,B083178QTX
JNE3426-KR-S,JNE3426,Kurta,S,B085HGVYF2
JNE3426-KR-XS,JNE3426,Kurta,XS,B085HDBKFF
JNE3427-KR-L,JNE3427,Kurta,L,B083177VXY
JNE3427-KR-M,JNE3427,Kurta,M,B08316SB53
JNE3427-KR-S,JNE3427,Kurta,S,B08316Y4XF
JNE3427-KR-XL,JNE3427,Kurta,XL,B0831755RK
JNE3427-KR-XXL,JNE3427,Kurta,XXL,B0831746W2
JNE3428-KR-M,JNE3428,Kurta,M,B083ZSKBP6
JNE3428-KR-S,JNE3428,Kurta,S,B083ZT3VLT
JNE3428-KR-XL,JNE3428,Kurta,XL,B083ZSJH3T
JNE3428-KR-XS,JNE3428,Kurta,XS,B083ZTJ1GC
JNE3429-KR-L,JNE3429,Kurta,L,B0893FC8RW
JNE3429-KR-M,JNE3429,Kurta,M,B0893FXX9Q
JNE3429-KR-S,JNE3429,Kurta,S,B0893FQB7N
JNE3429-KR-XL,JNE3429,Kurta,XL,B0893DJ4TN
JNE3429-KR-XS,JNE3429,Kurta,XS,B0893DNWGP
JNE3429-KR-XXL,JNE3429,Kurta,XXL,B0893FQGM3
JNE3430-KR-XS,JNE3430,Kurta,XS,B082W85VM3
JNE3430-KR-XXL,JNE3430,Kurta,XXL,B082W743N1
JNE3431-KR-L,JNE3431,Kurta,L,B08KRT33W1
JNE3431-KR-M,JNE3431,Kurta,M,B08KRXQRTY
JNE3431-KR-S,JNE3431,Kurta,S,B08KRYLJB5
JNE3431-KR-XL,JNE3431,Kurta,XL,B08KS7M7F7
JNE3431-KR-XS,JNE3431,Kurta,XS,B08KS1MS37
JNE3431-KR-XXL,JNE3431,Kurta,XXL,B08KRZQWTH
JNE3431-KR-XXXL,JNE3431,Kurta,3XL,B08KRWGLL8
JNE3432-KR-L,JNE3432,Kurta,L,B082W7FFD3
JNE3432-KR-M,JNE3432,Kurta,M,B082W814R2
JNE3432-KR-S,JNE3432,Kurta,S,B082W857CX
JNE3432-KR-XL,JNE3432,Kurta,XL,B082W7MNBH
JNE3432-KR-XS,JNE3432,Kurta,XS,B082W85TXS
JNE3432-KR-XXL,JNE3432,Kurta,XXL,B082W7GR36
JNE3432-KR-XXXL,JNE3432,Kurta,3XL,B082W87JBJ
JNE3434-KR-L,JNE3434,Kurta,L,B081X7WXV5
JNE3434-KR-M,JNE3434,Kurta,M,B081WZ8S6B
JNE3434-KR-S,JNE3434,Kurta,S,B081X6FK8B
JNE3434-KR-XL,JNE3434,Kurta,XL,B081X21VCN
JNE3434-KR-XS,JNE3434,Kurta,XS,B09B2BL58F
JNE3434-KR-XXL,JNE3434,Kurta,XXL,B081X3B7PP
JNE3434-KR-XXXL,JNE3434,Kurta,3XL,B09B2C6GF2
JNE3435-KR-L,JNE3435,Kurta,L,B081WTF1MP
JNE3435-KR-M,JNE3435,Kurta,M,B081WQ6MDB
JNE3435-KR-S,JNE3435,Kurta,S,B081X6J7GN
JNE3435-KR-XL,JNE3435,Kurta,XL,B081WYWR8P
JNE3435-KR-XS,JNE3435,Kurta,XS,B09B2B3JJH
JNE3435-KR-XXL,JNE3435,Kurta,XXL,B081WT2V3L
JNE3435-KR-XXXL,JNE3435,Kurta,3XL,B09B29T54B
JNE3436-KR-S,JNE3436,Kurta,S,B081X3C299
JNE3436-KR-XL,JNE3436,Kurta,XL,B081WYGJFV
JNE3436-KR-XS,JNE3436,Kurta,XS,B09B2CHTQK
JNE3437-KR-L,JNE3437,Kurta,L,B085HMZBP2
JNE3437-KR-M,JNE3437,Kurta,M,B085HP1LQR
JNE3437-KR-S,JNE3437,Kurta,S,B085HGB1GT
JNE3437-KR-XL,JNE3437,Kurta,XL,B085HM8VTK
JNE3437-KR-XS,JNE3437,Kurta,XS,B085HPJWKG
JNE3437-KR-XXL,JNE3437,Kurta,XXL,B085HJXJ3M
JNE3437-KR-XXXL,JNE3437,Kurta,3XL,B085HH6VWN
JNE3438-KR-L,JNE3438,Kurta,L,B0893DN5BW
JNE3438-KR-M,JNE3438,Kurta,M,B0893DX1HN
JNE3438-KR-S,JNE3438,Kurta,S,B0893FK1DZ
JNE3438-KR-XL,JNE3438,Kurta,XL,B0893DN1TK
JNE3438-KR-XS,JNE3438,Kurta,XS,B0893FZX69
JNE3438-KR-XXL,JNE3438,Kurta,XXL,B0893DRCK6
JNE3438-KR-XXXL,JNE3438,Kurta,3XL,B0893DRKK7
JNE3439-KR-L,JNE3439,Kurta,L,B081WZDHB3
JNE3439-KR-M,JNE3439,Kurta,M,B081WSGX1L
JNE3439-KR-S,JNE3439,Kurta,S,B081X513P3
JNE3439-KR-XL,JNE3439,Kurta,XL,B081X4KQ14
JNE3439-KR-XS,JNE3439,Kurta,XS,B09B2CLBQB
JNE3439-KR-XXL,JNE3439,Kurta,XXL,B081WZ7M52
JNE3439-KR-XXXL,JNE3439,Kurta,3XL,B09B2BB99M
JNE3440-KR-N-L,JNE3440,Kurta,L,B081X7JHBC
JNE3440-KR-N-M,JNE3440,Kurta,M,B081WY1SP3
JNE3440-KR-N-S,JNE3440,Kurta,S,B081X5WHHT
JNE3440-KR-N-XL,JNE3440,Kurta,XL,B081WPK66G
JNE3440-KR-N-XS,JNE3440,Kurta,XS,B09HMY3YLT
JNE3440-KR-N-XXL,JNE3440,Kurta,XXL,B081XBQBGF
JNE3440-KR-N-XXXL,JNE3440,Kurta,3XL,B09HMTKV2L
JNE3440-KR-XL,JNE3440,Kurta,XL,B081WPK66G
JNE3441-KR-B-XS,JNE3441,Kurta,XS,B09TKYN2F5
JNE3441-KR-B-XXXL,JNE3441,Kurta,3XL,B09TKZD5VM
JNE3441-KR-E-M,JNE3441,Kurta,M,B08WCT2T48
JNE3441-KR-L,JNE3441,Kurta,L,B081WT8M3L
JNE3441-KR-S,JNE3441,Kurta,S,B081WYYM3B
JNE3442-KR-XXL,JNE3442,Kurta,XXL,B081WZCK5F
JNE3443-KR-L,JNE3443,Kurta,L,B081WWR2MN
JNE3443-KR-M,JNE3443,Kurta,M,B081X71PKF
JNE3443-KR-S,JNE3443,Kurta,S,B081X2FK8W
JNE3443-KR-XL,JNE3443,Kurta,XL,B081X5TQ27
JNE3443-KR-XS,JNE3443,Kurta,XS,B09B2F565P
JNE3443-KR-XXL,JNE3443,Kurta,XXL,B081WYLX3H
JNE3443-KR-XXXL,JNE3443,Kurta,3XL,B09B2FBKHD
JNE3445-KR-L,JNE3445,Kurta,L,B081X28FPT
JNE3445-KR-M,JNE3445,Kurta,M,B081WRJNVX
JNE3445-KR-S,JNE3445,Kurta,S,B081WYDGT4
JNE3445-KR-XL,JNE3445,Kurta,XL,B081X1YC1T
JNE3445-KR-XS,JNE3445,Kurta,XS,B09B2FLTJL
JNE3445-KR-XXL,JNE3445,Kurta,XXL,B081X2QPXK
JNE3445-KR-XXXL,JNE3445,Kurta,3XL,B09B2FJXRX
JNE3446-KR-M,JNE3446,Kurta,M,B081X7PC1W
JNE3446-KR-S,JNE3446,Kurta,S,B081X18FL6
JNE3446-KR-XL,JNE3446,Kurta,XL,B081X2LLJZ
JNE3446-KR-XS,JNE3446,Kurta,XS,B09B2CPQ93
JNE3446-KR-XXL,JNE3446,Kurta,XXL,B081WSPN63
JNE3446-KR-XXXL,JNE3446,Kurta,3XL,B09B2CS4HD
JNE3447-KR-L,JNE3447,Kurta,L,B081WYWGQS
JNE3447-KR-M,JNE3447,Kurta,M,B081X57LDF
JNE3447-KR-S,JNE3447,Kurta,S,B081X5328X
JNE3447-KR-XL,JNE3447,Kurta,XL,B081WPFTTT
JNE3447-KR-XS,JNE3447,Kurta,XS,B09B2CPK4P
JNE3447-KR-XXXL,JNE3447,Kurta,3XL,B09B2G1JX2
JNE3449-KR-L,JNE3449,Kurta,L,B08BFQBFX3
JNE3449-KR-M,JNE3449,Kurta,M,B08BFBCDW7
JNE3449-KR-S,JNE3449,Kurta,S,B08BF9YDKC
JNE3449-KR-XL,JNE3449,Kurta,XL,B08BFL5B9S
JNE3449-KR-XS,JNE3449,Kurta,XS,B08BFGV4Z5
JNE3449-KR-XXL,JNE3449,Kurta,XXL,B08BF9DZ3F
JNE3449-KR-XXXL,JNE3449,Kurta,3XL,B08CBC2J5H
JNE3450-KR-XL,JNE3450,Kurta,XL,B08HK5W4VL
JNE3451-KR-L,JNE3451,Kurta,L,B08BFBXXHZ
JNE3451-KR-M,JNE3451,Kurta,M,B08BFB2ZSC
JNE3451-KR-S,JNE3451,Kurta,S,B08BFT1B4X
JNE3451-KR-XL,JNE3451,Kurta,XL,B08BF1N29N
JNE3451-KR-XS,JNE3451,Kurta,XS,B08BF7BGBY
JNE3451-KR-XXL,JNE3451,Kurta,XXL,B08BFLWQW2
JNE3451-KR-XXXL,JNE3451,Kurta,3XL,B08BFKFRNN
JNE3452-KR-L,JNE3452,Kurta,L,B08HK6YSWK
JNE3452-KR-M,JNE3452,Kurta,M,B08HHJMPMR
JNE3452-KR-S,JNE3452,Kurta,S,B08HK3NZ1T
JNE3452-KR-XL,JNE3452,Kurta,XL,B08HK6G5F9
JNE3452-KR-XS,JNE3452,Kurta,XS,B08HK5QBX9
JNE3452-KR-XXL,JNE3452,Kurta,XXL,B08HHJNRQT
JNE3452-KR-XXXL,JNE3452,Kurta,3XL,B08HK73HB7
JNE3453-KR-L,JNE3453,Kurta,L,B085J2CTB1
JNE3453-KR-M,JNE3453,Kurta,M,B085HHZ2YC
JNE3453-KR-S,JNE3453,Kurta,S,B085HMWJ4R
JNE3453-KR-XL,JNE3453,Kurta,XL,B085H9W3YM
JNE3454-KR-L,JNE3454,Kurta,L,B08B3YBJ97
JNE3454-KR-M,JNE3454,Kurta,M,B08B3YMPWW
JNE3454-KR-S,JNE3454,Kurta,S,B08B3Y713K
JNE3454-KR-XL,JNE3454,Kurta,XL,B08B3YGPBZ
JNE3454-KR-XS,JNE3454,Kurta,XS,B08B3XZM9D
JNE3454-KR-XXL,JNE3454,Kurta,XXL,B08B3YMS62
JNE3454-KR-XXXL,JNE3454,Kurta,3XL,B08B3YWFMD
JNE3455-KR-M,JNE3455,Kurta,M,B08HK3LHZL
JNE3455-KR-XL,JNE3455,Kurta,XL,B08HK58DJW
JNE3455-KR-XXXL,JNE3455,Kurta,3XL,B08HHJPQ6P
JNE3456-KR-M,JNE3456,Kurta,M,B09CTFCJ6H
JNE3456-KR-S,JNE3456,Kurta,S,B09CSZLP1V
JNE3456-KR-XL,JNE3456,Kurta,XL,B09CTBPP9F
JNE3456-KR-XS,JNE3456,Kurta,XS,B09CT457VM
JNE3457-KR-L,JNE3457,Kurta,L,B08BF4Q6HS
JNE3457-KR-M,JNE3457,Kurta,M,B08BFVVNPM
JNE3457-KR-S,JNE3457,Kurta,S,B08BF8HVPS
JNE3457-KR-XL,JNE3457,Kurta,XL,B08BF6BBQF
JNE3457-KR-XXL,JNE3457,Kurta,XXL,B08BFN855F
JNE3457-KR-XXXL,JNE3457,Kurta,3XL,B08BFT32TR
JNE3458-KR-L,JNE3458,Kurta,L,B08HK6WL3S
JNE3458-KR-M,JNE3458,Kurta,M,B08HHJP5QF
JNE3458-KR-S,JNE3458,Kurta,S,B08HHJNTNT
JNE3458-KR-XL,JNE3458,Kurta,XL,B08HK4VS4M
JNE3458-KR-XS,JNE3458,Kurta,XS,B08HK4GR65
JNE3458-KR-XXL,JNE3458,Kurta,XXL,B08HK57ZZN
JNE3458-KR-XXXL,JNE3458,Kurta,3XL,B08HK3XSKF
JNE3459-KR-L,JNE3459,Kurta,L,B08BFVYWW8
JNE3459-KR-M,JNE3459,Kurta,M,B08BFK8NHL
JNE3459-KR-S,JNE3459,Kurta,S,B08BFW22DK
JNE3459-KR-XL,JNE3459,Kurta,XL,B08BFX1YN6
JNE3459-KR-XS,JNE3459,Kurta,XS,B08BFMCZ18
JNE3459-KR-XXL,JNE3459,Kurta,XXL,B08BFCB1KR
JNE3459-KR-XXXL,JNE3459,Kurta,3XL,B08BFWC9FF
JNE3460-KR-L,JNE3460,Kurta,L,B08BFSWBHL
JNE3460-KR-M,JNE3460,Kurta,M,B08BFV51KV
JNE3460-KR-S,JNE3460,Kurta,S,B08BFFYNB5
JNE3460-KR-XL,JNE3460,Kurta,XL,B08BFTB59F
JNE3460-KR-XXL,JNE3460,Kurta,XXL,B08BFVCL5S
JNE3461-KR-L,JNE3461,Kurta,L,B08B3YWTLK
JNE3461-KR-M,JNE3461,Kurta,M,B08B3VSTFG
JNE3461-KR-S,JNE3461,Kurta,S,B08B3YB5D1
JNE3461-KR-XL,JNE3461,Kurta,XL,B08B3YPXKZ
JNE3461-KR-XS,JNE3461,Kurta,XS,B08B3Z6T6W
JNE3461-KR-XXL,JNE3461,Kurta,XXL,B08B3XF5MH
JNE3461-KR-XXXL,JNE3461,Kurta,3XL,B08B3YC7HZ
JNE3463-KR-L,JNE3463,Kurta,L,B08RP49CLQ
JNE3463-KR-M,JNE3463,Kurta,M,B08RP6K224
JNE3463-KR-S,JNE3463,Kurta,S,B08RP1WNB2
JNE3463-KR-XL,JNE3463,Kurta,XL,B08RP3PMYD
JNE3463-KR-XS,JNE3463,Kurta,XS,B08RP216N4
JNE3463-KR-XXL,JNE3463,Kurta,XXL,B08RP77NWN
JNE3463-KR-XXXL,JNE3463,Kurta,3XL,B08RP3HQH3
JNE3464-KR-L,JNE3464,Kurta,L,B08MYTL8VG
JNE3464-KR-XXL,JNE3464,Kurta,XXL,B08MYSZN2B
JNE3464-KR-XXXL,JNE3464,Kurta,3XL,B08MYRF211
JNE3465-KR-L,JNE3465,Kurta,L,B08BFLKNGJ
JNE3465-KR-M,JNE3465,Kurta,M,B08BFV1DVW
JNE3465-KR-S,JNE3465,Kurta,S,B08BF4GQ9V
JNE3465-KR-XL,JNE3465,Kurta,XL,B08BF4PWCT
JNE3465-KR-XS,JNE3465,Kurta,XS,B08BFCPV5R
JNE3465-KR-XXL,JNE3465,Kurta,XXL,B08BFT4ZKX
JNE3465-KR-XXXL,JNE3465,Kurta,3XL,B08BFVXK6N
JNE3466-KR-L,JNE3466,Kurta,L,B082W7VNVX
JNE3466-KR-M,JNE3466,Kurta,M,B082W8RWFV
JNE3466-KR-S,JNE3466,Kurta,S,B082W851GM
JNE3466-KR-XL,JNE3466,Kurta,XL,B082W7Q7FK
JNE3466-KR-XS,JNE3466,Kurta,XS,B082W7QGKH
JNE3466-KR-XXL,JNE3466,Kurta,XXL,B082W8LGW2
JNE3466-KR-XXXL,JNE3466,Kurta,3XL,B082W88SRB
JNE3467-KR-M,JNE3467,Kurta,M,B08CDPGHC6
JNE3467-KR-S,JNE3467,Kurta,S,B08CDQ3M4V
JNE3467-KR-XL,JNE3467,Kurta,XL,B08CDQKS84
JNE3467-KR-XS,JNE3467,Kurta,XS,B08CDRLFN4
JNE3467-KR-XXL,JNE3467,Kurta,XXL,B08CDQ4T1Y
JNE3467-KR-XXXL,JNE3467,Kurta,3XL,B08CDQJ7CN
JNE3468-KR-L,JNE3468,Kurta,L,B08RP69C9N
JNE3468-KR-M,JNE3468,Kurta,M,B08RP3LHNB
JNE3468-KR-S,JNE3468,Kurta,S,B08RP3YXBX
JNE3468-KR-XL,JNE3468,Kurta,XL,B08RP67NGB
JNE3468-KR-XS,JNE3468,Kurta,XS,B08RP5393W
JNE3468-KR-XXL,JNE3468,Kurta,XXL,B08RP3TP66
JNE3468-KR-XXXL,JNE3468,Kurta,3XL,B08RP4JJPD
JNE3470-KR-L,JNE3470,Kurta,L,B08W8GRH1S
JNE3470-KR-M,JNE3470,Kurta,M,B08W9T442C
JNE3470-KR-S,JNE3470,Kurta,S,B08W8L42SF
JNE3470-KR-XL,JNE3470,Kurta,XL,B08W87QBDY
JNE3470-KR-XS,JNE3470,Kurta,XS,B08W9G1YSB
JNE3470-KR-XXL,JNE3470,Kurta,XXL,B08W8KKGRX
JNE3470-KR-XXXL,JNE3470,Kurta,3XL,B08W9LL6J6
JNE3471-KR-L,JNE3471,Kurta,L,B08HK3SLGX
JNE3471-KR-M,JNE3471,Kurta,M,B08HK4V5G7
JNE3471-KR-S,JNE3471,Kurta,S,B08HK4B2K4
JNE3471-KR-XL,JNE3471,Kurta,XL,B08HK4JSRK
JNE3471-KR-XS,JNE3471,Kurta,XS,B08HHJPRJC
JNE3471-KR-XXL,JNE3471,Kurta,XXL,B08HK6HVBZ
JNE3471-KR-XXXL,JNE3471,Kurta,3XL,B08HK4G6F4
JNE3472-KR-S,JNE3472,Kurta,S,B08W96HC6Q
JNE3472-KR-XS,JNE3472,Kurta,XS,B08W96FCC6
JNE3472-KR-XXXL,JNE3472,Kurta,3XL,B08W9TL7M6
JNE3473-KR-L,JNE3473,Kurta,L,B08B3Z2567
JNE3473-KR-M,JNE3473,Kurta,M,B08B3YMRB5
JNE3473-KR-XL,JNE3473,Kurta,XL,B08B3Y9CVB
JNE3473-KR-XS,JNE3473,Kurta,XS,B08B3Y2TWH
JNE3473-KR-XXL,JNE3473,Kurta,XXL,B08B3YYWZ9
JNE3473-KR-XXXL,JNE3473,Kurta,3XL,B08B3ZKRY9
JNE3474-KR-E-L,JNE3474,Kurta,L,B08LDMNWYJ
JNE3474-KR-E-S,JNE3474,Kurta,S,B08LDMP63D
JNE3474-KR-E-XL,JNE3474,Kurta,XL,B08LDMRC85
JNE3474-KR-E-XS,JNE3474,Kurta,XS,B08LDKJH84
JNE3474-KR-E-XXL,JNE3474,Kurta,XXL,B08LDLYTCZ
JNE3474-KR-E-XXXL,JNE3474,Kurta,3XL,B08LDLRVF7
JNE3475-KR-K-L,JNE3475,Kurta,L,B08P1FH8H9
JNE3475-KR-K-M,JNE3475,Kurta,M,B08P1FMXZ5
JNE3475-KR-K-XL,JNE3475,Kurta,XL,B08P1GJQCG
JNE3475-KR-K-XS,JNE3475,Kurta,XS,B08P1FPCRN
JNE3475-KR-K-XXL,JNE3475,Kurta,XXL,B08P1FQJJ4
JNE3476-KR-L,JNE3476,Kurta,L,B08B3YN5Y7
JNE3476-KR-M,JNE3476,Kurta,M,B08B3YTPVS
JNE3476-KR-S,JNE3476,Kurta,S,B08B3XTHQ1
JNE3476-KR-XL,JNE3476,Kurta,XL,B08B3YSLXV
JNE3476-KR-XS,JNE3476,Kurta,XS,B08B3YW9VD
JNE3476-KR-XXL,JNE3476,Kurta,XXL,B08B3XRK43
JNE3476-KR-XXXL,JNE3476,Kurta,3XL,B08B3ZWR3K
JNE3477-KR-M,JNE3477,Kurta,M,B08B3YW2CS
JNE3477-KR-S,JNE3477,Kurta,S,B08B3Y88PC
JNE3477-KR-XL,JNE3477,Kurta,XL,B08B3XTZKP
JNE3479-KR-L,JNE3479,Kurta,L,B08MYV71FG
JNE3479-KR-M,JNE3479,Kurta,M,B08N18V1JF
JNE3479-KR-S,JNE3479,Kurta,S,B08MYT459J
JNE3479-KR-XL,JNE3479,Kurta,XL,B08MYS5MS1
JNE3479-KR-XS,JNE3479,Kurta,XS,B08MYSPJ39
JNE3479-KR-XXL,JNE3479,Kurta,XXL,B08N19VQNW
JNE3480-KR-L,JNE3480,Kurta,L,B099RJ46LP
JNE3480-KR-M,JNE3480,Kurta,M,B099RJY1RY
JNE3480-KR-S,JNE3480,Kurta,S,B099RHVPDW
JNE3480-KR-XL,JNE3480,Kurta,XL,B099PJ1WGQ
JNE3480-KR-XS,JNE3480,Kurta,XS,B099RK3RWF
JNE3480-KR-XXL,JNE3480,Kurta,XXL,B099RJCM34
JNE3481-KR-S,JNE3481,Kurta,S,B08HK8H19J
JNE3481-KR-XL,JNE3481,Kurta,XL,B08HK3YJPX
JNE3481-KR-XS,JNE3481,Kurta,XS,B09B2D4VMB
JNE3482-KR-L,JNE3482,Kurta,L,B08HHJMBV4
JNE3482-KR-M,JNE3482,Kurta,M,B08HHJPBT8
JNE3482-KR-S,JNE3482,Kurta,S,B08HK65T65
JNE3482-KR-XL,JNE3482,Kurta,XL,B08HHJRCQZ
JNE3482-KR-XS,JNE3482,Kurta,XS,B08HK543L3
JNE3482-KR-XXL,JNE3482,Kurta,XXL,B08HK1DGRW
JNE3483-KR-L,JNE3483,Kurta,L,B08HK6K553
JNE3483-KR-M,JNE3483,Kurta,M,B08HK1YQPV
JNE3483-KR-XL,JNE3483,Kurta,XL,B08HHJRDY9
JNE3483-KR-XXL,JNE3483,Kurta,XXL,B08HK59L2V
JNE3483-KR-XXXL,JNE3483,Kurta,3XL,B08HK49HV9
JNE3484-KR-L,JNE3484,Kurta,L,B08W9TLV6J
JNE3484-KR-M,JNE3484,Kurta,M,B08W8T2TDB
JNE3484-KR-S,JNE3484,Kurta,S,B08W9TG74X
JNE3484-KR-XL,JNE3484,Kurta,XL,B08W9KCKQD
JNE3484-KR-XS,JNE3484,Kurta,XS,B08W9NJL3K
JNE3484-KR-XXL,JNE3484,Kurta,XXL,B08W8NSFRH
JNE3485-KR-L,JNE3485,Kurta,L,B08HHJQL5Q
JNE3485-KR-M,JNE3485,Kurta,M,B08HK5HYZB
JNE3485-KR-XL,JNE3485,Kurta,XL,B08HK3J933
JNE3485-KR-XS,JNE3485,Kurta,XS,B08HK2J8D7
JNE3485-KR-XXL,JNE3485,Kurta,XXL,B08HK7GNFP
JNE3485-KR-XXXL,JNE3485,Kurta,3XL,B08HHJPSL3
JNE3486-KR-L,JNE3486,Kurta,L,B08W9WRSSD
JNE3486-KR-S,JNE3486,Kurta,S,B08W9RLY9N
JNE3486-KR-XL,JNE3486,Kurta,XL,B08W9KVT13
JNE3486-KR-XS,JNE3486,Kurta,XS,B08W8T272T
JNE3486-KR-XXL,JNE3486,Kurta,XXL,B08W8K156H
JNE3486-KR-XXXL,JNE3486,Kurta,3XL,B08W8K7R9X
JNE3487-KR-L,JNE3487,Kurta,L,B08RP29G54
JNE3487-KR-M,JNE3487,Kurta,M,B08RP2Y81T
JNE3487-KR-S,JNE3487,Kurta,S,B08RP1Z6L4
JNE3487-KR-XL,JNE3487,Kurta,XL,B08RNPK8FX
JNE3487-KR-XS,JNE3487,Kurta,XS,B08RP252MK
JNE3487-KR-XXL,JNE3487,Kurta,XXL,B08RNX8Q22
JNE3487-KR-XXXL,JNE3487,Kurta,3XL,B08RP2HWM6
JNE3488-KR-S,JNE3488,Kurta,S,B08PCM4CDX
JNE3488-KR-XS,JNE3488,Kurta,XS,B09B2FW4TC
JNE3488-KR-XXL,JNE3488,Kurta,XXL,B08PCTJBKF
JNE3489-KR-L,JNE3489,Kurta,L,B08F3BMYQJ
JNE3489-KR-M,JNE3489,Kurta,M,B08F3B42V3
JNE3489-KR-S,JNE3489,Kurta,S,B08F3BCW2R
JNE3489-KR-XL,JNE3489,Kurta,XL,B08F39CNXK
JNE3489-KR-XXL,JNE3489,Kurta,XXL,B08F397FDP
JNE3491-KR-L,JNE3491,Kurta,L,B08BJNCWH8
JNE3491-KR-M,JNE3491,Kurta,M,B08BK58THW
JNE3491-KR-S,JNE3491,Kurta,S,B08BK4TN3K
JNE3491-KR-XL,JNE3491,Kurta,XL,B08BK5LDMW
JNE3491-KR-XS,JNE3491,Kurta,XS,B09B2FWMBZ
JNE3491-KR-XXL,JNE3491,Kurta,XXL,B08BJPJB65
JNE3491-KR-XXXL,JNE3491,Kurta,3XL,B09B2FP6L2
JNE3500-KR-L,JNE3500,Kurta,L,B097ZYXY7W
JNE3500-KR-M,JNE3500,Kurta,M,B0981118H4
JNE3500-KR-S,JNE3500,Kurta,S,B09812MBCD
JNE3500-KR-XL,JNE3500,Kurta,XL,B098117XW1
JNE3500-KR-XS,JNE3500,Kurta,XS,B098117DJ3
JNE3500-KR-XXL,JNE3500,Kurta,XXL,B09812JNRT
JNE3500-KR-XXXL,JNE3500,Kurta,3XL,B09811J2R4
JNE3501-KR-L,JNE3501,Kurta,L,B08P5DW2X3
JNE3501-KR-M,JNE3501,Kurta,M,B08MYVCDB4
JNE3501-KR-S,JNE3501,Kurta,S,B08MYS1L63
JNE3501-KR-XL,JNE3501,Kurta,XL,B08MYVNL2Q
JNE3501-KR-XS,JNE3501,Kurta,XS,B08MYV41PX
JNE3501-KR-XXL,JNE3501,Kurta,XXL,B08MYS9MN7
JNE3501-KR-XXXL,JNE3501,Kurta,3XL,B08MYSGSY2
JNE3503-KR-S,JNE3503,Kurta,S,B08RP5581B
JNE3503-KR-XXL,JNE3503,Kurta,XXL,B08RP4WHQ1
JNE3503-KR-XXXL,JNE3503,Kurta,3XL,B08RP2BV5Q
JNE3504-KR-L,JNE3504,Kurta,L,B097ZZNTK2
JNE3504-KR-M,JNE3504,Kurta,M,B09811C2Q7
JNE3504-KR-S,JNE3504,Kurta,S,B09812CN87
JNE3504-KR-XL,JNE3504,Kurta,XL,B09811WPL9
JNE3504-KR-XS,JNE3504,Kurta,XS,B097ZZFX7X
JNE3504-KR-XXL,JNE3504,Kurta,XXL,B09812Q1F2
JNE3504-KR-XXXL,JNE3504,Kurta,3XL,B098126CJG
JNE3506-KR-L,JNE3506,Kurta,L,B08WPT8KFM
JNE3506-KR-M,JNE3506,Kurta,M,B08WPPX32Y
JNE3506-KR-S,JNE3506,Kurta,S,B08WPY2KWL
JNE3506-KR-XL,JNE3506,Kurta,XL,B08WPS7TQS
JNE3506-KR-XS,JNE3506,Kurta,XS,B08WPWK6BF
JNE3506-KR-XXL,JNE3506,Kurta,XXL,B08WQCD1RK
JNE3506-KR-XXXL,JNE3506,Kurta,3XL,B08WQ6WWC9
JNE3507-KR-XXL,JNE3507,Kurta,XXL,B08B3YGVYH
JNE3510-KR-L,JNE3510,Kurta,L,B08WPR181B
JNE3510-KR-M,JNE3510,Kurta,M,B08WPR5MCB
JNE3510-KR-S,JNE3510,Kurta,S,B08WPTJBBD
JNE3510-KR-XL,JNE3510,Kurta,XL,B08WPZ1N4Z
JNE3510-KR-XS,JNE3510,Kurta,XS,B08WPZCCFT
JNE3510-KR-XXL,JNE3510,Kurta,XXL,B08WQ1W4JV
JNE3510-KR-XXXL,JNE3510,Kurta,3XL,B08WQ64YYX
JNE3515-KR-L,JNE3515,Kurta,L,B09811SPB4
JNE3515-KR-M,JNE3515,Kurta,M,B09811GCYY
JNE3515-KR-S,JNE3515,Kurta,S,B0981199PT
JNE3515-KR-XL,JNE3515,Kurta,XL,B09812MNZC
JNE3515-KR-XS,JNE3515,Kurta,XS,B097ZZYYVB
JNE3515-KR-XXL,JNE3515,Kurta,XXL,B09812HV48
JNE3515-KR-XXXL,JNE3515,Kurta,3XL,B098126Y6Q
JNE3516-KR-E-L,JNE3516,Kurta,L,B08LGGL7GW
JNE3516-KR-E-M,JNE3516,Kurta,M,B08LG54ZYV
JNE3516-KR-E-S,JNE3516,Kurta,S,B08LGVDF55
JNE3516-KR-E-XL,JNE3516,Kurta,XL,B08LGD1VWG
JNE3516-KR-E-XS,JNE3516,Kurta,XS,B08LG8V5HK
JNE3516-KR-E-XXL,JNE3516,Kurta,XXL,B08LFVYXTZ
JNE3516-KR-E-XXXL,JNE3516,Kurta,3XL,B08LGDV2GN
JNE3517-KR-M,JNE3517,Kurta,M,B08MYS8KV3
JNE3517-KR-XXL,JNE3517,Kurta,XXL,B08MYVH621
JNE3518-KR-L,JNE3518,Kurta,L,B08XVQM1LP
JNE3518-KR-M,JNE3518,Kurta,M,B08XW581QN
JNE3518-KR-S,JNE3518,Kurta,S,B08XVM3MJS
JNE3518-KR-XL,JNE3518,Kurta,XL,B08XW66LTH
JNE3518-KR-XS,JNE3518,Kurta,XS,B08XVTQHLF
JNE3518-KR-XXL,JNE3518,Kurta,XXL,B08XVXRVMY
JNE3518-KR-XXXL,JNE3518,Kurta,3XL,B08XWH3B1Q
JNE3520-KR-M,JNE3520,Kurta,M,B08MYT3V59
JNE3520-KR-XS,JNE3520,Kurta,XS,B08MYWTRSM
JNE3520-KR-XXL,JNE3520,Kurta,XXL,B08MYTLCNQ
JNE3522-KR-L,JNE3522,Kurta,L,B08W8NPXMS
JNE3522-KR-M,JNE3522,Kurta,M,B08W9PXHK5
JNE3522-KR-S,JNE3522,Kurta,S,B08W9NT7WB
JNE3522-KR-XL,JNE3522,Kurta,XL,B08W9Z3BJF
JNE3522-KR-XS,JNE3522,Kurta,XS,B08W9PLWHQ
JNE3522-KR-XXL,JNE3522,Kurta,XXL,B08W9K3MXR
JNE3522-KR-XXXL,JNE3522,Kurta,3XL,B08W9XJKRG
JNE3523-KR-S,JNE3523,Kurta,S,B08B3YN5Y8
JNE3523-KR-XL,JNE3523,Kurta,XL,B08B3YJKM6
JNE3523-KR-XS,JNE3523,Kurta,XS,B08B3YQPZM
JNE3523-KR-XXL,JNE3523,Kurta,XXL,B08B3Z4D1M
JNE3524-KR-L,JNE3524,Kurta,L,B089B18K7K
JNE3524-KR-M,JNE3524,Kurta,M,B0899ZV557
JNE3524-KR-S,JNE3524,Kurta,S,B089B1K3KT
JNE3524-KR-XXL,JNE3524,Kurta,XXL,B089B1FG4X
JNE3524-KR-XXXL,JNE3524,Kurta,3XL,B0899ZS4V5
JNE3526-KR-XL,JNE3526,Kurta,XL,B0899ZJTHW
JNE3526-KR-XS,JNE3526,Kurta,XS,B09B2DSNV3
JNE3526-KR-XXL,JNE3526,Kurta,XXL,B08B3Y369G
JNE3528-KR-L,JNE3528,Kurta,L,B08B3ZJVRS
JNE3528-KR-M,JNE3528,Kurta,M,B08B3YNNM6
JNE3528-KR-XL,JNE3528,Kurta,XL,B08B3ZDKM6
JNE3528-KR-XS,JNE3528,Kurta,XS,B09B2CTWQN
JNE3528-KR-XXL,JNE3528,Kurta,XXL,B08B3Y2GDH
JNE3528-KR-XXXL,JNE3528,Kurta,3XL,B09B2CTXJF
JNE3530-KR-S,JNE3530,Kurta,S,B08BFN6TFG
JNE3530-KR-XS,JNE3530,Kurta,XS,B09HMYX9SJ
JNE3530-KR-XXL,JNE3530,Kurta,XXL,B08BFLYSNW
JNE3530-KR-XXXL,JNE3530,Kurta,3XL,B09HMYJVZR
JNE3531-KR-L,JNE3531,Kurta,L,B08BF5MPKR
JNE3531-KR-M,JNE3531,Kurta,M,B08BF9216Z
JNE3531-KR-S,JNE3531,Kurta,S,B08BFBDPPL
JNE3531-KR-XL,JNE3531,Kurta,XL,B08BF4R7XL
JNE3531-KR-XS,JNE3531,Kurta,XS,B09B2FFZR8
JNE3531-KR-XXL,JNE3531,Kurta,XXL,B08BFBQ68W
JNE3531-KR-XXXL,JNE3531,Kurta,3XL,B09B2DB2CS
JNE3532-KR-S,JNE3532,Kurta,S,B08BFD4GJ5
JNE3532-KR-XXL,JNE3532,Kurta,XXL,B08BF57YXW
JNE3534-KR-L,JNE3534,Kurta,L,B08BK4SJMT
JNE3534-KR-M,JNE3534,Kurta,M,B08BK6CNDS
JNE3534-KR-S,JNE3534,Kurta,S,B08BK4X8YL
JNE3534-KR-XL,JNE3534,Kurta,XL,B08BK6GM1P
JNE3534-KR-XS,JNE3534,Kurta,XS,B09B2BZ31X
JNE3534-KR-XXXL,JNE3534,Kurta,3XL,B09B2D8R2K
JNE3535-KR-L,JNE3535,Kurta,L,B08BK66Q55
JNE3535-KR-XL,JNE3535,Kurta,XL,B08BK6J6GT
JNE3535-KR-XS,JNE3535,Kurta,XS,B09B2WM5BF
JNE3535-KR-XXXL,JNE3535,Kurta,3XL,B09B2H6RWT
JNE3537-KR-M,JNE3537,Kurta,M,B08JGXZHY9
JNE3537-KR-S,JNE3537,Kurta,S,B08JGZY8TC
JNE3537-KR-XS,JNE3537,Kurta,XS,B08JGZ7P8L
JNE3538-KR-XS,JNE3538,Kurta,XS,B08HK5WKD9
JNE3539-KR-M,JNE3539,Kurta,M,B08HK6668V
JNE3539-KR-S,JNE3539,Kurta,S,B08HK6JVFW
JNE3539-KR-XL,JNE3539,Kurta,XL,B08HK7JDDM
JNE3539-KR-XS,JNE3539,Kurta,XS,B09B2CCQXY
JNE3539-KR-XXL,JNE3539,Kurta,XXL,B08HK5QBXB
JNE3539-KR-XXXL,JNE3539,Kurta,3XL,B09B2FSBN9
JNE3541-KR-S,JNE3541,Kurta,S,B08HK3XM36
JNE3542-KR-L,JNE3542,Kurta,L,B08HHJPB3J
JNE3542-KR-M,JNE3542,Kurta,M,B08HK6FGN4
JNE3542-KR-S,JNE3542,Kurta,S,B08HHJQNHJ
JNE3542-KR-XL,JNE3542,Kurta,XL,B08HHJMQRK
JNE3542-KR-XS,JNE3542,Kurta,XS,B09B2FKMMP
JNE3543-KR-L,JNE3543,Kurta,L,B08HK4WHNK
JNE3543-KR-M,JNE3543,Kurta,M,B08HHJQ3F4
JNE3543-KR-S,JNE3543,Kurta,S,B08HHJP41L
JNE3543-KR-XL,JNE3543,Kurta,XL,B08HK4MG14
JNE3543-KR-XS,JNE3543,Kurta,XS,B09HMNBMYC
JNE3543-KR-XXL,JNE3543,Kurta,XXL,B08HK4PJWJ
JNE3543-KR-XXXL,JNE3543,Kurta,3XL,B09HMJJW4L
JNE3544-KR-M,JNE3544,Kurta,M,B08HK63TCN
JNE3544-KR-S,JNE3544,Kurta,S,B08HK3RCYD
JNE3544-KR-XS,JNE3544,Kurta,XS,B09HMRMCTC
JNE3545-KR-M,JNE3545,Kurta,M,B08HK4F725
JNE3545-KR-S,JNE3545,Kurta,S,B08HK3TD6M
JNE3546-KR-L,JNE3546,Kurta,L,B08HHJRFQP
JNE3546-KR-M,JNE3546,Kurta,M,B08HK4W6YT
JNE3546-KR-S,JNE3546,Kurta,S,B08HHJPWBS
JNE3546-KR-XL,JNE3546,Kurta,XL,B08HK5JSM1
JNE3546-KR-XS,JNE3546,Kurta,XS,B09B2G4KQF
JNE3546-KR-XXL,JNE3546,Kurta,XXL,B08HK4X96H
JNE3546-KR-XXXL,JNE3546,Kurta,3XL,B09B2F5N2H
JNE3547-KR-L,JNE3547,Kurta,L,B08MXB2MP8
JNE3547-KR-M,JNE3547,Kurta,M,B08MXCGQRW
JNE3547-KR-XL,JNE3547,Kurta,XL,B08MXB7VJ6
JNE3547-KR-XXL,JNE3547,Kurta,XXL,B08MXCXFK7
JNE3547-KR-XXXL,JNE3547,Kurta,3XL,B09B2BLMDZ
JNE3548-KR-L,JNE3548,Kurta,L,B08MXD1BW4
JNE3548-KR-M,JNE3548,Kurta,M,B08MXD7WBP
JNE3548-KR-S,JNE3548,Kurta,S,B08MXB1K11
JNE3548-KR-XL,JNE3548,Kurta,XL,B08MXDQM44
JNE3548-KR-XS,JNE3548,Kurta,XS,B09B2CGLXT
JNE3548-KR-XXL,JNE3548,Kurta,XXL,B08MXC4F59
JNE3548-KR-XXXL,JNE3548,Kurta,3XL,B09B2DHVDR
JNE3549-KR-L,JNE3549,Kurta,L,B08MXB7SQP
JNE3549-KR-M,JNE3549,Kurta,M,B08MX9PQ6C
JNE3549-KR-S,JNE3549,Kurta,S,B08MX88RFP
JNE3549-KR-XL,JNE3549,Kurta,XL,B08MXB9H3Z
JNE3549-KR-XXL,JNE3549,Kurta,XXL,B08MXBV2WG
JNE3549-KR-XXXL,JNE3549,Kurta,3XL,B09HMQH2PN
JNE3550-KR-S,JNE3550,Kurta,S,B08MYVVD2B
JNE3550-KR-XS,JNE3550,Kurta,XS,B09B2FPJG1
JNE3553-KR-L,JNE3553,Kurta,L,B08QGL3XH4
JNE3553-KR-XL,JNE3553,Kurta,XL,B08QGNW65G
JNE3553-KR-XXL,JNE3553,Kurta,XXL,B08QGLNBPC
JNE3553-KR-XXXL,JNE3553,Kurta,3XL,B09B2F65QS
JNE3554-KR-L,JNE3554,Kurta,L,B08MXBV2CM
JNE3554-KR-M,JNE3554,Kurta,M,B08MXC26NT
JNE3554-KR-S,JNE3554,Kurta,S,B08MXBHG7Q
JNE3554-KR-XL,JNE3554,Kurta,XL,B08MXCFKT6
JNE3554-KR-XXL,JNE3554,Kurta,XXL,B08MXCPNLS
JNE3555-KR-L,JNE3555,Kurta,L,B08MXC1LPN
JNE3555-KR-M,JNE3555,Kurta,M,B08MXB8N8X
JNE3555-KR-S,JNE3555,Kurta,S,B08MXDLN64
JNE3555-KR-XL,JNE3555,Kurta,XL,B08MX9XSXD
JNE3555-KR-XXXL,JNE3555,Kurta,3XL,B09HMPQWFX
JNE3556-KR-L,JNE3556,Kurta,L,B08MXC1SL8
JNE3556-KR-M,JNE3556,Kurta,M,B08MXCZP4J
JNE3556-KR-S,JNE3556,Kurta,S,B08MX9XCTX
JNE3556-KR-XL,JNE3556,Kurta,XL,B08MXCK1Q2
JNE3556-KR-XXL,JNE3556,Kurta,XXL,B08MX9S6NY
JNE3557-KR-M,JNE3557,Kurta,M,B08MXC9NNC
JNE3557-KR-S,JNE3557,Kurta,S,B08MXB2LQ4
JNE3557-KR-XL,JNE3557,Kurta,XL,B08MXFNKR9
JNE3557-KR-XXL,JNE3557,Kurta,XXL,B08MXF1YB9
JNE3558-KR-S,JNE3558,Kurta,S,B08MXC2FQ7
JNE3559-KR-L,JNE3559,Kurta,L,B08QM7Z7QJ
JNE3559-KR-M,JNE3559,Kurta,M,B08QN135YG
JNE3559-KR-XL,JNE3559,Kurta,XL,B08QMRTY2F
JNE3559-KR-XS,JNE3559,Kurta,XS,B09B2G7H8V
JNE3559-KR-XXL,JNE3559,Kurta,XXL,B08QMNQF45
JNE3559-KR-XXXL,JNE3559,Kurta,3XL,B09B2DCQH8
JNE3560-KR-L,JNE3560,Kurta,L,B08PCW5HD7
JNE3560-KR-M,JNE3560,Kurta,M,B08PCVMF6R
JNE3560-KR-S,JNE3560,Kurta,S,B08PCTRGGR
JNE3560-KR-XL,JNE3560,Kurta,XL,B08PCSJ2M6
JNE3560-KR-XS,JNE3560,Kurta,XS,B09B2FD7XV
JNE3560-KR-XXL,JNE3560,Kurta,XXL,B08PCRPSKP
JNE3560-KR-XXXL,JNE3560,Kurta,3XL,B09B2G7CKV
JNE3561-KR-XXXL,JNE3561,Kurta,3XL,B09TL16683
JNE3562-KR-L,JNE3562,Kurta,L,B08MYT9TPL
JNE3562-KR-M,JNE3562,Kurta,M,B08MYTT6CV
JNE3562-KR-S,JNE3562,Kurta,S,B08MYSDK2X
JNE3562-KR-XL,JNE3562,Kurta,XL,B08MYWM9D2
JNE3562-KR-XXL,JNE3562,Kurta,XXL,B08MYTBNPH
JNE3563-KR-L,JNE3563,Kurta,L,B08MYV5N2Z
JNE3563-KR-M,JNE3563,Kurta,M,B08MYRR76T
JNE3563-KR-S,JNE3563,Kurta,S,B08MYV1CVX
JNE3563-KR-XL,JNE3563,Kurta,XL,B08MYSYBLM
JNE3563-KR-XS,JNE3563,Kurta,XS,B09HMXSDF8
JNE3563-KR-XXL,JNE3563,Kurta,XXL,B08MYRD2QH
JNE3563-KR-XXXL,JNE3563,Kurta,3XL,B09HMXZTKD
JNE3564-KR-L,JNE3564,Kurta,L,B08MYSZ794
JNE3564-KR-M,JNE3564,Kurta,M,B08MYSJX83
JNE3564-KR-S,JNE3564,Kurta,S,B08MYN67BF
JNE3564-KR-XL,JNE3564,Kurta,XL,B08MYVBRWB
JNE3564-KR-XS,JNE3564,Kurta,XS,B09B2CK6KG
JNE3564-KR-XXL,JNE3564,Kurta,XXL,B08MYV7SM8
JNE3564-KR-XXXL,JNE3564,Kurta,3XL,B09B2FNCBT
JNE3565-KR-L,JNE3565,Kurta,L,B08QGKV5QF
JNE3565-KR-M,JNE3565,Kurta,M,B08QGNMZ6V
JNE3565-KR-S,JNE3565,Kurta,S,B08QGLS57Z
JNE3565-KR-XL,JNE3565,Kurta,XL,B08QGN8BGN
JNE3565-KR-XS,JNE3565,Kurta,XS,B09B2DZS1V
JNE3565-KR-XXL,JNE3565,Kurta,XXL,B08QGLJFSH
JNE3566-KR-L,JNE3566,Kurta,L,B08MX62LLZ
JNE3566-KR-M,JNE3566,Kurta,M,B08MXBM5TV
JNE3566-KR-S,JNE3566,Kurta,S,B08MXBZ5MT
JNE3566-KR-XL,JNE3566,Kurta,XL,B08MXCWL6Z
JNE3566-KR-XXL,JNE3566,Kurta,XXL,B08MXCJDTN
JNE3567-KR-L,JNE3567,Kurta,L,B08KRXTFXH
JNE3567-KR-M,JNE3567,Kurta,M,B08KRXV1QR
JNE3567-KR-S,JNE3567,Kurta,S,B08KS1W7V8
JNE3567-KR-XL,JNE3567,Kurta,XL,B08KRTXC2Y
JNE3567-KR-XS,JNE3567,Kurta,XS,B08KRXDR4Y
JNE3567-KR-XXL,JNE3567,Kurta,XXL,B08KRYCC8J
JNE3567-KR-XXXL,JNE3567,Kurta,3XL,B08KRZK1NB
JNE3568-KR-L,JNE3568,Kurta,L,B08KS2BPL8
JNE3568-KR-M,JNE3568,Kurta,M,B08KRZRSCL
JNE3568-KR-S,JNE3568,Kurta,S,B08KRYGJD1
JNE3568-KR-XL,JNE3568,Kurta,XL,B08KS2BCHS
JNE3568-KR-XS,JNE3568,Kurta,XS,B08KRSK8BX
JNE3568-KR-XXL,JNE3568,Kurta,XXL,B08KRYXSYH
JNE3568-KR-XXXL,JNE3568,Kurta,3XL,B08KRYSKWF
JNE3570-KR-XS,JNE3570,Kurta,XS,B09B29BR1P
JNE3571-KR-L,JNE3571,Kurta,L,B08MXC2LYX
JNE3571-KR-M,JNE3571,Kurta,M,B08MXDM9RY
JNE3571-KR-S,JNE3571,Kurta,S,B08MXCM2J5
JNE3571-KR-XL,JNE3571,Kurta,XL,B08MXF3X54
JNE3571-KR-XS,JNE3571,Kurta,XS,B09B2GM8LV
JNE3571-KR-XXL,JNE3571,Kurta,XXL,B08MXCJC5Z
JNE3571-KR-XXXL,JNE3571,Kurta,3XL,B09B2GHK8F
JNE3573-KR-S,JNE3573,Kurta,S,B08PCSTCGN
JNE3573-KR-XS,JNE3573,Kurta,XS,B09HMWV93S
JNE3573-KR-XXL,JNE3573,Kurta,XXL,B08PCS3W6R
JNE3573-KR-XXXL,JNE3573,Kurta,3XL,B09HMX1GSN
JNE3574-KR-L,JNE3574,Kurta,L,B08MYX1DXG
JNE3574-KR-S,JNE3574,Kurta,S,B08MYTTHJX
JNE3574-KR-XL,JNE3574,Kurta,XL,B08MYVX2D9
JNE3574-KR-XS,JNE3574,Kurta,XS,B09B2JDHPK
JNE3574-KR-XXL,JNE3574,Kurta,XXL,B08MYSVSSZ
JNE3574-KR-XXXL,JNE3574,Kurta,3XL,B09B2BWFFK
JNE3575-KR-L,JNE3575,Kurta,L,B08MXBT88K
JNE3575-KR-M,JNE3575,Kurta,M,B08MXBM5TB
JNE3575-KR-S,JNE3575,Kurta,S,B08MXBNWY7
JNE3575-KR-XL,JNE3575,Kurta,XL,B08MX6KTYV
JNE3575-KR-XS,JNE3575,Kurta,XS,B09HMXWN3N
JNE3575-KR-XXL,JNE3575,Kurta,XXL,B08MXC6QCP
JNE3575-KR-XXXL,JNE3575,Kurta,3XL,B09HMTLC5L
JNE3576-KR-L,JNE3576,Kurta,L,B08MXD858R
JNE3576-KR-M,JNE3576,Kurta,M,B08MXBN387
JNE3576-KR-XL,JNE3576,Kurta,XL,B08MXF6PS9
JNE3576-KR-XS,JNE3576,Kurta,XS,B09B2DXDQ2
JNE3576-KR-XXL,JNE3576,Kurta,XXL,B08MX5F39T
JNE3576-KR-XXXL,JNE3576,Kurta,3XL,B09B2F8N1G
JNE3577-KR-L,JNE3577,Kurta,L,B08MYV7XSM
JNE3577-KR-M,JNE3577,Kurta,M,B08MYT13YV
JNE3577-KR-S,JNE3577,Kurta,S,B08MYV4CHS
JNE3577-KR-XL,JNE3577,Kurta,XL,B08MYSSPT8
JNE3577-KR-XS,JNE3577,Kurta,XS,B09B2DN69X
JNE3577-KR-XXL,JNE3577,Kurta,XXL,B08MYSTW9C
JNE3577-KR-XXXL,JNE3577,Kurta,3XL,B09B2F2WSN
JNE3578-KR-L,JNE3578,Kurta,L,B08QJKGR8T
JNE3578-KR-M,JNE3578,Kurta,M,B08QJMGR6K
JNE3578-KR-S,JNE3578,Kurta,S,B08QJD24XR
JNE3578-KR-XL,JNE3578,Kurta,XL,B08QJKPYCS
JNE3578-KR-XS,JNE3578,Kurta,XS,B09B2GSP8G
JNE3578-KR-XXL,JNE3578,Kurta,XXL,B08QJK5LVL
JNE3579-KR-L,JNE3579,Kurta,L,B08QGL9C1P
JNE3579-KR-M,JNE3579,Kurta,M,B08QGK2BS2
JNE3579-KR-S,JNE3579,Kurta,S,B08QGHLMQZ
JNE3579-KR-XL,JNE3579,Kurta,XL,B08QGMKVDN
JNE3579-KR-XS,JNE3579,Kurta,XS,B08QGJ6WSL
JNE3579-KR-XXL,JNE3579,Kurta,XXL,B08QGL9X1N
JNE3579-KR-XXXL,JNE3579,Kurta,3XL,B08QGJTZQS
JNE3581-KR-L,JNE3581,Kurta,L,B09811YYND
JNE3581-KR-M,JNE3581,Kurta,M,B0981312JV
JNE3581-KR-S,JNE3581,Kurta,S,B0981293MJ
JNE3581-KR-XL,JNE3581,Kurta,XL,B098134X4J
JNE3581-KR-XXL,JNE3581,Kurta,XXL,B09812PDWC
JNE3601-KR-L,JNE3601,Kurta,L,B08QJM4J9Z
JNE3601-KR-M,JNE3601,Kurta,M,B08QJL3RQ5
JNE3601-KR-S,JNE3601,Kurta,S,B08QJLN4GN
JNE3601-KR-XL,JNE3601,Kurta,XL,B08QJN1DQJ
JNE3601-KR-XS,JNE3601,Kurta,XS,B08QJLTMRK
JNE3601-KR-XXL,JNE3601,Kurta,XXL,B08QJLQ16K
JNE3602-KR-L,JNE3602,Kurta,L,B097ZZPVK6
JNE3602-KR-M,JNE3602,Kurta,M,B09811MVVJ
JNE3602-KR-S,JNE3602,Kurta,S,B098121MRZ
JNE3602-KR-XL,JNE3602,Kurta,XL,B09811RSZV
JNE3602-KR-XS,JNE3602,Kurta,XS,B09812DV18
JNE3602-KR-XXL,JNE3602,Kurta,XXL,B097ZZBYKN
JNE3602-KR-XXXL,JNE3602,Kurta,3XL,B098117TTK
JNE3603-KR-L,JNE3603,Kurta,L,B08RYPBDD4
JNE3603-KR-M,JNE3603,Kurta,M,B08RYN2W4K
JNE3603-KR-S,JNE3603,Kurta,S,B08RYNRYGQ
JNE3603-KR-XL,JNE3603,Kurta,XL,B08RYP45X4
JNE3603-KR-XXL,JNE3603,Kurta,XXL,B08RYNBTRN
JNE3605-KR-L,JNE3605,Kurta,L,B08N3ZRJFC
JNE3605-KR-M,JNE3605,Kurta,M,B08N4WFDQ9
JNE3605-KR-S,JNE3605,Kurta,S,B08N45SRK6
JNE3605-KR-XL,JNE3605,Kurta,XL,B08N4DK8X5
JNE3605-KR-XS,JNE3605,Kurta,XS,B08N43KQMJ
JNE3605-KR-XXL,JNE3605,Kurta,XXL,B08N4PZ36K
JNE3605-KR-XXXL,JNE3605,Kurta,3XL,B08N49XKCL
JNE3606-KR-L,JNE3606,Kurta,L,B08MYTXTRW
JNE3606-KR-M,JNE3606,Kurta,M,B08MYTNW25
JNE3606-KR-S,JNE3606,Kurta,S,B08MYTJ6LH
JNE3606-KR-XL,JNE3606,Kurta,XL,B08MYTVF1F
JNE3606-KR-XS,JNE3606,Kurta,XS,B08MYV23VX
JNE3606-KR-XXL,JNE3606,Kurta,XXL,B08MYTY6B9
JNE3606-KR-XXXL,JNE3606,Kurta,3XL,B08MYRJJC9
JNE3607-KR-L,JNE3607,Kurta,L,B08TH9B983
JNE3607-KR-M,JNE3607,Kurta,M,B08TGN7N1L
JNE3607-KR-S,JNE3607,Kurta,S,B08TH27G2M
JNE3607-KR-XL,JNE3607,Kurta,XL,B08TGZCN3N
JNE3607-KR-XS,JNE3607,Kurta,XS,B08TH2BJRS
JNE3607-KR-XXL,JNE3607,Kurta,XXL,B08TH4GTW9
JNE3607-KR-XXXL,JNE3607,Kurta,3XL,B08TH21TCJ
JNE3608-KR-L,JNE3608,Kurta,L,B08TH4MQD2
JNE3608-KR-M,JNE3608,Kurta,M,B08TGX4J2J
JNE3608-KR-S,JNE3608,Kurta,S,B08TH4TYXD
JNE3608-KR-XL,JNE3608,Kurta,XL,B08TH9KJM2
JNE3608-KR-XS,JNE3608,Kurta,XS,B08TH2M8KR
JNE3608-KR-XXL,JNE3608,Kurta,XXL,B08TH7SKGY
JNE3608-KR-XXXL,JNE3608,Kurta,3XL,B08TH2FGQR
JNE3609-KR-L,JNE3609,Kurta,L,B08W28FD2K
JNE3609-KR-M,JNE3609,Kurta,M,B08W2C46RD
JNE3609-KR-S,JNE3609,Kurta,S,B08W2M9KMF
JNE3609-KR-XL,JNE3609,Kurta,XL,B08W1RQ2GZ
JNE3609-KR-XS,JNE3609,Kurta,XS,B08W1PD48Y
JNE3609-KR-XXL,JNE3609,Kurta,XXL,B08W1HC76G
JNE3609-KR-XXXL,JNE3609,Kurta,3XL,B08W2R1L7V
JNE3610-KR-L,JNE3610,Kurta,L,B0983N8N3J
JNE3610-KR-M,JNE3610,Kurta,M,B0983LKQHS
JNE3610-KR-S,JNE3610,Kurta,S,B0983NCWHZ
JNE3610-KR-XL,JNE3610,Kurta,XL,B0983MGH2P
JNE3610-KR-XS,JNE3610,Kurta,XS,B0983S5QY3
JNE3610-KR-XXL,JNE3610,Kurta,XXL,B0983N7S42
JNE3610-KR-XXXL,JNE3610,Kurta,3XL,B0983NWPWX
JNE3611-KR-L,JNE3611,Kurta,L,B08XVQMSJV
JNE3611-KR-M,JNE3611,Kurta,M,B08XWH2WNK
JNE3611-KR-S,JNE3611,Kurta,S,B08XVVJ97H
JNE3611-KR-XL,JNE3611,Kurta,XL,B08XVPKBKG
JNE3611-KR-XS,JNE3611,Kurta,XS,B08XVSZ5DQ
JNE3611-KR-XXL,JNE3611,Kurta,XXL,B08XVKLMZK
JNE3611-KR-XXXL,JNE3611,Kurta,3XL,B08XVRKF6V
JNE3612-KR-L,JNE3612,Kurta,L,B091Q9FZ36
JNE3612-KR-M,JNE3612,Kurta,M,B091Q8N866
JNE3612-KR-S,JNE3612,Kurta,S,B091Q7G4PC
JNE3612-KR-XL,JNE3612,Kurta,XL,B091Q8L39S
JNE3612-KR-XS,JNE3612,Kurta,XS,B091QBL5QS
JNE3612-KR-XXL,JNE3612,Kurta,XXL,B091Q7MS68
JNE3612-KR-XXXL,JNE3612,Kurta,3XL,B091Q94RXT
JNE3613-KR-L,JNE3613,Kurta,L,B08XVFSDR2
JNE3613-KR-M,JNE3613,Kurta,M,B08XW3RW7P
JNE3613-KR-S,JNE3613,Kurta,S,B08XVT2HP4
JNE3613-KR-XL,JNE3613,Kurta,XL,B08XVKMPHJ
JNE3613-KR-XS,JNE3613,Kurta,XS,B08XW83VLB
JNE3613-KR-XXL,JNE3613,Kurta,XXL,B08XWBRM8L
JNE3613-KR-XXXL,JNE3613,Kurta,3XL,B08XVNX5LD
JNE3614-KR-L,JNE3614,Kurta,L,B098133PV7
JNE3614-KR-M,JNE3614,Kurta,M,B09811QMHB
JNE3614-KR-S,JNE3614,Kurta,S,B09812PZ52
JNE3614-KR-XL,JNE3614,Kurta,XL,B097ZZHBTC
JNE3614-KR-XS,JNE3614,Kurta,XS,B09812M1LM
JNE3614-KR-XXL,JNE3614,Kurta,XXL,B097ZYSHFF
JNE3614-KR-XXXL,JNE3614,Kurta,3XL,B098129875
JNE3615-KR-L,JNE3615,Kurta,L,B091Q9FDFP
JNE3615-KR-M,JNE3615,Kurta,M,B091Q9S5WQ
JNE3615-KR-S,JNE3615,Kurta,S,B091Q97MMC
JNE3615-KR-XL,JNE3615,Kurta,XL,B091Q8BNLR
JNE3615-KR-XS,JNE3615,Kurta,XS,B091Q9BRCM
JNE3615-KR-XXL,JNE3615,Kurta,XXL,B091Q9DBJX
JNE3615-KR-XXXL,JNE3615,Kurta,3XL,B091Q8934K
JNE3616-KR-L,JNE3616,Kurta,L,B0981184FT
JNE3616-KR-M,JNE3616,Kurta,M,B09811QHPX
JNE3616-KR-XL,JNE3616,Kurta,XL,B097ZZLL9G
JNE3616-KR-XS,JNE3616,Kurta,XS,B09814Q41H
JNE3616-KR-XXL,JNE3616,Kurta,XXL,B098142BFM
JNE3616-KR-XXXL,JNE3616,Kurta,3XL,B09812HST6
JNE3617-KR-L,JNE3617,Kurta,L,B097ZYJM6P
JNE3617-KR-M,JNE3617,Kurta,M,B0981333HC
JNE3617-KR-S,JNE3617,Kurta,S,B097ZZKR4N
JNE3617-KR-XL,JNE3617,Kurta,XL,B097ZZF2BD
JNE3617-KR-XS,JNE3617,Kurta,XS,B09811HP4F
JNE3617-KR-XXL,JNE3617,Kurta,XXL,B097ZZKJLB
JNE3617-KR-XXXL,JNE3617,Kurta,3XL,B09812LVD9
JNE3618-KR-L,JNE3618,Kurta,L,B091Q84CBF
JNE3618-KR-M,JNE3618,Kurta,M,B091Q9Q34N
JNE3618-KR-S,JNE3618,Kurta,S,B091QB6SSN
JNE3618-KR-XL,JNE3618,Kurta,XL,B092SGXQBG
JNE3618-KR-XS,JNE3618,Kurta,XS,B091Q9S5ZK
JNE3618-KR-XXL,JNE3618,Kurta,XXL,B091Q9J9QL
JNE3618-KR-XXXL,JNE3618,Kurta,3XL,B091Q8D5D3
JNE3619-KR-L,JNE3619,Kurta,L,B091Q8GQLG
JNE3619-KR-M,JNE3619,Kurta,M,B091Q8446G
JNE3619-KR-S,JNE3619,Kurta,S,B091Q8JXX9
JNE3619-KR-XL,JNE3619,Kurta,XL,B091Q8YDPP
JNE3619-KR-XS,JNE3619,Kurta,XS,B091Q8BKLW
JNE3619-KR-XXL,JNE3619,Kurta,XXL,B091Q97C9S
JNE3620-KR-L,JNE3620,Kurta,L,B091Q8JYY5
JNE3620-KR-M,JNE3620,Kurta,M,B091Q9FQ4B
JNE3620-KR-S,JNE3620,Kurta,S,B091Q8WX4W
JNE3620-KR-XL,JNE3620,Kurta,XL,B091Q97FJ7
JNE3620-KR-XS,JNE3620,Kurta,XS,B091Q86HCQ
JNE3620-KR-XXL,JNE3620,Kurta,XXL,B091Q92M8Z
JNE3620-KR-XXXL,JNE3620,Kurta,3XL,B091Q9Y2PS
JNE3621-KR-A-S,JNE3621,Kurta,S,B0B3MYYSVP
JNE3621-KR-A-XL,JNE3621,Kurta,XL,B0B3MYL7FV
JNE3621-KR-A-XXL,JNE3621,Kurta,XXL,B0B3N15K4L
JNE3621-KR-A-XXXL,JNE3621,Kurta,3XL,B0B3MZJXNC
JNE3621-KR-L,JNE3621,Kurta,L,B08W28CDHX
JNE3621-KR-M,JNE3621,Kurta,M,B08W1L7BMY
JNE3621-KR-S,JNE3621,Kurta,S,B08W1VTYWD
JNE3621-KR-XL,JNE3621,Kurta,XL,B08W1HFQLX
JNE3621-KR-XXL,JNE3621,Kurta,XXL,B08W27CYXW
JNE3622-KR-L,JNE3622,Kurta,L,B08W1SPSPH
JNE3622-KR-M,JNE3622,Kurta,M,B08W2JM2W4
JNE3622-KR-S,JNE3622,Kurta,S,B08W29LBSS
JNE3622-KR-XL,JNE3622,Kurta,XL,B08W1ZTMD3
JNE3622-KR-XS,JNE3622,Kurta,XS,B09B2DW8S7
JNE3622-KR-XXL,JNE3622,Kurta,XXL,B08W1RS6CL
JNE3622-KR-XXXL,JNE3622,Kurta,3XL,B09B2G6SF4
JNE3623-KR-L,JNE3623,Kurta,L,B08W1Z8XN1
JNE3623-KR-M,JNE3623,Kurta,M,B08W26LH14
JNE3623-KR-S,JNE3623,Kurta,S,B08W2K14CM
JNE3623-KR-XS,JNE3623,Kurta,XS,B09B2FFF2X
JNE3623-KR-XXXL,JNE3623,Kurta,3XL,B09B2GHWP2
JNE3624-KR-L,JNE3624,Kurta,L,B091Q9HG65
JNE3624-KR-S,JNE3624,Kurta,S,B091QBLY19
JNE3624-KR-XL,JNE3624,Kurta,XL,B091Q9NYLN
JNE3625-DR-L,JNE3625,Western Dress,L,B08W52815Z
JNE3625-DR-M,JNE3625,Western Dress,M,B08W521STV
JNE3625-DR-S,JNE3625,Western Dress,S,B08W519YD1
JNE3625-DR-XL,JNE3625,Western Dress,XL,B08W51QN7D
JNE3625-DR-XXL,JNE3625,Western Dress,XXL,B08W4ZHWRB
JNE3625-DR-XXXL,JNE3625,Western Dress,3XL,B09TL1154N
JNE3627-KR-L,JNE3627,Kurta,L,B08W1SP4PR
JNE3627-KR-M,JNE3627,Kurta,M,B08W1Y3CBS
JNE3627-KR-S,JNE3627,Kurta,S,B08W27G7Q3
JNE3627-KR-XL,JNE3627,Kurta,XL,B08W2JV979
JNE3627-KR-XS,JNE3627,Kurta,XS,B09TL1RSH9
JNE3627-KR-XXXL,JNE3627,Kurta,3XL,B09TL1F68S
JNE3628-KR-L,JNE3628,Kurta,L,B08W9JQTN1
JNE3628-KR-XL,JNE3628,Kurta,XL,B08W9BZ2M3
JNE3628-KR-XS,JNE3628,Kurta,XS,B09HMX1NZK
JNE3628-KR-XXL,JNE3628,Kurta,XXL,B08W9V4DDN
JNE3628-KR-XXXL,JNE3628,Kurta,3XL,B09HMXWMRR
JNE3629-KR-M,JNE3629,Kurta,M,B08W2DV8R1
JNE3629-KR-S,JNE3629,Kurta,S,B08W23XVC6
JNE3629-KR-XL,JNE3629,Kurta,XL,B08W1PHJSG
JNE3629-KR-XS,JNE3629,Kurta,XS,B09TKZHP3V
JNE3629-KR-XXL,JNE3629,Kurta,XXL,B08W2DHFFD
JNE3629-KR-XXXL,JNE3629,Kurta,3XL,B09TKZZRKW
JNE3630-KR-L,JNE3630,Kurta,L,B09CSZ4KCC
JNE3630-KR-M,JNE3630,Kurta,M,B09CSV6Z84
JNE3630-KR-S,JNE3630,Kurta,S,B09CSSC1ZX
JNE3630-KR-XL,JNE3630,Kurta,XL,B09CT26638
JNE3630-KR-XS,JNE3630,Kurta,XS,B09CTHW7LF
JNE3630-KR-XXL,JNE3630,Kurta,XXL,B09CTBRNWK
JNE3630-KR-XXXL,JNE3630,Kurta,3XL,B09CT4QFXS
JNE3631-DR-M,JNE3631,Western Dress,M,B09832YWD6
JNE3631-DR-XL,JNE3631,Western Dress,XL,B09831R71P
JNE3631-DR-XS,JNE3631,Western Dress,XS,B098331LD4
JNE3633-KR-L,JNE3633,Kurta,L,B094FK7621
JNE3633-KR-M,JNE3633,Kurta,M,B094FKV8JK
JNE3633-KR-S,JNE3633,Kurta,S,B094FJ9GJ9
JNE3633-KR-XL,JNE3633,Kurta,XL,B094FMXDFB
JNE3633-KR-XS,JNE3633,Kurta,XS,B094FNYJJ5
JNE3633-KR-XXL,JNE3633,Kurta,XXL,B094FL7XWR
JNE3633-KR-XXXL,JNE3633,Kurta,3XL,B094FQ32VX
JNE3634-KR-L,JNE3634,Kurta,L,B0981152GP
JNE3634-KR-M,JNE3634,Kurta,M,B097ZZR31W
JNE3634-KR-S,JNE3634,Kurta,S,B09811Q5NS
JNE3634-KR-XL,JNE3634,Kurta,XL,B097ZZLC2X
JNE3634-KR-XS,JNE3634,Kurta,XS,B09813XDGT
JNE3634-KR-XXL,JNE3634,Kurta,XXL,B097ZZZR1P
JNE3634-KR-XXXL,JNE3634,Kurta,3XL,B097ZZTMZD
JNE3635-KR-L,JNE3635,Kurta,L,B08XVYN7G6
JNE3635-KR-M,JNE3635,Kurta,M,B08XVR446F
JNE3635-KR-S,JNE3635,Kurta,S,B08XVZ7YGN
JNE3635-KR-XL,JNE3635,Kurta,XL,B08XVM1XQJ
JNE3635-KR-XS,JNE3635,Kurta,XS,B08XWB7KVX
JNE3635-KR-XXL,JNE3635,Kurta,XXL,B08XVFNF71
JNE3635-KR-XXXL,JNE3635,Kurta,3XL,B08XVFQLH6
JNE3636-KR-L,JNE3636,Kurta,L,B098133MK5
JNE3636-KR-M,JNE3636,Kurta,M,B097ZZHW66
JNE3636-KR-S,JNE3636,Kurta,S,B09812HST7
JNE3636-KR-XL,JNE3636,Kurta,XL,B09813H6G4
JNE3636-KR-XS,JNE3636,Kurta,XS,B098116JZX
JNE3636-KR-XXL,JNE3636,Kurta,XXL,B09811KJQ5
JNE3636-KR-XXXL,JNE3636,Kurta,3XL,B09812FYH9
JNE3637-KR-L,JNE3637,Kurta,L,B099F9XP34
JNE3637-KR-M,JNE3637,Kurta,M,B099FDV82Y
JNE3637-KR-S,JNE3637,Kurta,S,B099FC6GFT
JNE3637-KR-XL,JNE3637,Kurta,XL,B099FDK6ZZ
JNE3637-KR-XS,JNE3637,Kurta,XS,B09TL2121W
JNE3637-KR-XXL,JNE3637,Kurta,XXL,B099F9QP5S
JNE3637-KR-XXXL,JNE3637,Kurta,3XL,B09TKZPRDH
JNE3638-KR-L,JNE3638,Kurta,L,B098128VK9
JNE3638-KR-M,JNE3638,Kurta,M,B098133MK4
JNE3638-KR-S,JNE3638,Kurta,S,B09813LPYX
JNE3638-KR-XL,JNE3638,Kurta,XL,B09812STL3
JNE3638-KR-XS,JNE3638,Kurta,XS,B09814Q3QH
JNE3638-KR-XXL,JNE3638,Kurta,XXL,B098126DTY
JNE3638-KR-XXXL,JNE3638,Kurta,3XL,B09812MM2Q
JNE3639-TP-N-L,JNE3639,Top,L,B08ZJ37HW4
JNE3639-TP-N-M,JNE3639,Top,M,B08ZHMSJVJ
JNE3639-TP-N-S,JNE3639,Top,S,B08ZHYVZGH
JNE3639-TP-N-XL,JNE3639,Top,XL,B08ZHRYMZD
JNE3639-TP-N-XS,JNE3639,Top,XS,B08ZHQN562
JNE3639-TP-N-XXL,JNE3639,Top,XXL,B08ZH7RVGJ
JNE3640-TP-N-L,JNE3640,Top,L,B08ZHZP9B5
JNE3640-TP-N-M,JNE3640,Top,M,B08ZHM3373
JNE3640-TP-N-S,JNE3640,Top,S,B08ZJCN3DP
JNE3640-TP-N-XL,JNE3640,Top,XL,B08ZJ297YM
JNE3640-TP-N-XS,JNE3640,Top,XS,B08ZJ1HDWL
JNE3640-TP-N-XXL,JNE3640,Top,XXL,B08ZHWQWSX
JNE3641-TP-N-S,JNE3641,Top,S,B08ZJ375LH
JNE3641-TP-N-XS,JNE3641,Top,XS,B08ZH9LS2B
JNE3641-TP-N-XXL,JNE3641,Top,XXL,B08ZH7L9CZ
JNE3642-TP-L,JNE3642,Top,L,B09436FYYN
JNE3642-TP-S,JNE3642,Top,S,B09433XCJJ
JNE3642-TP-XL,JNE3642,Top,XL,B09432TL5X
JNE3642-TP-XS,JNE3642,Top,XS,B09438BQYF
JNE3642-TP-XXL,JNE3642,Top,XXL,B09434XSZF
JNE3643-TP-N-L,JNE3643,Top,L,B08ZJ2DBVJ
JNE3643-TP-N-S,JNE3643,Top,S,B08ZJ63CZL
JNE3643-TP-N-XL,JNE3643,Top,XL,B08ZJPF7DD
JNE3643-TP-N-XS,JNE3643,Top,XS,B08ZJ6WWBC
JNE3643-TP-N-XXL,JNE3643,Top,XXL,B08ZJ238H1
JNE3644-TP-N-L,JNE3644,Top,L,B08ZHMBHXP
JNE3644-TP-N-S,JNE3644,Top,S,B08ZJ5RHDL
JNE3644-TP-N-XL,JNE3644,Top,XL,B08ZHZ42JQ
JNE3644-TP-N-XS,JNE3644,Top,XS,B08ZHKVL9T
JNE3644-TP-N-XXL,JNE3644,Top,XXL,B08ZHP829N
JNE3645-TP-N-L,JNE3645,Top,L,B08ZHNGS54
JNE3645-TP-N-M,JNE3645,Top,M,B08ZHSXP1S
JNE3645-TP-N-S,JNE3645,Top,S,B08ZHN6H5T
JNE3645-TP-N-XL,JNE3645,Top,XL,B08ZHQ7W7T
JNE3645-TP-N-XS,JNE3645,Top,XS,B08ZJ2CB3B
JNE3645-TP-N-XXL,JNE3645,Top,XXL,B08ZH7C41R
JNE3647-TP-N-XS,JNE3647,Top,XS,B08ZHWM7X1
JNE3647-TP-N-XXL,JNE3647,Top,XXL,B08ZJ9R3JT
JNE3648-TP-N-L,JNE3648,Top,L,B08ZHQJHSQ
JNE3648-TP-N-M,JNE3648,Top,M,B08ZH9GDTY
JNE3648-TP-N-S,JNE3648,Top,S,B08ZJ4LHQ7
JNE3648-TP-N-XL,JNE3648,Top,XL,B08ZJ29M11
JNE3648-TP-N-XS,JNE3648,Top,XS,B08ZHZJYK8
JNE3648-TP-N-XXL,JNE3648,Top,XXL,B08ZJ98WXH
JNE3649-TP-N-XS,JNE3649,Top,XS,B08ZHXGHTJ
JNE3649-TP-N-XXL,JNE3649,Top,XXL,B08ZHSVQJL
JNE3651-TP-N-L,JNE3651,Top,L,B08ZHW6KDY
JNE3651-TP-N-M,JNE3651,Top,M,B08ZHWGYF2
JNE3651-TP-N-S,JNE3651,Top,S,B08ZHFLHG7
JNE3651-TP-N-XL,JNE3651,Top,XL,B08ZHDJTM5
JNE3651-TP-N-XS,JNE3651,Top,XS,B08ZHVQXGS
JNE3651-TP-N-XXL,JNE3651,Top,XXL,B08ZHL9KDP
JNE3652-TP-N-L,JNE3652,Top,L,B08ZHKRV5F
JNE3652-TP-N-M,JNE3652,Top,M,B08ZHVSHYY
JNE3652-TP-N-S,JNE3652,Top,S,B08ZHV1T4W
JNE3652-TP-N-XL,JNE3652,Top,XL,B08ZHXGSW3
JNE3652-TP-N-XS,JNE3652,Top,XS,B08ZJJK7MH
JNE3652-TP-N-XXL,JNE3652,Top,XXL,B08ZHHR63S
JNE3653-TP-N-XL,JNE3653,Top,XL,B08ZHCRTVS
JNE3653-TP-N-XXL,JNE3653,Top,XXL,B08ZJ6YTF9
JNE3654-TP-L,JNE3654,Top,L,B09B3GS5CM
JNE3654-TP-M,JNE3654,Top,M,B09B3HRDLP
JNE3654-TP-S,JNE3654,Top,S,B09B3FL96V
JNE3654-TP-XL,JNE3654,Top,XL,B09873BFC1
JNE3654-TP-XS,JNE3654,Top,XS,B0986ZFY2S
JNE3654-TP-XXL,JNE3654,Top,XXL,B09B3GWVJ9
JNE3655-TP-L,JNE3655,Top,L,B0986ZN4M1
JNE3655-TP-M,JNE3655,Top,M,B0986ZLQJJ
JNE3655-TP-S,JNE3655,Top,S,B0986Z551L
JNE3655-TP-XL,JNE3655,Top,XL,B09B3G2FC7
JNE3655-TP-XS,JNE3655,Top,XS,B09B3HCC9V
JNE3655-TP-XXL,JNE3655,Top,XXL,B0986ZCF8X
JNE3656-TP-N-L,JNE3656,Top,L,B08ZHHW8Z7
JNE3656-TP-N-M,JNE3656,Top,M,B08ZHJW9M4
JNE3656-TP-N-S,JNE3656,Top,S,B08ZHDF8NH
JNE3656-TP-N-XL,JNE3656,Top,XL,B08ZHMNKXY
JNE3656-TP-N-XXL,JNE3656,Top,XXL,B08ZHS7GZX
JNE3657-TP-XS,JNE3657,Top,XS,B0986RQ76F
JNE3657-TP-XXL,JNE3657,Top,XXL,B098735JQJ
JNE3658-TP-L,JNE3658,Top,L,B094346FB7
JNE3658-TP-M,JNE3658,Top,M,B09434ZD32
JNE3658-TP-S,JNE3658,Top,S,B0943BZY9W
JNE3658-TP-XL,JNE3658,Top,XL,B09438J634
JNE3658-TP-XS,JNE3658,Top,XS,B094381R8G
JNE3658-TP-XXL,JNE3658,Top,XXL,B09438M9DD
JNE3659-TP-N-L,JNE3659,Top,L,B08ZHT1PKK
JNE3659-TP-N-M,JNE3659,Top,M,B08ZH99ND2
JNE3659-TP-N-S,JNE3659,Top,S,B08ZHPC5JP
JNE3659-TP-N-XL,JNE3659,Top,XL,B08ZHZWF2N
JNE3659-TP-N-XS,JNE3659,Top,XS,B08ZJ5RSCH
JNE3659-TP-N-XXL,JNE3659,Top,XXL,B08ZJBYJTN
JNE3660-TP-N-L,JNE3660,Top,L,B08ZHX5NDS
JNE3660-TP-N-M,JNE3660,Top,M,B08ZHWQWSW
JNE3660-TP-N-S,JNE3660,Top,S,B08ZHFVV6F
JNE3660-TP-N-XS,JNE3660,Top,XS,B08ZHJJNF5
JNE3660-TP-N-XXL,JNE3660,Top,XXL,B08ZJFBFBL
JNE3661-TP-XL,JNE3661,Top,XL,B09537LJ5M
JNE3661-TP-XS,JNE3661,Top,XS,B09539VBXQ
JNE3661-TP-XXL,JNE3661,Top,XXL,B09536SS8T
JNE3662-TP-M,JNE3662,Top,M,B0986XHWQC
JNE3662-TP-S,JNE3662,Top,S,B0986YM94G
JNE3662-TP-XS,JNE3662,Top,XS,B0986ZVL6Y
JNE3662-TP-XXL,JNE3662,Top,XXL,B0986XVBGH
JNE3663-TP-L,JNE3663,Top,L,B0986S5GKS
JNE3663-TP-M,JNE3663,Top,M,B0986XXMHD
JNE3663-TP-S,JNE3663,Top,S,B0986XXJ5Q
JNE3665-TP-L,JNE3665,Top,L,B0986XV34R
JNE3665-TP-M,JNE3665,Top,M,B098755S1W
JNE3665-TP-S,JNE3665,Top,S,B0986ZP5HZ
JNE3665-TP-XL,JNE3665,Top,XL,B0986XPC9V
JNE3665-TP-XS,JNE3665,Top,XS,B0986XYRG8
JNE3665-TP-XXL,JNE3665,Top,XXL,B0986ZRSH7
JNE3666-TP-L,JNE3666,Top,L,B0986XY9RC
JNE3666-TP-M,JNE3666,Top,M,B0986XM87V
JNE3666-TP-S,JNE3666,Top,S,B0986XVCMN
JNE3666-TP-XL,JNE3666,Top,XL,B0986XVSJF
JNE3666-TP-XS,JNE3666,Top,XS,B0986XGW73
JNE3666-TP-XXL,JNE3666,Top,XXL,B0986YM7P3
JNE3667-TP-L,JNE3667,Top,L,B0986XY4VG
JNE3667-TP-M,JNE3667,Top,M,B098713RKD
JNE3667-TP-S,JNE3667,Top,S,B0986W43C3
JNE3667-TP-XL,JNE3667,Top,XL,B0986Z33PW
JNE3667-TP-XS,JNE3667,Top,XS,B098718KC1
JNE3667-TP-XXL,JNE3667,Top,XXL,B0986ZMJ95
JNE3668-TP-N-L,JNE3668,Top,L,B08ZJ44BFN
JNE3668-TP-N-M,JNE3668,Top,M,B08ZHNDV5P
JNE3668-TP-N-S,JNE3668,Top,S,B08ZHH8P8R
JNE3668-TP-N-XL,JNE3668,Top,XL,B08ZJ1DG4L
JNE3668-TP-N-XXL,JNE3668,Top,XXL,B08ZJ72JTV
JNE3669-TU-S,JNE3669,Top,S,B09B3GMZYW
JNE3669-TU-XL,JNE3669,Top,XL,B0986YF66N
JNE3669-TU-XXL,JNE3669,Top,XXL,B09B3GVP53
JNE3669-TU-XXXL,JNE3669,Top,3XL,B09B3GNW8K
JNE3670-TU-L,JNE3670,Top,L,B0943HZN38
JNE3670-TU-M,JNE3670,Top,M,B0943LR6T1
JNE3670-TU-S,JNE3670,Top,S,B0943KRMLF
JNE3670-TU-XL,JNE3670,Top,XL,B0943KWXGV
JNE3670-TU-XS,JNE3670,Top,XS,B0943N6JL2
JNE3670-TU-XXL,JNE3670,Top,XXL,B0943JL3P8
JNE3670-TU-XXXL,JNE3670,Top,3XL,B0943H2M4C
JNE3671-TU-L,JNE3671,Top,L,B0986RYVDW
JNE3671-TU-M,JNE3671,Top,M,B0986X19QC
JNE3671-TU-S,JNE3671,Top,S,B09871M4DX
JNE3671-TU-XL,JNE3671,Top,XL,B0986XNKJJ
JNE3671-TU-XS,JNE3671,Top,XS,B0986XVJQH
JNE3671-TU-XXL,JNE3671,Top,XXL,B0986X16BT
JNE3671-TU-XXXL,JNE3671,Top,3XL,B098714BZP
JNE3672-TU-L,JNE3672,Top,L,B0943J3JDV
JNE3672-TU-M,JNE3672,Top,M,B0943J9RTL
JNE3672-TU-S,JNE3672,Top,S,B0943HVVGY
JNE3672-TU-XL,JNE3672,Top,XL,B0943HTGZ3
JNE3672-TU-XS,JNE3672,Top,XS,B0943HXHZZ
JNE3672-TU-XXL,JNE3672,Top,XXL,B0943KY23M
JNE3672-TU-XXXL,JNE3672,Top,3XL,B0943J8RHK
JNE3673-TU-L,JNE3673,Top,L,B0943CV4N8
JNE3673-TU-M,JNE3673,Top,M,B09439XZ7V
JNE3673-TU-S,JNE3673,Top,S,B09438K2GN
JNE3673-TU-XL,JNE3673,Top,XL,B0943FLTDS
JNE3673-TU-XS,JNE3673,Top,XS,B09435XLJD
JNE3673-TU-XXXL,JNE3673,Top,3XL,B09434WK43
JNE3674-TU-L,JNE3674,Top,L,B09434VXFX
JNE3674-TU-M,JNE3674,Top,M,B094368WZ8
JNE3674-TU-S,JNE3674,Top,S,B09433TH8P
JNE3674-TU-XL,JNE3674,Top,XL,B09432TL5Y
JNE3674-TU-XS,JNE3674,Top,XS,B09432J11D
JNE3674-TU-XXL,JNE3674,Top,XXL,B09435Y4V8
JNE3674-TU-XXXL,JNE3674,Top,3XL,B09435CZV7
JNE3675-TU-L,JNE3675,Top,L,B09432M4NC
JNE3675-TU-M,JNE3675,Top,M,B09438K2QJ
JNE3675-TU-S,JNE3675,Top,S,B0943FN3W4
JNE3675-TU-XL,JNE3675,Top,XL,B09434LP3S
JNE3675-TU-XS,JNE3675,Top,XS,B0943FB4P2
JNE3675-TU-XXL,JNE3675,Top,XXL,B09438DWKT
JNE3675-TU-XXXL,JNE3675,Top,3XL,B0943DKGXG
JNE3676-TU-L,JNE3676,Top,L,B09G6KC7FX
JNE3676-TU-M,JNE3676,Top,M,B09G6GNK7H
JNE3676-TU-S,JNE3676,Top,S,B09G6JS3JD
JNE3676-TU-XL,JNE3676,Top,XL,B09G6LG894
JNE3676-TU-XS,JNE3676,Top,XS,B09G6M8T9G
JNE3676-TU-XXL,JNE3676,Top,XXL,B09G6KLS6J
JNE3676-TU-XXXL,JNE3676,Top,3XL,B09G6K2HFG
JNE3678-TU-M,JNE3678,Top,M,B09439BXVY
JNE3678-TU-S,JNE3678,Top,S,B0943GQJ7M
JNE3678-TU-XL,JNE3678,Top,XL,B094354VNS
JNE3678-TU-XS,JNE3678,Top,XS,B0943HRS89
JNE3678-TU-XXL,JNE3678,Top,XXL,B0943HSR64
JNE3678-TU-XXXL,JNE3678,Top,3XL,B0943JB1NC
JNE3679-TU-L,JNE3679,Top,L,B0943J4SL3
JNE3679-TU-M,JNE3679,Top,M,B0943HXFNB
JNE3679-TU-S,JNE3679,Top,S,B09432Q9ZS
JNE3680-TU-A-L,JNE3680,Top,L,B09432HB15
JNE3680-TU-M,JNE3680,Top,M,B09438FK2J
JNE3680-TU-S,JNE3680,Top,S,B0943DPXH7
JNE3680-TU-XL,JNE3680,Top,XL,B0943BSBXT
JNE3680-TU-XS,JNE3680,Top,XS,B094379114
JNE3680-TU-XXL,JNE3680,Top,XXL,B09437VPRC
JNE3680-TU-XXXL,JNE3680,Top,3XL,B094373LWG
JNE3683-TU-S,JNE3683,Top,S,B094FJVXR4
JNE3683-TU-XL,JNE3683,Top,XL,B094FJHR9M
JNE3683-TU-XS,JNE3683,Top,XS,B094FKF1V1
JNE3684-TU-L,JNE3684,Top,L,B094368WHS
JNE3684-TU-M,JNE3684,Top,M,B09437C4NJ
JNE3684-TU-S,JNE3684,Top,S,B094381F4W
JNE3684-TU-XL,JNE3684,Top,XL,B0943BJRF9
JNE3684-TU-XS,JNE3684,Top,XS,B09433WP4R
JNE3684-TU-XXXL,JNE3684,Top,3XL,B0943BMD3R
JNE3686-TU-L,JNE3686,Top,L,B0943KX4RH
JNE3686-TU-M,JNE3686,Top,M,B0943J9TKN
JNE3686-TU-S,JNE3686,Top,S,B0943HVJTJ
JNE3686-TU-XL,JNE3686,Top,XL,B0943HX9XL
JNE3686-TU-XS,JNE3686,Top,XS,B0943JG975
JNE3686-TU-XXL,JNE3686,Top,XXL,B0943KXKSP
JNE3686-TU-XXXL,JNE3686,Top,3XL,B0943J7V7G
JNE3687-TU-L,JNE3687,Top,L,B098711MQX
JNE3687-TU-M,JNE3687,Top,M,B0986XRZ8X
JNE3687-TU-S,JNE3687,Top,S,B0986XYZ4L
JNE3687-TU-XL,JNE3687,Top,XL,B0986Z9HNW
JNE3687-TU-XS,JNE3687,Top,XS,B098733J8D
JNE3687-TU-XXL,JNE3687,Top,XXL,B0986ZQPWN
JNE3687-TU-XXXL,JNE3687,Top,3XL,B098736GK5
JNE3688-TU-L,JNE3688,Top,L,B099S9GZY7
JNE3688-TU-M,JNE3688,Top,M,B099S7J4XM
JNE3688-TU-S,JNE3688,Top,S,B099S79GWP
JNE3688-TU-XL,JNE3688,Top,XL,B099S91D2B
JNE3688-TU-XS,JNE3688,Top,XS,B099S8ZV85
JNE3688-TU-XXL,JNE3688,Top,XXL,B099S9Z51Z
JNE3688-TU-XXXL,JNE3688,Top,3XL,B099S7VZK9
JNE3689-TU-L,JNE3689,Top,L,B094FJ2VY6
JNE3689-TU-M,JNE3689,Top,M,B094FH94ZQ
JNE3689-TU-S,JNE3689,Top,S,B094FJC1XS
JNE3689-TU-XL,JNE3689,Top,XL,B094FJZ7MZ
JNE3689-TU-XS,JNE3689,Top,XS,B094FJ8SZ7
JNE3689-TU-XXL,JNE3689,Top,XXL,B094FH9CCW
JNE3689-TU-XXXL,JNE3689,Top,3XL,B094FJRNF2
JNE3690-TU-L,JNE3690,Top,L,B094FKG8H7
JNE3690-TU-M,JNE3690,Top,M,B094FKN9TM
JNE3690-TU-S,JNE3690,Top,S,B094FMCJQP
JNE3690-TU-XL,JNE3690,Top,XL,B094FKN153
JNE3690-TU-XS,JNE3690,Top,XS,B094FH578D
JNE3690-TU-XXL,JNE3690,Top,XXL,B094FJSTJR
JNE3690-TU-XXXL,JNE3690,Top,3XL,B094FLCKQN
JNE3691-TU-L,JNE3691,Top,L,B0986VTQL7
JNE3691-TU-M,JNE3691,Top,M,B0986YS2YT
JNE3691-TU-S,JNE3691,Top,S,B09875DFR2
JNE3691-TU-XL,JNE3691,Top,XL,B0986XQG53
JNE3691-TU-XS,JNE3691,Top,XS,B098717ZBD
JNE3691-TU-XXL,JNE3691,Top,XXL,B0986YR2M9
JNE3691-TU-XXXL,JNE3691,Top,3XL,B0986XZV1N
JNE3693-KR-M,JNE3693,Kurta,M,B0981293MP
JNE3693-KR-S,JNE3693,Kurta,S,B09811JTTJ
JNE3693-KR-XXL,JNE3693,Kurta,XXL,B0981389SF
JNE3694-KR-L,JNE3694,Kurta,L,B098114DVZ
JNE3694-KR-M,JNE3694,Kurta,M,B09811991Q
JNE3694-KR-S,JNE3694,Kurta,S,B097ZZV2GF
JNE3694-KR-XL,JNE3694,Kurta,XL,B09811F4VX
JNE3694-KR-XXL,JNE3694,Kurta,XXL,B097ZZR1BD
JNE3695-KR-M,JNE3695,Kurta,M,B0981196JL
JNE3695-KR-S,JNE3695,Kurta,S,B09811K8YF
JNE3695-KR-XL,JNE3695,Kurta,XL,B09814PZQZ
JNE3697-KR-L,JNE3697,Kurta,L,B09811Y7WM
JNE3697-KR-M,JNE3697,Kurta,M,B098136DNF
JNE3697-KR-S,JNE3697,Kurta,S,B09812G7DK
JNE3697-KR-XL,JNE3697,Kurta,XL,B098112V2V
JNE3697-KR-XXL,JNE3697,Kurta,XXL,B098133PV5
JNE3698-KR-L,JNE3698,Kurta,L,B09813S388
JNE3698-KR-M,JNE3698,Kurta,M,B09812CBY7
JNE3698-KR-S,JNE3698,Kurta,S,B09812D48V
JNE3698-KR-XL,JNE3698,Kurta,XL,B09811DF4K
JNE3698-KR-XXL,JNE3698,Kurta,XXL,B097ZYJGLT
JNE3700-KR-L,JNE3700,Kurta,L,B093ZS8LF7
JNE3700-KR-M,JNE3700,Kurta,M,B093ZS97TX
JNE3700-KR-S,JNE3700,Kurta,S,B093ZRGJHX
JNE3700-KR-XS,JNE3700,Kurta,XS,B093ZS7X8N
JNE3700-KR-XXL,JNE3700,Kurta,XXL,B093ZRMB85
JNE3700-KR-XXXL,JNE3700,Kurta,3XL,B093ZRY383
JNE3701-KR-L,JNE3701,Kurta,L,B094FLV8J9
JNE3701-KR-M,JNE3701,Kurta,M,B094FMS2BZ
JNE3701-KR-S,JNE3701,Kurta,S,B094FM7FSB
JNE3701-KR-XL,JNE3701,Kurta,XL,B094FL9R9M
JNE3701-KR-XS,JNE3701,Kurta,XS,B094FLP3GT
JNE3701-KR-XXL,JNE3701,Kurta,XXL,B094FPG9YS
JNE3701-KR-XXXL,JNE3701,Kurta,3XL,B094FN9P2S
JNE3702-KR-L,JNE3702,Kurta,L,B093ZS1FTT
JNE3702-KR-M,JNE3702,Kurta,M,B093ZRTBXN
JNE3702-KR-S,JNE3702,Kurta,S,B093ZS68K1
JNE3702-KR-XL,JNE3702,Kurta,XL,B093ZRG4WS
JNE3702-KR-XS,JNE3702,Kurta,XS,B093ZRNZ6Q
JNE3702-KR-XXL,JNE3702,Kurta,XXL,B093ZSHLJ1
JNE3702-KR-XXXL,JNE3702,Kurta,3XL,B093ZRBGR9
JNE3703-KR-L,JNE3703,Kurta,L,B099NMK3ZV
JNE3703-KR-M,JNE3703,Kurta,M,B099FCVXXD
JNE3703-KR-S,JNE3703,Kurta,S,B099FDNFFV
JNE3703-KR-XL,JNE3703,Kurta,XL,B099NNYQ1K
JNE3703-KR-XS,JNE3703,Kurta,XS,B099NP224P
JNE3703-KR-XXL,JNE3703,Kurta,XXL,B099FDH3P2
JNE3703-KR-XXXL,JNE3703,Kurta,3XL,B099F9YDTF
JNE3704-KR-L,JNE3704,Kurta,L,B099FD13MH
JNE3704-KR-M,JNE3704,Kurta,M,B099FCQ7C6
JNE3704-KR-S,JNE3704,Kurta,S,B099FD7355
JNE3704-KR-XL,JNE3704,Kurta,XL,B099FC6LF2
JNE3704-KR-XS,JNE3704,Kurta,XS,B099FD92JM
JNE3704-KR-XXL,JNE3704,Kurta,XXL,B099FBZ2J1
JNE3704-KR-XXXL,JNE3704,Kurta,3XL,B099FBYHPK
JNE3706-DR-L,JNE3706,Western Dress,L,B0982ZYR1X
JNE3706-DR-M,JNE3706,Western Dress,M,B098312LYF
JNE3706-DR-S,JNE3706,Western Dress,S,B0983157NR
JNE3706-DR-XL,JNE3706,Western Dress,XL,B09832FD39
JNE3706-DR-XS,JNE3706,Western Dress,XS,B09832W8FF
JNE3706-DR-XXL,JNE3706,Western Dress,XXL,B0982ZBG32
JNE3706-DR-XXXL,JNE3706,Western Dress,3XL,B098324ZKR
JNE3707-DR-L,JNE3707,Western Dress,L,B098374ZNB
JNE3707-DR-M,JNE3707,Western Dress,M,B0982Z5BL6
JNE3707-DR-S,JNE3707,Western Dress,S,B09836XGVQ
JNE3707-DR-XL,JNE3707,Western Dress,XL,B098327WXY
JNE3707-DR-XS,JNE3707,Western Dress,XS,B0982ZQSR2
JNE3707-DR-XXL,JNE3707,Western Dress,XXL,B098372DQY
JNE3707-DR-XXXL,JNE3707,Western Dress,3XL,B0983946VC
JNE3708-TU-L,JNE3708,Top,L,B099S788RD
JNE3708-TU-M,JNE3708,Top,M,B099S7B6Q7
JNE3708-TU-S,JNE3708,Top,S,B099SBNHK6
JNE3708-TU-XL,JNE3708,Top,XL,B099S8VPY8
JNE3708-TU-XS,JNE3708,Top,XS,B099S7GKSR
JNE3708-TU-XXL,JNE3708,Top,XXL,B099S74N69
JNE3708-TU-XXXL,JNE3708,Top,3XL,B099S8831Z
JNE3709-DR-L,JNE3709,Western Dress,L,B091TC3B5V
JNE3709-DR-M,JNE3709,Western Dress,M,B091SJ3KF3
JNE3709-DR-S,JNE3709,Western Dress,S,B091T1N5WV
JNE3709-DR-XL,JNE3709,Western Dress,XL,B091SZ58P5
JNE3709-DR-XS,JNE3709,Western Dress,XS,B091SX2LL5
JNE3709-DR-XXL,JNE3709,Western Dress,XXL,B091T8S3BP
JNE3709-DR-XXXL,JNE3709,Western Dress,3XL,B091SXNPZB
JNE3710-DR-L,JNE3710,Western Dress,L,B091SW66WJ
JNE3710-DR-M,JNE3710,Western Dress,M,B091T25NQG
JNE3710-DR-S,JNE3710,Western Dress,S,B091SV9XW1
JNE3710-DR-XL,JNE3710,Western Dress,XL,B091T5FWQC
JNE3710-DR-XS,JNE3710,Western Dress,XS,B091SM2DMN
JNE3710-DR-XXL,JNE3710,Western Dress,XXL,B091T32P4L
JNE3710-DR-XXXL,JNE3710,Western Dress,3XL,B091T18F3W
JNE3712-TP-N-L,JNE3712,Top,L,B08ZJ56M9M
JNE3712-TP-N-M,JNE3712,Top,M,B08ZJ91MT3
JNE3712-TP-N-S,JNE3712,Top,S,B08ZHJYMGF
JNE3712-TP-N-XL,JNE3712,Top,XL,B08ZJ9JRZT
JNE3712-TP-N-XS,JNE3712,Top,XS,B08ZJFBTTH
JNE3712-TP-N-XXL,JNE3712,Top,XXL,B08ZJ1C71B
JNE3713-TP-N-S,JNE3713,Top,S,B08ZHH9PV2
JNE3713-TP-N-XL,JNE3713,Top,XL,B08ZH7CR5N
JNE3713-TP-N-XS,JNE3713,Top,XS,B08ZHQL89M
JNE3713-TP-N-XXL,JNE3713,Top,XXL,B08ZHGDXW8
JNE3714-KR-L,JNE3714,Kurta,L,B099NQB2S9
JNE3714-KR-M,JNE3714,Kurta,M,B099FCM9TM
JNE3714-KR-S,JNE3714,Kurta,S,B099F9Y3B6
JNE3714-KR-XL,JNE3714,Kurta,XL,B099NPN8W4
JNE3714-KR-XS,JNE3714,Kurta,XS,B099F9SKHN
JNE3714-KR-XXL,JNE3714,Kurta,XXL,B099NL8895
JNE3714-KR-XXXL,JNE3714,Kurta,3XL,B099FD9VJ2
JNE3715-KR-L,JNE3715,Kurta,L,B09G2SJSTW
JNE3715-KR-M,JNE3715,Kurta,M,B09G2SR3GF
JNE3715-KR-S,JNE3715,Kurta,S,B09G2SYZCM
JNE3715-KR-XL,JNE3715,Kurta,XL,B09G2THSJR
JNE3715-KR-XS,JNE3715,Kurta,XS,B09G2SN5J3
JNE3715-KR-XXL,JNE3715,Kurta,XXL,B09G2W57QG
JNE3715-KR-XXXL,JNE3715,Kurta,3XL,B09G2V3NJM
JNE3716-KR-L,JNE3716,Kurta,L,B099FBRF4X
JNE3716-KR-M,JNE3716,Kurta,M,B099FDKFX7
JNE3716-KR-S,JNE3716,Kurta,S,B099NM6DWL
JNE3716-KR-XL,JNE3716,Kurta,XL,B099FB6BY3
JNE3716-KR-XS,JNE3716,Kurta,XS,B099FBYR3B
JNE3716-KR-XXL,JNE3716,Kurta,XXL,B099NPKT7D
JNE3716-KR-XXXL,JNE3716,Kurta,3XL,B099NNC9GP
JNE3717-KR-L,JNE3717,Kurta,L,B099NQHPRK
JNE3717-KR-M,JNE3717,Kurta,M,B099NPNKS8
JNE3717-KR-S,JNE3717,Kurta,S,B099NNKLMF
JNE3717-KR-XL,JNE3717,Kurta,XL,B099NMMMSY
JNE3717-KR-XXL,JNE3717,Kurta,XXL,B099NNFTRD
JNE3718-KR-L,JNE3718,Kurta,L,B099FD9VJ9
JNE3718-KR-M,JNE3718,Kurta,M,B099FB63Q6
JNE3718-KR-S,JNE3718,Kurta,S,B099FC7FSQ
JNE3718-KR-XL,JNE3718,Kurta,XL,B099NMFGMJ
JNE3718-KR-XS,JNE3718,Kurta,XS,B099NNT4RN
JNE3718-KR-XXL,JNE3718,Kurta,XXL,B099NMS4LL
JNE3718-KR-XXXL,JNE3718,Kurta,3XL,B099NJ1WVX
JNE3719-KR-L,JNE3719,Kurta,L,B099FNDQK9
JNE3719-KR-M,JNE3719,Kurta,M,B099NMSYJW
JNE3719-KR-S,JNE3719,Kurta,S,B099NN3757
JNE3719-KR-XL,JNE3719,Kurta,XL,B099NQDQNL
JNE3719-KR-XS,JNE3719,Kurta,XS,B099NNKHW9
JNE3719-KR-XXL,JNE3719,Kurta,XXL,B099NNHNX6
JNE3720-KR-L,JNE3720,Kurta,L,B099NMS7VM
JNE3720-KR-M,JNE3720,Kurta,M,B099NPPRKB
JNE3720-KR-S,JNE3720,Kurta,S,B099NNG899
JNE3720-KR-XL,JNE3720,Kurta,XL,B099F9N2F3
JNE3720-KR-XS,JNE3720,Kurta,XS,B099FB6TVV
JNE3720-KR-XXL,JNE3720,Kurta,XXL,B099FBRC7Q
JNE3720-KR-XXXL,JNE3720,Kurta,3XL,B099FC8ZRT
JNE3721-KR-L,JNE3721,Kurta,L,B099FBM4FZ
JNE3721-KR-M,JNE3721,Kurta,M,B099FC9KR1
JNE3721-KR-S,JNE3721,Kurta,S,B099FC46Q8
JNE3721-KR-XL,JNE3721,Kurta,XL,B099FDMD6T
JNE3721-KR-XS,JNE3721,Kurta,XS,B099FCBF34
JNE3721-KR-XXL,JNE3721,Kurta,XXL,B099FCT65D
JNE3721-KR-XXXL,JNE3721,Kurta,3XL,B099FC8JQ7
JNE3722-KR-L,JNE3722,Kurta,L,B09BQBB47Y
JNE3722-KR-M,JNE3722,Kurta,M,B09BQHDRFZ
JNE3722-KR-S,JNE3722,Kurta,S,B09BQ7LLTY
JNE3722-KR-XL,JNE3722,Kurta,XL,B09BQDLN22
JNE3722-KR-XS,JNE3722,Kurta,XS,B09BQHKMCM
JNE3722-KR-XXL,JNE3722,Kurta,XXL,B09BQBF3Y2
JNE3724-KR-L,JNE3724,Kurta,L,B098121HFD
JNE3724-KR-M,JNE3724,Kurta,M,B098124WJY
JNE3724-KR-S,JNE3724,Kurta,S,B09813QM29
JNE3724-KR-XL,JNE3724,Kurta,XL,B097ZZZ37J
JNE3724-KR-XS,JNE3724,Kurta,XS,B097ZZZ83D
JNE3724-KR-XXL,JNE3724,Kurta,XXL,B09811LWPN
JNE3725-KR-L,JNE3725,Kurta,L,B09811S5JK
JNE3725-KR-M,JNE3725,Kurta,M,B097ZYYZTF
JNE3725-KR-S,JNE3725,Kurta,S,B098117KSN
JNE3725-KR-XL,JNE3725,Kurta,XL,B098116V7G
JNE3725-KR-XXL,JNE3725,Kurta,XXL,B09811JFQH
JNE3726-KR-L,JNE3726,Kurta,L,B09HNR7D1D
JNE3726-KR-M,JNE3726,Kurta,M,B09HNSCF8D
JNE3726-KR-S,JNE3726,Kurta,S,B09HNQX5XK
JNE3726-KR-XL,JNE3726,Kurta,XL,B09HNPH3C6
JNE3726-KR-XS,JNE3726,Kurta,XS,B09HNQRDTK
JNE3726-KR-XXL,JNE3726,Kurta,XXL,B09HNQ6HWH
JNE3726-KR-XXXL,JNE3726,Kurta,3XL,B09HNQ8TR3
JNE3727-KR-L,JNE3727,Kurta,L,B09K3XMMR6
JNE3727-KR-M,JNE3727,Kurta,M,B09K3XDYZB
JNE3727-KR-S,JNE3727,Kurta,S,B09K3X4SXS
JNE3727-KR-XL,JNE3727,Kurta,XL,B09K3XCKWK
JNE3727-KR-XS,JNE3727,Kurta,XS,B09K3XBDC1
JNE3727-KR-XXL,JNE3727,Kurta,XXL,B09K3XLB6S
JNE3727-KR-XXXL,JNE3727,Kurta,3XL,B09K3ZC3LD
JNE3728-KR-L,JNE3728,Kurta,L,B09811C3GN
JNE3728-KR-M,JNE3728,Kurta,M,B09812S9WJ
JNE3728-KR-S,JNE3728,Kurta,S,B09811G9GD
JNE3728-KR-XL,JNE3728,Kurta,XL,B098117P6L
JNE3728-KR-XXL,JNE3728,Kurta,XXL,B098117ZJY
JNE3729-KR-S,JNE3729,Kurta,S,B09813LZV5
JNE3729-KR-XL,JNE3729,Kurta,XL,B098124S5D
JNE3729-KR-XS,JNE3729,Kurta,XS,B098132MX4
JNE3729-KR-XXL,JNE3729,Kurta,XXL,B09811YS6G
JNE3729-KR-XXXL,JNE3729,Kurta,3XL,B097ZZX599
JNE3730-KR-L,JNE3730,Kurta,L,B09HLZKJ6G
JNE3730-KR-M,JNE3730,Kurta,M,B09HMK3P9S
JNE3730-KR-S,JNE3730,Kurta,S,B09HMG7SGL
JNE3730-KR-XL,JNE3730,Kurta,XL,B09HMG9NV1
JNE3730-KR-XS,JNE3730,Kurta,XS,B09HMHL1XW
JNE3730-KR-XXL,JNE3730,Kurta,XXL,B09HM2DMSZ
JNE3732-KR-L,JNE3732,Kurta,L,B09RKCSZQQ
JNE3732-KR-M,JNE3732,Kurta,M,B09RKD862Q
JNE3732-KR-S,JNE3732,Kurta,S,B09RKBW359
JNE3732-KR-XL,JNE3732,Kurta,XL,B09RKBS1NK
JNE3732-KR-XS,JNE3732,Kurta,XS,B09RKBSHYW
JNE3732-KR-XXL,JNE3732,Kurta,XXL,B09RKDSJ41
JNE3732-KR-XXXL,JNE3732,Kurta,3XL,B09RKCQDKG
JNE3733-KR-L,JNE3733,Kurta,L,B09KXQBR58
JNE3733-KR-M,JNE3733,Kurta,M,B09KXQJYNP
JNE3733-KR-S,JNE3733,Kurta,S,B09KXPW9PJ
JNE3733-KR-XL,JNE3733,Kurta,XL,B09KXQ265V
JNE3733-KR-XS,JNE3733,Kurta,XS,B09KXP1F12
JNE3733-KR-XXL,JNE3733,Kurta,XXL,B09KXRBN1M
JNE3733-KR-XXXL,JNE3733,Kurta,3XL,B09KXQ1BP9
JNE3734-KR-L,JNE3734,Kurta,L,B09RKBBLLH
JNE3734-KR-M,JNE3734,Kurta,M,B09RKBP7W6
JNE3734-KR-S,JNE3734,Kurta,S,B09RKBY46H
JNE3734-KR-XL,JNE3734,Kurta,XL,B09RKDBVR6
JNE3734-KR-XS,JNE3734,Kurta,XS,B09RKBT6L2
JNE3734-KR-XXL,JNE3734,Kurta,XXL,B09RKB5BQK
JNE3734-KR-XXXL,JNE3734,Kurta,3XL,B09RKFC5WN
JNE3735-KR-L,JNE3735,Kurta,L,B09LV1TMSV
JNE3735-KR-M,JNE3735,Kurta,M,B09LV1BBHX
JNE3735-KR-S,JNE3735,Kurta,S,B09LTZ8XN6
JNE3735-KR-XL,JNE3735,Kurta,XL,B09LV157VP
JNE3735-KR-XS,JNE3735,Kurta,XS,B09LTZLTBK
JNE3735-KR-XXL,JNE3735,Kurta,XXL,B09LTZV6GM
JNE3735-KR-XXXL,JNE3735,Kurta,3XL,B09LV1Q3DT
JNE3736-KR-L,JNE3736,Kurta,L,B09KRVH8D4
JNE3736-KR-M,JNE3736,Kurta,M,B09KRXWPZW
JNE3736-KR-XL,JNE3736,Kurta,XL,B09KRW69NB
JNE3736-KR-XS,JNE3736,Kurta,XS,B09KRVV9KC
JNE3736-KR-XXL,JNE3736,Kurta,XXL,B09KRVD8LR
JNE3736-KR-XXXL,JNE3736,Kurta,3XL,B09KRW58SP
JNE3738-KR-L,JNE3738,Kurta,L,B099FBV492
JNE3738-KR-M,JNE3738,Kurta,M,B099NQ9RLJ
JNE3738-KR-S,JNE3738,Kurta,S,B099NP12NN
JNE3738-KR-XL,JNE3738,Kurta,XL,B099NMSHR7
JNE3738-KR-XS,JNE3738,Kurta,XS,B099NQZTBJ
JNE3738-KR-XXL,JNE3738,Kurta,XXL,B099NN5V8M
JNE3738-KR-XXXL,JNE3738,Kurta,3XL,B099NMKP4M
JNE3739-KR-L,JNE3739,Kurta,L,B099FC39QH
JNE3739-KR-M,JNE3739,Kurta,M,B099NN1G6X
JNE3739-KR-S,JNE3739,Kurta,S,B099NP7JBN
JNE3739-KR-XL,JNE3739,Kurta,XL,B099FD3RH8
JNE3739-KR-XS,JNE3739,Kurta,XS,B099NLY5W8
JNE3739-KR-XXL,JNE3739,Kurta,XXL,B099NK7Y5P
JNE3739-KR-XXXL,JNE3739,Kurta,3XL,B099NPSHJ2
JNE3740-KR-L,JNE3740,Kurta,L,B099FBCC3V
JNE3740-KR-M,JNE3740,Kurta,M,B099FD3RH2
JNE3740-KR-S,JNE3740,Kurta,S,B099FF49MY
JNE3740-KR-XS,JNE3740,Kurta,XS,B099F9VBVH
JNE3740-KR-XXL,JNE3740,Kurta,XXL,B099FCRSPN
JNE3740-KR-XXXL,JNE3740,Kurta,3XL,B099FB3WLM
JNE3741-KR-L,JNE3741,Kurta,L,B099NKPB1R
JNE3741-KR-M,JNE3741,Kurta,M,B099NNR712
JNE3741-KR-S,JNE3741,Kurta,S,B099NPFTLF
JNE3741-KR-XL,JNE3741,Kurta,XL,B099FB9NYR
JNE3741-KR-XS,JNE3741,Kurta,XS,B099NMVCHZ
JNE3741-KR-XXL,JNE3741,Kurta,XXL,B099FBTWW1
JNE3741-KR-XXXL,JNE3741,Kurta,3XL,B099NL77RF
JNE3742-KR-L,JNE3742,Kurta,L,B099NP71TV
JNE3742-KR-M,JNE3742,Kurta,M,B099NPFSX3
JNE3742-KR-S,JNE3742,Kurta,S,B099NP9CTT
JNE3742-KR-XL,JNE3742,Kurta,XL,B099FB9QH3
JNE3742-KR-XS,JNE3742,Kurta,XS,B099NNX4TD
JNE3742-KR-XXL,JNE3742,Kurta,XXL,B099NQFP1M
JNE3742-KR-XXXL,JNE3742,Kurta,3XL,B099NMSJMX
JNE3743-TP-L,JNE3743,Top,L,B0986X41ZD
JNE3743-TP-M,JNE3743,Top,M,B0986ZMC3W
JNE3743-TP-S,JNE3743,Top,S,B0986ZM2QD
JNE3743-TP-XL,JNE3743,Top,XL,B0986YY8CV
JNE3743-TP-XS,JNE3743,Top,XS,B0986Z1LPB
JNE3743-TP-XXL,JNE3743,Top,XXL,B09871DFVT
JNE3744-TU-L,JNE3744,Top,L,B0986XHFW4
JNE3744-TU-M,JNE3744,Top,M,B0986YWGF7
JNE3744-TU-S,JNE3744,Top,S,B0986ZHR9D
JNE3744-TU-XL,JNE3744,Top,XL,B09872C4H6
JNE3744-TU-XS,JNE3744,Top,XS,B0986HRS58
JNE3744-TU-XXL,JNE3744,Top,XXL,B09871D3XM
JNE3744-TU-XXXL,JNE3744,Top,3XL,B0986ZLQJP
JNE3745-KR-L,JNE3745,Kurta,L,B09K3Z8XNG
JNE3745-KR-M,JNE3745,Kurta,M,B09K3XWP9W
JNE3745-KR-S,JNE3745,Kurta,S,B09K3WHQ6G
JNE3745-KR-XL,JNE3745,Kurta,XL,B09K3Y4QD3
JNE3745-KR-XS,JNE3745,Kurta,XS,B09K3XM5G2
JNE3745-KR-XXL,JNE3745,Kurta,XXL,B09K3WDYB6
JNE3745-KR-XXXL,JNE3745,Kurta,3XL,B09K3Y45WZ
JNE3748-KR-L,JNE3748,Kurta,L,B09RKBWYBM
JNE3748-KR-M,JNE3748,Kurta,M,B09RKCNY15
JNE3748-KR-S,JNE3748,Kurta,S,B09RKCMG71
JNE3748-KR-XL,JNE3748,Kurta,XL,B09RKC7DP7
JNE3748-KR-XS,JNE3748,Kurta,XS,B09RK9ZWNP
JNE3748-KR-XXL,JNE3748,Kurta,XXL,B09RKCHBC1
JNE3748-KR-XXXL,JNE3748,Kurta,3XL,B09RKBT7JT
JNE3749-KR-L,JNE3749,Kurta,L,B09K41PGGB
JNE3749-KR-M,JNE3749,Kurta,M,B09K3T3YNS
JNE3749-KR-S,JNE3749,Kurta,S,B09K3SZZD8
JNE3749-KR-XL,JNE3749,Kurta,XL,B09K3WVV5F
JNE3749-KR-XS,JNE3749,Kurta,XS,B09K3T3Y5T
JNE3749-KR-XXL,JNE3749,Kurta,XXL,B09K3R6L8S
JNE3749-KR-XXXL,JNE3749,Kurta,3XL,B09K3R5C7C
JNE3750-KR-L,JNE3750,Kurta,L,B09K3VZGZM
JNE3750-KR-S,JNE3750,Kurta,S,B09K3WG16S
JNE3750-KR-XL,JNE3750,Kurta,XL,B09K3T6ZDM
JNE3750-KR-XS,JNE3750,Kurta,XS,B09K3TGC6M
JNE3750-KR-XXXL,JNE3750,Kurta,3XL,B09K3RB9D2
JNE3751-KR-L,JNE3751,Kurta,L,B09KXRZLQ4
JNE3751-KR-M,JNE3751,Kurta,M,B09KXR6L97
JNE3751-KR-S,JNE3751,Kurta,S,B09KXRQ1Y4
JNE3751-KR-XL,JNE3751,Kurta,XL,B09KXN8WLP
JNE3751-KR-XS,JNE3751,Kurta,XS,B09KXR7F3X
JNE3751-KR-XXL,JNE3751,Kurta,XXL,B09KXQMF2R
JNE3751-KR-XXXL,JNE3751,Kurta,3XL,B09KXQ1919
JNE3752-KR-L,JNE3752,Kurta,L,B09K3VHQYN
JNE3752-KR-M,JNE3752,Kurta,M,B09K3WC7DN
JNE3752-KR-S,JNE3752,Kurta,S,B09K3XNJFG
JNE3752-KR-XL,JNE3752,Kurta,XL,B09K3TB2KY
JNE3752-KR-XS,JNE3752,Kurta,XS,B09K3XRLGS
JNE3752-KR-XXL,JNE3752,Kurta,XXL,B09K3XL88T
JNE3752-KR-XXXL,JNE3752,Kurta,3XL,B09K3Z6TT3
JNE3753-KR-L,JNE3753,Kurta,L,B09K3YPZ8K
JNE3753-KR-M,JNE3753,Kurta,M,B09K3XXS9R
JNE3753-KR-S,JNE3753,Kurta,S,B09K3ZCQPF
JNE3753-KR-XL,JNE3753,Kurta,XL,B09K3XF96M
JNE3753-KR-XS,JNE3753,Kurta,XS,B09K3Z6858
JNE3753-KR-XXL,JNE3753,Kurta,XXL,B09K3XMMRB
JNE3753-KR-XXXL,JNE3753,Kurta,3XL,B09K3XM19N
JNE3756-KR-L,JNE3756,Kurta,L,B099FBZ9WF
JNE3756-KR-M,JNE3756,Kurta,M,B099NN5C2K
JNE3756-KR-S,JNE3756,Kurta,S,B099NPQRQV
JNE3756-KR-XL,JNE3756,Kurta,XL,B099FC297C
JNE3756-KR-XS,JNE3756,Kurta,XS,B099NLVNN3
JNE3756-KR-XXL,JNE3756,Kurta,XXL,B099NMY9CB
JNE3756-KR-XXXL,JNE3756,Kurta,3XL,B099FC29HL
JNE3757-KR-L,JNE3757,Kurta,L,B099NPMJ4S
JNE3757-KR-M,JNE3757,Kurta,M,B099NQ9RLG
JNE3757-KR-S,JNE3757,Kurta,S,B099NP6XSG
JNE3757-KR-XL,JNE3757,Kurta,XL,B099F9QW3K
JNE3757-KR-XS,JNE3757,Kurta,XS,B099NPXK2J
JNE3757-KR-XXL,JNE3757,Kurta,XXL,B099NPK5DS
JNE3757-KR-XXXL,JNE3757,Kurta,3XL,B099NMNZ6S
JNE3758-KR-L,JNE3758,Kurta,L,B099NP3QRK
JNE3758-KR-M,JNE3758,Kurta,M,B099FD4Y3L
JNE3758-KR-S,JNE3758,Kurta,S,B099NMFWBG
JNE3758-KR-XL,JNE3758,Kurta,XL,B099NL77RN
JNE3758-KR-XS,JNE3758,Kurta,XS,B099NPQPJF
JNE3758-KR-XXL,JNE3758,Kurta,XXL,B099NMJF1J
JNE3758-KR-XXXL,JNE3758,Kurta,3XL,B099FCWSXM
JNE3759-KR-L,JNE3759,Kurta,L,B099FCNK6T
JNE3759-KR-M,JNE3759,Kurta,M,B099FBDWBY
JNE3759-KR-S,JNE3759,Kurta,S,B099FC43YJ
JNE3759-KR-XL,JNE3759,Kurta,XL,B099FB2C9L
JNE3759-KR-XXL,JNE3759,Kurta,XXL,B099FC1CGC
JNE3760-KR-L,JNE3760,Kurta,L,B099NN72V6
JNE3760-KR-M,JNE3760,Kurta,M,B099NNFYVG
JNE3760-KR-S,JNE3760,Kurta,S,B099FB7KKH
JNE3760-KR-XL,JNE3760,Kurta,XL,B099NLQDRK
JNE3760-KR-XS,JNE3760,Kurta,XS,B099NMBMP4
JNE3760-KR-XXL,JNE3760,Kurta,XXL,B099FBCMG3
JNE3760-KR-XXXL,JNE3760,Kurta,3XL,B099FC3RRC
JNE3761-KR-L,JNE3761,Kurta,L,B099NNRTTL
JNE3761-KR-M,JNE3761,Kurta,M,B099F9P2B9
JNE3761-KR-S,JNE3761,Kurta,S,B099FB1LY3
JNE3761-KR-XL,JNE3761,Kurta,XL,B099NM4XNX
JNE3761-KR-XS,JNE3761,Kurta,XS,B099FCSBQR
JNE3761-KR-XXL,JNE3761,Kurta,XXL,B099FB9BP3
JNE3761-KR-XXXL,JNE3761,Kurta,3XL,B099NPMH96
JNE3762-KR-L,JNE3762,Kurta,L,B099NPYZL8
JNE3762-KR-M,JNE3762,Kurta,M,B099NNZ8JX
JNE3762-KR-S,JNE3762,Kurta,S,B099FC2WTQ
JNE3762-KR-XL,JNE3762,Kurta,XL,B099NQ72F7
JNE3762-KR-XS,JNE3762,Kurta,XS,B099FD96X7
JNE3762-KR-XXL,JNE3762,Kurta,XXL,B099FD12HN
JNE3762-KR-XXXL,JNE3762,Kurta,3XL,B099NMN6LH
JNE3763-KR-L,JNE3763,Kurta,L,B09K3ZQ6DQ
JNE3763-KR-M,JNE3763,Kurta,M,B09K3XD5K3
JNE3763-KR-S,JNE3763,Kurta,S,B09K3XKJJ8
JNE3763-KR-XL,JNE3763,Kurta,XL,B09K3RC2ZH
JNE3763-KR-XS,JNE3763,Kurta,XS,B09K3WH8Q7
JNE3763-KR-XXL,JNE3763,Kurta,XXL,B09K3Z2HX3
JNE3763-KR-XXXL,JNE3763,Kurta,3XL,B09K3XCM24
JNE3764-KR-L,JNE3764,Kurta,L,B09K3T5QR5
JNE3764-KR-M,JNE3764,Kurta,M,B09K3TM23C
JNE3764-KR-S,JNE3764,Kurta,S,B09K3RBPVP
JNE3764-KR-XL,JNE3764,Kurta,XL,B09K3ST3YW
JNE3764-KR-XS,JNE3764,Kurta,XS,B09K3SHHMP
JNE3764-KR-XXL,JNE3764,Kurta,XXL,B09K43LTKW
JNE3764-KR-XXXL,JNE3764,Kurta,3XL,B09K3SSDSZ
JNE3765-KR-L,JNE3765,Kurta,L,B09K3YC4X8
JNE3765-KR-M,JNE3765,Kurta,M,B09K3T1GVF
JNE3765-KR-S,JNE3765,Kurta,S,B09K3T469Z
JNE3765-KR-XL,JNE3765,Kurta,XL,B09K3RCBLF
JNE3765-KR-XS,JNE3765,Kurta,XS,B09K3W8FYH
JNE3765-KR-XXL,JNE3765,Kurta,XXL,B09K3R2N78
JNE3765-KR-XXXL,JNE3765,Kurta,3XL,B09K3SSDJB
JNE3766-KR-L,JNE3766,Kurta,L,B09K3WHRVM
JNE3766-KR-M,JNE3766,Kurta,M,B09K3XR43V
JNE3766-KR-S,JNE3766,Kurta,S,B09K3Z5LNH
JNE3766-KR-XL,JNE3766,Kurta,XL,B09K3Y5GPG
JNE3766-KR-XS,JNE3766,Kurta,XS,B09K3YQFHY
JNE3766-KR-XXL,JNE3766,Kurta,XXL,B09K3W66GK
JNE3766-KR-XXXL,JNE3766,Kurta,3XL,B09K3XTLXT
JNE3767-KR-L,JNE3767,Kurta,L,B09K3VJPTV
JNE3767-KR-M,JNE3767,Kurta,M,B09K3WYKQR
JNE3767-KR-XL,JNE3767,Kurta,XL,B09K3R7V1C
JNE3767-KR-XS,JNE3767,Kurta,XS,B09K3SXDBC
JNE3767-KR-XXL,JNE3767,Kurta,XXL,B09K3YZHBN
JNE3767-KR-XXXL,JNE3767,Kurta,3XL,B09K3YW9BR
JNE3768-KR-L,JNE3768,Kurta,L,B09K3XWCF3
JNE3768-KR-M,JNE3768,Kurta,M,B09K3Y11ML
JNE3768-KR-S,JNE3768,Kurta,S,B09K3XZV4S
JNE3768-KR-XL,JNE3768,Kurta,XL,B09K3ZWDZ2
JNE3768-KR-XS,JNE3768,Kurta,XS,B09K3XXFB2
JNE3768-KR-XXL,JNE3768,Kurta,XXL,B09K3YC632
JNE3768-KR-XXXL,JNE3768,Kurta,3XL,B09K3Y651M
JNE3769-KR-L,JNE3769,Kurta,L,B09K3T675B
JNE3769-KR-M,JNE3769,Kurta,M,B09K3RBQDH
JNE3769-KR-S,JNE3769,Kurta,S,B09K3R8WJ3
JNE3769-KR-XL,JNE3769,Kurta,XL,B09K3R9XXS
JNE3769-KR-XS,JNE3769,Kurta,XS,B09K3VPYMT
JNE3769-KR-XXL,JNE3769,Kurta,XXL,B09K3QNWTJ
JNE3769-KR-XXXL,JNE3769,Kurta,3XL,B09K3YZ5W7
JNE3770-KR-L,JNE3770,Kurta,L,B09K3TFD3S
JNE3770-KR-M,JNE3770,Kurta,M,B09K3R6VNF
JNE3770-KR-S,JNE3770,Kurta,S,B09K3THLSY
JNE3770-KR-XL,JNE3770,Kurta,XL,B09K3SYMMC
JNE3770-KR-XS,JNE3770,Kurta,XS,B09K3VPYMV
JNE3770-KR-XXL,JNE3770,Kurta,XXL,B09K3WCWHT
JNE3770-KR-XXXL,JNE3770,Kurta,3XL,B09K43JMNS
JNE3771-KR-L,JNE3771,Kurta,L,B09K3WGHQW
JNE3771-KR-M,JNE3771,Kurta,M,B09K3RBK4N
JNE3771-KR-S,JNE3771,Kurta,S,B09K3T461V
JNE3771-KR-XL,JNE3771,Kurta,XL,B09K3WJ8HQ
JNE3771-KR-XS,JNE3771,Kurta,XS,B09K3XHJYH
JNE3771-KR-XXL,JNE3771,Kurta,XXL,B09K3RBH7W
JNE3771-KR-XXXL,JNE3771,Kurta,3XL,B09K3ST59H
JNE3773-KR-L,JNE3773,Kurta,L,B09K3ZB6BQ
JNE3773-KR-M,JNE3773,Kurta,M,B09K3XVSBJ
JNE3773-KR-S,JNE3773,Kurta,S,B09K3WJ95D
JNE3773-KR-XL,JNE3773,Kurta,XL,B09K3RBXGF
JNE3773-KR-XS,JNE3773,Kurta,XS,B09K3X5C1Y
JNE3773-KR-XXL,JNE3773,Kurta,XXL,B09K3ZC16X
JNE3773-KR-XXXL,JNE3773,Kurta,3XL,B09K3XM6XS
JNE3774-KR-M,JNE3774,Kurta,M,B09NQ7C4P4
JNE3774-KR-S,JNE3774,Kurta,S,B09NQ6TBQW
JNE3774-KR-XL,JNE3774,Kurta,XL,B09NQ7PS8L
JNE3774-KR-XS,JNE3774,Kurta,XS,B09NQ7JF13
JNE3774-KR-XXL,JNE3774,Kurta,XXL,B09NQ6XYVZ
JNE3774-KR-XXXL,JNE3774,Kurta,3XL,B09NQ68YKL
JNE3775-KR-L,JNE3775,Kurta,L,B09KXQN277
JNE3775-KR-M,JNE3775,Kurta,M,B09KXRZ1PW
JNE3775-KR-S,JNE3775,Kurta,S,B09KXNZ377
JNE3775-KR-XL,JNE3775,Kurta,XL,B09KXSLXWG
JNE3775-KR-XS,JNE3775,Kurta,XS,B09KXRQQ72
JNE3775-KR-XXL,JNE3775,Kurta,XXL,B09KXPT2RF
JNE3775-KR-XXXL,JNE3775,Kurta,3XL,B09KXQ119C
JNE3776-KR-L,JNE3776,Kurta,L,B09K3S91KQ
JNE3776-KR-M,JNE3776,Kurta,M,B09K3VN7M1
JNE3776-KR-S,JNE3776,Kurta,S,B09K3RBN7T
JNE3776-KR-XL,JNE3776,Kurta,XL,B09K3YYJP5
JNE3776-KR-XS,JNE3776,Kurta,XS,B09K3T5PT5
JNE3776-KR-XXL,JNE3776,Kurta,XXL,B09K3X5YQR
JNE3776-KR-XXXL,JNE3776,Kurta,3XL,B09K3Y33FM
JNE3777-KR-L,JNE3777,Kurta,L,B09K3TFLPY
JNE3777-KR-M,JNE3777,Kurta,M,B09K3Y163K
JNE3777-KR-S,JNE3777,Kurta,S,B09K3XWCWN
JNE3777-KR-XL,JNE3777,Kurta,XL,B09K3SLZ2C
JNE3777-KR-XS,JNE3777,Kurta,XS,B09K3R83M8
JNE3777-KR-XXL,JNE3777,Kurta,XXL,B09K3ZDF82
JNE3777-KR-XXXL,JNE3777,Kurta,3XL,B09K3XLV91
JNE3778-KR-L,JNE3778,Kurta,L,B09K3X5YQM
JNE3778-KR-M,JNE3778,Kurta,M,B09K3XW1PK
JNE3778-KR-S,JNE3778,Kurta,S,B09K3Y8MSH
JNE3778-KR-XL,JNE3778,Kurta,XL,B09K3T5SZ9
JNE3778-KR-XS,JNE3778,Kurta,XS,B09K3XXDMV
JNE3778-KR-XXL,JNE3778,Kurta,XXL,B09K3T9RQV
JNE3778-KR-XXXL,JNE3778,Kurta,3XL,B09K3R6VZ3
JNE3779-KR-L,JNE3779,Kurta,L,B09SDZQ318
JNE3779-KR-M,JNE3779,Kurta,M,B09SDXVJNP
JNE3779-KR-S,JNE3779,Kurta,S,B09SDXH28J
JNE3779-KR-XL,JNE3779,Kurta,XL,B09SDZV7MR
JNE3779-KR-XXL,JNE3779,Kurta,XXL,B09SDXVB62
JNE3779-KR-XXXL,JNE3779,Kurta,3XL,B09SDY9VSJ
JNE3780-KR-L,JNE3780,Kurta,L,B09NQ9974B
JNE3780-KR-M,JNE3780,Kurta,M,B09NQ853ZS
JNE3780-KR-S,JNE3780,Kurta,S,B09NQ8VRJ8
JNE3780-KR-XL,JNE3780,Kurta,XL,B09NQ6XWR5
JNE3780-KR-XS,JNE3780,Kurta,XS,B09NQ9TP3V
JNE3780-KR-XXL,JNE3780,Kurta,XXL,B09NQ9F2K6
JNE3780-KR-XXXL,JNE3780,Kurta,3XL,B09NQ989KK
JNE3781-KR-L,JNE3781,Kurta,L,B09K3XK9ZZ
JNE3781-KR-M,JNE3781,Kurta,M,B09K3WRM4Q
JNE3781-KR-S,JNE3781,Kurta,S,B09K3WHHR1
JNE3781-KR-XL,JNE3781,Kurta,XL,B09K3XXDMR
JNE3781-KR-XS,JNE3781,Kurta,XS,B09K3T14LM
JNE3781-KR-XXL,JNE3781,Kurta,XXL,B09K3XTK9M
JNE3781-KR-XXXL,JNE3781,Kurta,3XL,B09K3WFS32
JNE3782-KR-L,JNE3782,Kurta,L,B09K3ZCJF6
JNE3782-KR-M,JNE3782,Kurta,M,B09K3R68LB
JNE3782-KR-S,JNE3782,Kurta,S,B09K3LRS3Z
JNE3782-KR-XL,JNE3782,Kurta,XL,B09K3Y39WX
JNE3782-KR-XS,JNE3782,Kurta,XS,B09K3X3581
JNE3782-KR-XXL,JNE3782,Kurta,XXL,B09K3T2PXD
JNE3782-KR-XXXL,JNE3782,Kurta,3XL,B09K3YL25M
JNE3783-KR-L,JNE3783,Kurta,L,B09K3SC63G
JNE3783-KR-M,JNE3783,Kurta,M,B09K3T5S4C
JNE3783-KR-S,JNE3783,Kurta,S,B09K3R6MJB
JNE3783-KR-XL,JNE3783,Kurta,XL,B09K3T68VG
JNE3783-KR-XS,JNE3783,Kurta,XS,B09K3T1BYC
JNE3783-KR-XXL,JNE3783,Kurta,XXL,B09K3T12TK
JNE3783-KR-XXXL,JNE3783,Kurta,3XL,B09K3VLZDG
JNE3784-KR-L,JNE3784,Kurta,L,B09K3TM23D
JNE3784-KR-M,JNE3784,Kurta,M,B09K3Y42F5
JNE3784-KR-S,JNE3784,Kurta,S,B09K3ZT165
JNE3784-KR-XL,JNE3784,Kurta,XL,B09K3S4P57
JNE3784-KR-XS,JNE3784,Kurta,XS,B09K3X66GN
JNE3784-KR-XXL,JNE3784,Kurta,XXL,B09K3XZC3J
JNE3784-KR-XXXL,JNE3784,Kurta,3XL,B09K4182W8
JNE3785-KR-L,JNE3785,Kurta,L,B09K3T318L
JNE3785-KR-M,JNE3785,Kurta,M,B09K3T29DG
JNE3785-KR-S,JNE3785,Kurta,S,B09K3W31TF
JNE3785-KR-XL,JNE3785,Kurta,XL,B09K3T4SBH
JNE3785-KR-XS,JNE3785,Kurta,XS,B09K3VRZKK
JNE3785-KR-XXL,JNE3785,Kurta,XXL,B09K3XNZNX
JNE3785-KR-XXXL,JNE3785,Kurta,3XL,B09K3V4NVW
JNE3786-KR-L,JNE3786,Kurta,L,B09M71LJW9
JNE3786-KR-M,JNE3786,Kurta,M,B09M72H1BP
JNE3786-KR-S,JNE3786,Kurta,S,B09M72VK88
JNE3786-KR-XL,JNE3786,Kurta,XL,B09M74QTKT
JNE3786-KR-XS,JNE3786,Kurta,XS,B09M73DZ85
JNE3786-KR-XXL,JNE3786,Kurta,XXL,B09M71C67N
JNE3786-KR-XXXL,JNE3786,Kurta,3XL,B09M762ZSF
JNE3787-KR-L,JNE3787,Kurta,L,B09RKDWZYC
JNE3787-KR-M,JNE3787,Kurta,M,B09RKB7M2D
JNE3787-KR-S,JNE3787,Kurta,S,B09RKBXM5B
JNE3787-KR-XL,JNE3787,Kurta,XL,B09RKCY6NK
JNE3787-KR-XS,JNE3787,Kurta,XS,B09RKDTPRF
JNE3787-KR-XXL,JNE3787,Kurta,XXL,B09RKBXH45
JNE3787-KR-XXXL,JNE3787,Kurta,3XL,B09RKCC8WS
JNE3788-KR-L,JNE3788,Kurta,L,B09K3XY37L
JNE3788-KR-M,JNE3788,Kurta,M,B09K3X9NBV
JNE3788-KR-S,JNE3788,Kurta,S,B09K3W2BYD
JNE3788-KR-XL,JNE3788,Kurta,XL,B09K3T1VGX
JNE3788-KR-XS,JNE3788,Kurta,XS,B09K3XJ5RT
JNE3788-KR-XXL,JNE3788,Kurta,XXL,B09K3XSC7K
JNE3788-KR-XXXL,JNE3788,Kurta,3XL,B09K3XDJ3V
JNE3789-KR-L,JNE3789,Kurta,L,B09KXPXYMK
JNE3789-KR-M,JNE3789,Kurta,M,B09KXS1T5Z
JNE3789-KR-S,JNE3789,Kurta,S,B09KXPQ1PP
JNE3789-KR-XL,JNE3789,Kurta,XL,B09KXNHLN3
JNE3789-KR-XS,JNE3789,Kurta,XS,B09KXMMVY1
JNE3789-KR-XXL,JNE3789,Kurta,XXL,B09KXPXRMJ
JNE3789-KR-XXXL,JNE3789,Kurta,3XL,B09KXRXFVF
JNE3790-KR-L,JNE3790,Kurta,L,B09KXR4JZC
JNE3790-KR-M,JNE3790,Kurta,M,B09KXLRVWY
JNE3790-KR-S,JNE3790,Kurta,S,B09KXNDSYF
JNE3790-KR-XL,JNE3790,Kurta,XL,B09KXMK44R
JNE3790-KR-XS,JNE3790,Kurta,XS,B09KXMZY85
JNE3790-KR-XXL,JNE3790,Kurta,XXL,B09KXNVH2Z
JNE3790-KR-XXXL,JNE3790,Kurta,3XL,B09KXPYTCZ
JNE3791-DR-L,JNE3791,Ethnic Dress,L,B09K3TBL37
JNE3791-DR-M,JNE3791,Ethnic Dress,M,B09K3Z2V8X
JNE3791-DR-S,JNE3791,Ethnic Dress,S,B09K43LV3W
JNE3791-DR-XL,JNE3791,Ethnic Dress,XL,B09K3WFZFT
JNE3791-DR-XS,JNE3791,Ethnic Dress,XS,B09K3W7XTL
JNE3791-DR-XXL,JNE3791,Ethnic Dress,XXL,B09K3TKKXC
JNE3791-DR-XXXL,JNE3791,Ethnic Dress,3XL,B09K3W7XG8
JNE3792-KR-L,JNE3792,Kurta,L,B09KXNYYRH
JNE3792-KR-M,JNE3792,Kurta,M,B09KXQ2RMG
JNE3792-KR-S,JNE3792,Kurta,S,B09KXRB75K
JNE3792-KR-XL,JNE3792,Kurta,XL,B09KXNZQN4
JNE3792-KR-XS,JNE3792,Kurta,XS,B09KXPKT5D
JNE3792-KR-XXL,JNE3792,Kurta,XXL,B09KXR5ZPZ
JNE3792-KR-XXXL,JNE3792,Kurta,3XL,B09KXNWRSB
JNE3793-KR-L,JNE3793,Kurta,L,B09NQ7HW9W
JNE3793-KR-M,JNE3793,Kurta,M,B09NQ75RF7
JNE3793-KR-S,JNE3793,Kurta,S,B09NQ5TMFZ
JNE3793-KR-XL,JNE3793,Kurta,XL,B09NQ6824N
JNE3793-KR-XS,JNE3793,Kurta,XS,B09NQ8JWYL
JNE3793-KR-XXL,JNE3793,Kurta,XXL,B09NQ8GLM5
JNE3793-KR-XXXL,JNE3793,Kurta,3XL,B09NQ7PCW9
JNE3794-KR-L,JNE3794,Kurta,L,B09HMSSM5B
JNE3794-KR-M,JNE3794,Kurta,M,B09HMVWDN3
JNE3794-KR-S,JNE3794,Kurta,S,B09HMG2TL9
JNE3794-KR-XL,JNE3794,Kurta,XL,B09HM9HC4T
JNE3794-KR-XS,JNE3794,Kurta,XS,B09HMPDC1K
JNE3794-KR-XXL,JNE3794,Kurta,XXL,B09HMS8F1B
JNE3794-KR-XXXL,JNE3794,Kurta,3XL,B09HMHM56Y
JNE3795-KR-L,JNE3795,Kurta,L,B09HMM2G1B
JNE3795-KR-M,JNE3795,Kurta,M,B09HMSF1D3
JNE3795-KR-S,JNE3795,Kurta,S,B09HMCWNJX
JNE3795-KR-XL,JNE3795,Kurta,XL,B09HMY74F6
JNE3795-KR-XS,JNE3795,Kurta,XS,B09HMCTDFZ
JNE3795-KR-XXL,JNE3795,Kurta,XXL,B09HMT2BX4
JNE3795-KR-XXXL,JNE3795,Kurta,3XL,B09HMXJVFS
JNE3796-KR-L,JNE3796,Kurta,L,B09K3W31J3
JNE3796-KR-M,JNE3796,Kurta,M,B09K3TNSF1
JNE3796-KR-S,JNE3796,Kurta,S,B09K3YJSKF
JNE3796-KR-XL,JNE3796,Kurta,XL,B09K3RCVR5
JNE3796-KR-XXL,JNE3796,Kurta,XXL,B09K3WL939
JNE3796-KR-XXXL,JNE3796,Kurta,3XL,B09K3TCHBH
JNE3797-KR-A-L,JNE3797,Western Dress,L,B09TH2ZFSY
JNE3797-KR-A-M,JNE3797,Western Dress,M,B09TH73PT5
JNE3797-KR-A-S,JNE3797,Western Dress,S,B09TH4H7T2
JNE3797-KR-A-XL,JNE3797,Western Dress,XL,B09TH3H2DP
JNE3797-KR-A-XS,JNE3797,Western Dress,XS,B09TH43SGS
JNE3797-KR-A-XXL,JNE3797,Western Dress,XXL,B09TH3MNW7
JNE3797-KR-A-XXXL,JNE3797,Western Dress,3XL,B09TH2YML8
JNE3797-KR-L,JNE3797,Western Dress,L,B09SDXFFQ1
JNE3797-KR-M,JNE3797,Western Dress,M,B09SDY8DCT
JNE3797-KR-S,JNE3797,Western Dress,S,B09SDYQ3WG
JNE3797-KR-XL,JNE3797,Western Dress,XL,B09SDXRYBG
JNE3797-KR-XS,JNE3797,Western Dress,XS,B09SDY9SQ6
JNE3797-KR-XXL,JNE3797,Western Dress,XXL,B09SDXSQ33
JNE3797-KR-XXXL,JNE3797,Western Dress,3XL,B09SDY4VDC
JNE3798-KR-A-L,JNE3798,Western Dress,L,B09TH7GXJW
JNE3798-KR-A-M,JNE3798,Western Dress,M,B09TH54761
JNE3798-KR-A-S,JNE3798,Western Dress,S,B09TH4P8P7
JNE3798-KR-A-XL,JNE3798,Western Dress,XL,B09TH586J3
JNE3798-KR-A-XS,JNE3798,Western Dress,XS,B09TH5LZ3Q
JNE3798-KR-A-XXL,JNE3798,Western Dress,XXL,B09TH3GYN7
JNE3798-KR-A-XXXL,JNE3798,Western Dress,3XL,B09TH3VG1V
JNE3798-KR-L,JNE3798,Western Dress,L,B09SDX13G7
JNE3798-KR-M,JNE3798,Western Dress,M,B09SDXTRS9
JNE3798-KR-S,JNE3798,Western Dress,S,B09SDXPCRB
JNE3798-KR-XL,JNE3798,Western Dress,XL,B09SDXG1CP
JNE3798-KR-XS,JNE3798,Western Dress,XS,B09SDY7MHD
JNE3798-KR-XXL,JNE3798,Western Dress,XXL,B09SDZF54G
JNE3798-KR-XXXL,JNE3798,Western Dress,3XL,B09SDYHWLW
JNE3799-KR-L,JNE3799,Kurta,L,B09SDXTRG1
JNE3799-KR-M,JNE3799,Kurta,M,B09SDXL8S4
JNE3799-KR-S,JNE3799,Kurta,S,B09SDZ78G7
JNE3799-KR-XL,JNE3799,Kurta,XL,B09SDYHWLX
JNE3799-KR-XS,JNE3799,Kurta,XS,B09SDZ78G5
JNE3799-KR-XXL,JNE3799,Kurta,XXL,B09SDYBW5P
JNE3799-KR-XXXL,JNE3799,Kurta,3XL,B09SDXPD7Q
JNE3800-KR-A-L,JNE3800,Western Dress,L,B09TH43NW5
JNE3800-KR-A-M,JNE3800,Western Dress,M,B09TH59KYD
JNE3800-KR-A-S,JNE3800,Western Dress,S,B09TH5VZK6
JNE3800-KR-A-XL,JNE3800,Western Dress,XL,B09TH33GBM
JNE3800-KR-A-XS,JNE3800,Western Dress,XS,B09TH4Q14G
JNE3800-KR-A-XXL,JNE3800,Western Dress,XXL,B09TH5KHC9
JNE3800-KR-A-XXXL,JNE3800,Western Dress,3XL,B09TH53Q68
JNE3800-KR-L,JNE3800,Western Dress,L,B09SDXWNPZ
JNE3800-KR-M,JNE3800,Western Dress,M,B09SDXQ3X9
JNE3800-KR-S,JNE3800,Western Dress,S,B09SDXB141
JNE3800-KR-XL,JNE3800,Western Dress,XL,B09SDYWXDS
JNE3800-KR-XS,JNE3800,Western Dress,XS,B09SDXPHNC
JNE3800-KR-XXL,JNE3800,Western Dress,XXL,B09SDYNZQ5
JNE3800-KR-XXXL,JNE3800,Western Dress,3XL,B09SDZ64HF
JNE3801-KR-L,JNE3801,Kurta,L,B09SDY51NS
JNE3801-KR-M,JNE3801,Kurta,M,B09SDZ4FH9
JNE3801-KR-S,JNE3801,Kurta,S,B09SDY68JK
JNE3801-KR-XL,JNE3801,Kurta,XL,B09SDYL6L1
JNE3801-KR-XS,JNE3801,Kurta,XS,B09SDYJ5ZW
JNE3801-KR-XXL,JNE3801,Kurta,XXL,B09SDZ4XRT
JNE3801-KR-XXXL,JNE3801,Kurta,3XL,B09SDYSR1F
JNE3802-KR-L,JNE3802,Kurta,L,B09K3THDTH
JNE3802-KR-M,JNE3802,Kurta,M,B09K3W2LHF
JNE3802-KR-S,JNE3802,Kurta,S,B09K3TMQSK
JNE3802-KR-XL,JNE3802,Kurta,XL,B09K3T96QK
JNE3802-KR-XS,JNE3802,Kurta,XS,B09K3TGHYV
JNE3802-KR-XXL,JNE3802,Kurta,XXL,B09K3W19YL
JNE3802-KR-XXXL,JNE3802,Kurta,3XL,B09K3V46Z2
JNE3803-KR-L,JNE3803,Kurta,L,B09K3TLN9C
JNE3803-KR-M,JNE3803,Kurta,M,B09K3TMCKY
JNE3803-KR-S,JNE3803,Kurta,S,B09K3ZQCF9
JNE3803-KR-XL,JNE3803,Kurta,XL,B09K3X672H
JNE3803-KR-XS,JNE3803,Kurta,XS,B09K3TKBPK
JNE3803-KR-XXL,JNE3803,Kurta,XXL,B09K3WVVMJ
JNE3803-KR-XXXL,JNE3803,Kurta,3XL,B09K3Y4VFR
JNE3804-KR-L,JNE3804,Kurta,L,B09K3X7CRR
JNE3804-KR-M,JNE3804,Kurta,M,B09K3Y4T4D
JNE3804-KR-S,JNE3804,Kurta,S,B09K3X8KD7
JNE3804-KR-XL,JNE3804,Kurta,XL,B09K3ZC3LK
JNE3804-KR-XS,JNE3804,Kurta,XS,B09K3ZDGHG
JNE3804-KR-XXL,JNE3804,Kurta,XXL,B09K3W9D6V
JNE3804-KR-XXXL,JNE3804,Kurta,3XL,B09K3XPRCK
JNE3805-KR-L,JNE3805,Kurta,L,B09K3ZKHMW
JNE3805-KR-M,JNE3805,Kurta,M,B09K3TFNR8
JNE3805-KR-S,JNE3805,Kurta,S,B09K3T9XRW
JNE3805-KR-XL,JNE3805,Kurta,XL,B09K3WFR76
JNE3805-KR-XS,JNE3805,Kurta,XS,B09K415WZ1
JNE3805-KR-XXL,JNE3805,Kurta,XXL,B09K3ZR9ZG
JNE3805-KR-XXXL,JNE3805,Kurta,3XL,B09K3X5D97
JNE3806-KR-L,JNE3806,Kurta,L,B09RKC8XLG
JNE3806-KR-M,JNE3806,Kurta,M,B09RKCCSKL
JNE3806-KR-S,JNE3806,Kurta,S,B09RKBXN2Q
JNE3806-KR-XL,JNE3806,Kurta,XL,B09RKBPP3G
JNE3806-KR-XS,JNE3806,Kurta,XS,B09RKBD7GW
JNE3806-KR-XXL,JNE3806,Kurta,XXL,B09RKD6B6Y
JNE3806-KR-XXXL,JNE3806,Kurta,3XL,B09RKBN69K
JNE3807-KR-L,JNE3807,Kurta,L,B09RKBM69V
JNE3807-KR-M,JNE3807,Kurta,M,B09RKD8823
JNE3807-KR-S,JNE3807,Kurta,S,B09RKD6B6T
JNE3807-KR-XL,JNE3807,Kurta,XL,B09RKBKWWZ
JNE3807-KR-XS,JNE3807,Kurta,XS,B09RKCY6NL
JNE3807-KR-XXL,JNE3807,Kurta,XXL,B09RKCMCJS
JNE3807-KR-XXXL,JNE3807,Kurta,3XL,B09RKC6J4R
JNE3810-KR-L,JNE3810,Kurta,L,B09RKCJQKH
JNE3810-KR-M,JNE3810,Kurta,M,B09RKCK42L
JNE3810-KR-S,JNE3810,Kurta,S,B09RKBYVXN
JNE3810-KR-XL,JNE3810,Kurta,XL,B09RKD4R6C
JNE3810-KR-XS,JNE3810,Kurta,XS,B09RKBZ7WL
JNE3810-KR-XXL,JNE3810,Kurta,XXL,B09RKC4B4P
JNE3810-KR-XXXL,JNE3810,Kurta,3XL,B09RKCYVVH
JNE3811-KR-L,JNE3811,Kurta,L,B09RKBYSR5
JNE3811-KR-M,JNE3811,Kurta,M,B09RKCJXRT
JNE3811-KR-S,JNE3811,Kurta,S,B09RKCGNDV
JNE3811-KR-XL,JNE3811,Kurta,XL,B09RKB9ZDG
JNE3811-KR-XS,JNE3811,Kurta,XS,B09RKBG19J
JNE3811-KR-XXL,JNE3811,Kurta,XXL,B09RKBVHJ1
JNE3811-KR-XXXL,JNE3811,Kurta,3XL,B09RKBNF8P
JNE3813-KR-L,JNE3813,Kurta,L,B09SDY9P75
JNE3813-KR-M,JNE3813,Kurta,M,B09SDXQ3XB
JNE3813-KR-S,JNE3813,Kurta,S,B09SDZD4QS
JNE3813-KR-XL,JNE3813,Kurta,XL,B09SDYX29F
JNE3813-KR-XS,JNE3813,Kurta,XS,B09SF11ZXP
JNE3813-KR-XXL,JNE3813,Kurta,XXL,B09SDXXQ3B
JNE3813-KR-XXXL,JNE3813,Kurta,3XL,B09SDXYXVK
JNE3816-KR-L,JNE3816,Kurta,L,B09Q3J2STT
JNE3816-KR-M,JNE3816,Kurta,M,B09Q3KHWS5
JNE3816-KR-S,JNE3816,Kurta,S,B09Q3JC2N4
JNE3816-KR-XL,JNE3816,Kurta,XL,B09Q3JRY9C
JNE3816-KR-XS,JNE3816,Kurta,XS,B09Q3HX312
JNE3816-KR-XXL,JNE3816,Kurta,XXL,B09Q3HW4LP
JNE3816-KR-XXXL,JNE3816,Kurta,3XL,B09Q3K6MKT
JNE3817-KR-L,JNE3817,Kurta,L,B09LV1543L
JNE3817-KR-M,JNE3817,Kurta,M,B09LTZB7K3
JNE3817-KR-S,JNE3817,Kurta,S,B09LV1KQS1
JNE3817-KR-XL,JNE3817,Kurta,XL,B09LTZDBND
JNE3817-KR-XS,JNE3817,Kurta,XS,B09LTZKSVQ
JNE3817-KR-XXL,JNE3817,Kurta,XXL,B09LV199DX
JNE3817-KR-XXXL,JNE3817,Kurta,3XL,B09LTZTJ3G
JNE3818-KR-L,JNE3818,Kurta,L,B09LTZH194
JNE3818-KR-M,JNE3818,Kurta,M,B09LV1K1PD
JNE3818-KR-S,JNE3818,Kurta,S,B09LTZHFH4
JNE3818-KR-XL,JNE3818,Kurta,XL,B09LTZSNG1
JNE3818-KR-XS,JNE3818,Kurta,XS,B09LTZKSVP
JNE3818-KR-XXL,JNE3818,Kurta,XXL,B09LTY88GR
JNE3818-KR-XXXL,JNE3818,Kurta,3XL,B09LTZSL1K
JNE3819-KR-L,JNE3819,Kurta,L,B09LTZ2CHY
JNE3819-KR-M,JNE3819,Kurta,M,B09LV2CSNR
JNE3819-KR-S,JNE3819,Kurta,S,B09LV24W3Z
JNE3819-KR-XL,JNE3819,Kurta,XL,B09LV1CGJF
JNE3819-KR-XS,JNE3819,Kurta,XS,B09LV17GKB
JNE3819-KR-XXL,JNE3819,Kurta,XXL,B09LTZT1H3
JNE3819-KR-XXXL,JNE3819,Kurta,3XL,B09LV12X37
JNE3820-KR-L,JNE3820,Kurta,L,B09LTYYPPT
JNE3820-KR-M,JNE3820,Kurta,M,B09LV1CMCQ
JNE3820-KR-S,JNE3820,Kurta,S,B09LTZZHG2
JNE3820-KR-XL,JNE3820,Kurta,XL,B09LV164SN
JNE3820-KR-XS,JNE3820,Kurta,XS,B09LTZM8YG
JNE3820-KR-XXL,JNE3820,Kurta,XXL,B09LTZ2W2B
JNE3820-KR-XXXL,JNE3820,Kurta,3XL,B09LV24ZPD
JNE3821-KR-L,JNE3821,Kurta,L,B09LTZ7RP1
JNE3821-KR-M,JNE3821,Kurta,M,B09LTZGNNV
JNE3821-KR-S,JNE3821,Kurta,S,B09LTZBQX2
JNE3821-KR-XL,JNE3821,Kurta,XL,B09LTZR5VR
JNE3821-KR-XS,JNE3821,Kurta,XS,B09LTZ3XVM
JNE3821-KR-XXL,JNE3821,Kurta,XXL,B09LTZHZKM
JNE3821-KR-XXXL,JNE3821,Kurta,3XL,B09LV231YV
JNE3822-KR-L,JNE3822,Kurta,L,B09LTZR8MC
JNE3822-KR-M,JNE3822,Kurta,M,B09LTZMK13
JNE3822-KR-S,JNE3822,Kurta,S,B09LV1R56R
JNE3822-KR-XL,JNE3822,Kurta,XL,B09LTYN4SC
JNE3822-KR-XS,JNE3822,Kurta,XS,B09LV2SZFV
JNE3822-KR-XXL,JNE3822,Kurta,XXL,B09LV1SJKT
JNE3822-KR-XXXL,JNE3822,Kurta,3XL,B09LV2KH5Z
JNE3823-KR-L,JNE3823,Kurta,L,B09LV4GXCX
JNE3823-KR-M,JNE3823,Kurta,M,B09LTZD9DX
JNE3823-KR-S,JNE3823,Kurta,S,B09LTZZH7X
JNE3823-KR-XL,JNE3823,Kurta,XL,B09LTZDWN1
JNE3823-KR-XS,JNE3823,Kurta,XS,B09LTZZW68
JNE3823-KR-XXL,JNE3823,Kurta,XXL,B09LV1ZJWN
JNE3823-KR-XXXL,JNE3823,Kurta,3XL,B09LTZMJ2F
JNE3825-KR-L,JNE3825,Kurta,L,B09LTZDVGW
JNE3825-KR-M,JNE3825,Kurta,M,B09LV2CTYL
JNE3825-KR-S,JNE3825,Kurta,S,B09LTYWQYH
JNE3825-KR-XS,JNE3825,Kurta,XS,B09LTZF5DM
JNE3825-KR-XXL,JNE3825,Kurta,XXL,B09LTZD1X3
JNE3825-KR-XXXL,JNE3825,Kurta,3XL,B09LTZV48G
JNE3833-KR-L,JNE3833,Kurta,L,B09PDK1GQK
JNE3833-KR-M,JNE3833,Kurta,M,B09PDPD1GM
JNE3833-KR-S,JNE3833,Kurta,S,B09PDD9PS7
JNE3833-KR-XL,JNE3833,Kurta,XL,B09PDF9RS6
JNE3833-KR-XS,JNE3833,Kurta,XS,B09PCX7NT8
JNE3833-KR-XXL,JNE3833,Kurta,XXL,B09PD6BR4C
JNE3833-KR-XXXL,JNE3833,Kurta,3XL,B09PDG9M5J
JNE3834-KR-L,JNE3834,Kurta,L,B09Q3G7NGF
JNE3834-KR-M,JNE3834,Kurta,M,B09Q3HSG1T
JNE3834-KR-S,JNE3834,Kurta,S,B09Q3JJCB6
JNE3834-KR-XL,JNE3834,Kurta,XL,B09Q3JQJ67
JNE3834-KR-XS,JNE3834,Kurta,XS,B09Q3HH8TS
JNE3834-KR-XXL,JNE3834,Kurta,XXL,B09Q3HSGH3
JNE3834-KR-XXXL,JNE3834,Kurta,3XL,B09Q3JJ3D7
JNE3835-KR-L,JNE3835,Kurta,L,B09Q3HTDF5
JNE3835-KR-M,JNE3835,Kurta,M,B09Q3JQXWY
JNE3835-KR-S,JNE3835,Kurta,S,B09Q3J655Y
JNE3835-KR-XL,JNE3835,Kurta,XL,B09Q3GYT7H
JNE3835-KR-XS,JNE3835,Kurta,XS,B09Q3HC19H
JNE3835-KR-XXL,JNE3835,Kurta,XXL,B09Q3HTXJG
JNE3835-KR-XXXL,JNE3835,Kurta,3XL,B09Q3HXG2Z
JNE3836-KR-L,JNE3836,Kurta,L,B09RKC7DPC
JNE3836-KR-M,JNE3836,Kurta,M,B09RKCM347
JNE3836-KR-S,JNE3836,Kurta,S,B09RKDKFK4
JNE3836-KR-XL,JNE3836,Kurta,XL,B09RKBVL7Y
JNE3836-KR-XS,JNE3836,Kurta,XS,B09RKD6FK9
JNE3836-KR-XXL,JNE3836,Kurta,XXL,B09RKB4VDD
JNE3836-KR-XXXL,JNE3836,Kurta,3XL,B09RKCBJB6
JNE3837-KR-L,JNE3837,Kurta,L,B09RKCSJQ5
JNE3837-KR-M,JNE3837,Kurta,M,B09RKCMWVM
JNE3837-KR-S,JNE3837,Kurta,S,B09RKC6YGB
JNE3837-KR-XL,JNE3837,Kurta,XL,B09RKCHCPC
JNE3837-KR-XS,JNE3837,Kurta,XS,B09RKCG8QR
JNE3837-KR-XXL,JNE3837,Kurta,XXL,B09RKD3P4J
JNE3837-KR-XXXL,JNE3837,Kurta,3XL,B09RKC564X
JNE3838-KR-L,JNE3838,Kurta,L,B09TH6TF19
JNE3838-KR-M,JNE3838,Kurta,M,B09TH7F8WY
JNE3838-KR-S,JNE3838,Kurta,S,B09TH5J938
JNE3838-KR-XL,JNE3838,Kurta,XL,B09TH574ZW
JNE3838-KR-XS,JNE3838,Kurta,XS,B09TH6LGG8
JNE3838-KR-XXL,JNE3838,Kurta,XXL,B09TH6L9KF
JNE3838-KR-XXXL,JNE3838,Kurta,3XL,B09TH5VZF8
JNE3856-KR-L,JNE3856,Kurta,L,B09QJ341YQ
JNE3856-KR-M,JNE3856,Kurta,M,B09QJ49JNZ
JNE3856-KR-S,JNE3856,Kurta,S,B09QJ4QXJ6
JNE3856-KR-XL,JNE3856,Kurta,XL,B09QJ5CST2
JNE3856-KR-XS,JNE3856,Kurta,XS,B09QJ4R5KR
JNE3856-KR-XXL,JNE3856,Kurta,XXL,B09QJ3Q3CT
JNE3856-KR-XXXL,JNE3856,Kurta,3XL,B09QJ3H57V
JNE3860-DR-L,JNE3860,Western Dress,L,B09SDY4TFK
JNE3860-DR-M,JNE3860,Western Dress,M,B09SDYFHV5
JNE3860-DR-S,JNE3860,Western Dress,S,B09SDY4LBR
JNE3860-DR-XL,JNE3860,Western Dress,XL,B09SDXQK2Z
JNE3860-DR-XS,JNE3860,Western Dress,XS,B09SDYC3VS
JNE3860-DR-XXL,JNE3860,Western Dress,XXL,B09SDY42WF
JNE3860-DR-XXXL,JNE3860,Western Dress,3XL,B09SDYFGMR
JNE3861-DR-L,JNE3861,Western Dress,L,B09SDYG7YP
JNE3861-DR-M,JNE3861,Western Dress,M,B09SDYNSM7
JNE3861-DR-S,JNE3861,Western Dress,S,B09SDX82TS
JNE3861-DR-XL,JNE3861,Western Dress,XL,B09SDZ14KR
JNE3861-DR-XS,JNE3861,Western Dress,XS,B09SDY1YPT
JNE3861-DR-XXL,JNE3861,Western Dress,XXL,B09SDY9GXB
JNE3861-DR-XXXL,JNE3861,Western Dress,3XL,B09SDYBW5R
JNE3862-TU-L,JNE3862,Top,L,B09Y3CVP18
JNE3862-TU-M,JNE3862,Top,M,B09Y3CBT63
JNE3862-TU-S,JNE3862,Top,S,B09Y3CCRJV
JNE3862-TU-XL,JNE3862,Top,XL,B09Y3BRWN9
JNE3862-TU-XS,JNE3862,Top,XS,B09Y3DGMD6
JNE3862-TU-XXL,JNE3862,Top,XXL,B09Y3BY6L7
JNE3862-TU-XXXL,JNE3862,Top,3XL,B09Y3CY233
JNE3863-TU-L,JNE3863,Top,L,B09RMSZ7S6
JNE3863-TU-M,JNE3863,Top,M,B09RMP7GCC
JNE3863-TU-S,JNE3863,Top,S,B09RMHXY5X
JNE3863-TU-XL,JNE3863,Top,XL,B09RMP3PSZ
JNE3863-TU-XS,JNE3863,Top,XS,B09RMQ4JMW
JNE3863-TU-XXL,JNE3863,Top,XXL,B09RN4Y74G
JNE3863-TU-XXXL,JNE3863,Top,3XL,B09RN5P9VK
JNE3864-TU-L,JNE3864,Top,L,B09RMXRBNW
JNE3864-TU-M,JNE3864,Top,M,B09RMZQP28
JNE3864-TU-S,JNE3864,Top,S,B09RMQ5L3H
JNE3864-TU-XL,JNE3864,Top,XL,B09RMM1J1L
JNE3864-TU-XS,JNE3864,Top,XS,B09RN1F4ST
JNE3864-TU-XXL,JNE3864,Top,XXL,B09RMWR69M
JNE3864-TU-XXXL,JNE3864,Top,3XL,B09RMW6THB
JNE3865-TP-L,JNE3865,Top,L,B09TZSN6PK
JNE3865-TP-M,JNE3865,Top,M,B09TZT28S2
JNE3865-TP-S,JNE3865,Top,S,B09TZRLNW1
JNE3865-TP-XL,JNE3865,Top,XL,B09TZSJMGG
JNE3865-TP-XS,JNE3865,Top,XS,B09TZSQCV8
JNE3865-TP-XXL,JNE3865,Top,XXL,B09TZTZ58D
JNE3865-TP-XXXL,JNE3865,Top,3XL,B09TZSJVFX
JNE3866-KR-L,JNE3866,Kurta,L,B09TZXBKLL
JNE3866-KR-M,JNE3866,Kurta,M,B09TZWBRYB
JNE3866-KR-S,JNE3866,Kurta,S,B09TZX53QV
JNE3866-KR-XL,JNE3866,Kurta,XL,B09TZX4Y85
JNE3866-KR-XS,JNE3866,Kurta,XS,B09TZY6DWC
JNE3866-KR-XXL,JNE3866,Kurta,XXL,B09TZY9XYL
JNE3866-KR-XXXL,JNE3866,Kurta,3XL,B09TZXL47Z
JNE3869-DR-L,JNE3869,Western Dress,L,B09RK63SGY
JNE3869-DR-M,JNE3869,Western Dress,M,B09RK7Q644
JNE3869-DR-S,JNE3869,Western Dress,S,B09RK67Y51
JNE3869-DR-XL,JNE3869,Western Dress,XL,B09RK65QV5
JNE3869-DR-XS,JNE3869,Western Dress,XS,B09RK9FZ47
JNE3869-DR-XXL,JNE3869,Western Dress,XXL,B09RK6NS3V
JNE3869-DR-XXXL,JNE3869,Western Dress,3XL,B09RK757KM
JNE3870-DR-L,JNE3870,Western Dress,L,B09RK7N97N
JNE3870-DR-M,JNE3870,Western Dress,M,B09RK67T5V
JNE3870-DR-S,JNE3870,Western Dress,S,B09RK7FBWT
JNE3870-DR-XL,JNE3870,Western Dress,XL,B09RK6BZYM
JNE3870-DR-XS,JNE3870,Western Dress,XS,B09RK88FZB
JNE3870-DR-XXL,JNE3870,Western Dress,XXL,B09RK61TZX
JNE3870-DR-XXXL,JNE3870,Western Dress,3XL,B09RK7CGHJ
JNE3871-KR-S,JNE3871,Kurta,S,B09Y27XPDB
JNE3872-KR-L,JNE3872,Kurta,L,B0B1TMBYBY
JNE3872-KR-M,JNE3872,Kurta,M,B0B1TCGVW8
JNE3872-KR-XL,JNE3872,Kurta,XL,B0B1T4RTFX
JNE3872-KR-XXL,JNE3872,Kurta,XXL,B0B1TT7K6M
JNE3872-KR-XXXL,JNE3872,Kurta,3XL,B0B1TQ28RW
JNE3875-KR-L,JNE3875,Kurta,L,B09YYKZKXG
JNE3875-KR-M,JNE3875,Kurta,M,B09YYLP9S5
JNE3875-KR-S,JNE3875,Kurta,S,B09YYM4LS1
JNE3875-KR-XL,JNE3875,Kurta,XL,B09YYMDKGN
JNE3875-KR-XXL,JNE3875,Kurta,XXL,B09YYMSYX5
JNE3875-KR-XXXL,JNE3875,Kurta,3XL,B09YYLNNR8
JNE3878-KR-L,JNE3878,Kurta,L,B09TH6LGG9
JNE3878-KR-M,JNE3878,Kurta,M,B09TH7395H
JNE3878-KR-S,JNE3878,Kurta,S,B09TH5PRZP
JNE3878-KR-XL,JNE3878,Kurta,XL,B09TH43WCQ
JNE3878-KR-XS,JNE3878,Kurta,XS,B09TH59NFM
JNE3878-KR-XXL,JNE3878,Kurta,XXL,B09TH4D6DQ
JNE3878-KR-XXXL,JNE3878,Kurta,3XL,B09TH851W5
JNE3879-DR-L,JNE3879,Western Dress,L,B09SDZHJ3Q
JNE3879-DR-M,JNE3879,Western Dress,M,B09SDXB57D
JNE3879-DR-S,JNE3879,Western Dress,S,B09SDYZ3R6
JNE3879-DR-XL,JNE3879,Western Dress,XL,B09SDX8QRT
JNE3879-DR-XS,JNE3879,Western Dress,XS,B09SDXZD3S
JNE3879-DR-XXL,JNE3879,Western Dress,XXL,B09SDZ9BRQ
JNE3879-DR-XXXL,JNE3879,Western Dress,3XL,B09SDY4TFG
JNE3880-DR-L,JNE3880,Western Dress,L,B09SDZCJ3C
JNE3880-DR-M,JNE3880,Western Dress,M,B09SDZCCG3
JNE3880-DR-S,JNE3880,Western Dress,S,B09SDXVG4X
JNE3880-DR-XL,JNE3880,Western Dress,XL,B09SDXLC1B
JNE3880-DR-XS,JNE3880,Western Dress,XS,B09SDZ58PX
JNE3880-DR-XXL,JNE3880,Western Dress,XXL,B09SDXRVC8
JNE3880-DR-XXXL,JNE3880,Western Dress,3XL,B09SDXPB9D
JNE3881-DR-L,JNE3881,Western Dress,L,B09VC3WSC9
JNE3881-DR-M,JNE3881,Western Dress,M,B09VC4TPX8
JNE3881-DR-S,JNE3881,Western Dress,S,B09VC5BVB6
JNE3881-DR-XL,JNE3881,Western Dress,XL,B09VC3ZTLM
JNE3881-DR-XS,JNE3881,Western Dress,XS,B09VC46KXT
JNE3881-DR-XXL,JNE3881,Western Dress,XXL,B09VC6XVW6
JNE3881-DR-XXXL,JNE3881,Western Dress,3XL,B09VC3ST6H
JNE3885-KR-L,JNE3885,Kurta,L,B09TZWP436
JNE3885-KR-M,JNE3885,Kurta,M,B09TZXC6FV
JNE3885-KR-S,JNE3885,Kurta,S,B09TZXJNWX
JNE3885-KR-XL,JNE3885,Kurta,XL,B09TZWX43X
JNE3885-KR-XS,JNE3885,Kurta,XS,B09TZTRT9P
JNE3885-KR-XXL,JNE3885,Kurta,XXL,B09TZXWWXN
JNE3885-KR-XXXL,JNE3885,Kurta,3XL,B09TZXLP3W
JNE3886-KR-L,JNE3886,Kurta,L,B09TZXD4BX
JNE3886-KR-M,JNE3886,Kurta,M,B09TZYD7V2
JNE3886-KR-XL,JNE3886,Kurta,XL,B09TZXP26V
JNE3886-KR-XXL,JNE3886,Kurta,XXL,B09TZYDXF8
JNE3886-KR-XXXL,JNE3886,Kurta,3XL,B09TZWZCW8
JNE3887-KR-L,JNE3887,Kurta,L,B09TZWBRY9
JNE3887-KR-M,JNE3887,Kurta,M,B09TZX82WT
JNE3887-KR-S,JNE3887,Kurta,S,B09TZX7G1Q
JNE3887-KR-XL,JNE3887,Kurta,XL,B09TZVXQ1J
JNE3887-KR-XS,JNE3887,Kurta,XS,B09TZX3QMX
JNE3887-KR-XXL,JNE3887,Kurta,XXL,B09TZYFCNB
JNE3887-KR-XXXL,JNE3887,Kurta,3XL,B09TZZ96LZ
JNE3888-KR-L,JNE3888,Kurta,L,B09Y26YFJ4
JNE3888-KR-M,JNE3888,Kurta,M,B09Y266F7N
JNE3888-KR-S,JNE3888,Kurta,S,B09Y26ZBXR
JNE3888-KR-XL,JNE3888,Kurta,XL,B09Y27G27L
JNE3888-KR-XS,JNE3888,Kurta,XS,B09Y27BXKT
JNE3888-KR-XXL,JNE3888,Kurta,XXL,B09Y26S7X8
JNE3888-KR-XXXL,JNE3888,Kurta,3XL,B09Y26X9YF
JNE3889-KR-M,JNE3889,Kurta,M,B09Y277D45
JNE3889-KR-S,JNE3889,Kurta,S,B09Y1T52JH
JNE3889-KR-XXL,JNE3889,Kurta,XXL,B09Y27KT8T
JNE3890-TP-L,JNE3890,Top,L,B09VC2XQ4S
JNE3890-TP-M,JNE3890,Top,M,B09VC25VQ4
JNE3890-TP-S,JNE3890,Top,S,B09VC2XY91
JNE3890-TP-XL,JNE3890,Top,XL,B09VC1R8BM
JNE3890-TP-XXL,JNE3890,Top,XXL,B09VC2G2JV
JNE3890-TP-XXXL,JNE3890,Top,3XL,B09VC27V7M
JNE3891-TP-L,JNE3891,Top,L,B09VC31Y7S
JNE3891-TP-M,JNE3891,Top,M,B09VC17K5J
JNE3891-TP-XXL,JNE3891,Top,XXL,B09VC2NQRG
JNE3891-TP-XXXL,JNE3891,Top,3XL,B09VC3SW7R
JNE3892-TP-L,JNE3892,Top,L,B09TZRWSM1
JNE3892-TP-M,JNE3892,Top,M,B09TZSHPM6
JNE3892-TP-S,JNE3892,Top,S,B09TZRZVT6
JNE3892-TP-XL,JNE3892,Top,XL,B09TZS2MWW
JNE3892-TP-XS,JNE3892,Top,XS,B09TZRRG1N
JNE3892-TP-XXL,JNE3892,Top,XXL,B09TZQYZ11
JNE3892-TP-XXXL,JNE3892,Top,3XL,B09TZS71GP
JNE3893-TP-L,JNE3893,Top,L,B09VC2WZWF
JNE3893-TP-M,JNE3893,Top,M,B09VC2MPPB
JNE3893-TP-S,JNE3893,Top,S,B09VC2LWHT
JNE3893-TP-XL,JNE3893,Top,XL,B09VC3MGQ2
JNE3893-TP-XS,JNE3893,Top,XS,B09VC453MZ
JNE3893-TP-XXL,JNE3893,Top,XXL,B09VC3V5WH
JNE3893-TP-XXXL,JNE3893,Top,3XL,B09VC1XV1Y
JNE3894-TP-L,JNE3894,Top,L,B09TZSG6S2
JNE3894-TP-M,JNE3894,Top,M,B09TZSX6PQ
JNE3894-TP-S,JNE3894,Top,S,B09TZS4V29
JNE3894-TP-XL,JNE3894,Top,XL,B09TZSKKZL
JNE3894-TP-XXL,JNE3894,Top,XXL,B09TZS6R2M
JNE3894-TP-XXXL,JNE3894,Top,3XL,B09TZS8QXG
JNE3895-TP-L,JNE3895,Top,L,B09VC25511
JNE3895-TP-M,JNE3895,Top,M,B09VC2PF3L
JNE3895-TP-XL,JNE3895,Top,XL,B09VC2M5Y3
JNE3895-TP-XXL,JNE3895,Top,XXL,B09VC2GJCS
JNE3895-TP-XXXL,JNE3895,Top,3XL,B09VC2VX2B
JNE3896-KR-A-L,JNE3896,Kurta,L,B0B3MZ1SGF
JNE3896-KR-A-XL,JNE3896,Kurta,XL,B0B3MYPS3X
JNE3896-KR-A-XXXL,JNE3896,Kurta,3XL,B0B3N253J8
JNE3896-KR-XL,JNE3896,Kurta,XL,B09Y26JY2N
JNE3896-KR-XXL,JNE3896,Kurta,XXL,B09Y27HZ9P
JNE3896-KR-XXXL,JNE3896,Kurta,3XL,B09Y262R3Y
JNE3897-KR-M,JNE3897,Kurta,M,B09Y26NLXM
JNE3897-KR-S,JNE3897,Kurta,S,B09Y277WK9
JNE3897-KR-XL,JNE3897,Kurta,XL,B09Y279P81
JNE3897-KR-XXXL,JNE3897,Kurta,3XL,B09Y28L4CG
JNE3898-KR-L,JNE3898,Kurta,L,B09Y26LKTC
JNE3898-KR-M,JNE3898,Kurta,M,B09Y28JVC5
JNE3898-KR-S,JNE3898,Kurta,S,B09Y26DL9W
JNE3898-KR-XL,JNE3898,Kurta,XL,B09Y263RT1
JNE3898-KR-XXXL,JNE3898,Kurta,3XL,B09Y1XPX83
JNE3899-KR-A-M,JNE3899,Kurta,M,B0B3MYVL4L
JNE3899-KR-A-S,JNE3899,Kurta,S,B0B3MZQY3H
JNE3899-KR-A-XL,JNE3899,Kurta,XL,B0B3MZ5X2N
JNE3899-KR-L,JNE3899,Kurta,L,B09Y25Q72D
JNE3899-KR-S,JNE3899,Kurta,S,B09Y28D29F
JNE3899-KR-XXL,JNE3899,Kurta,XXL,B09Y28QDSG
JNE3900-KR-A-L,JNE3900,Kurta,L,B0B3MZ4DVD
JNE3900-KR-A-XXL,JNE3900,Kurta,XXL,B0B3MZY63X
JNE3900-KR-A-XXXL,JNE3900,Kurta,3XL,B0B3N16LC2
JNE3902-KR-L,JNE3902,Kurta,L,B09YYL7YFV
JNE3902-KR-M,JNE3902,Kurta,M,B09YYLFLDH
JNE3902-KR-S,JNE3902,Kurta,S,B09YYMR69F
JNE3902-KR-XL,JNE3902,Kurta,XL,B09YYLN4YQ
JNE3902-KR-XS,JNE3902,Kurta,XS,B09YYJS12R
JNE3902-KR-XXL,JNE3902,Kurta,XXL,B09YYM6NBP
JNE3902-KR-XXXL,JNE3902,Kurta,3XL,B09YYL78L7
JNE3903-KR-L,JNE3903,Kurta,L,B0B3MSK4TZ
JNE3903-KR-M,JNE3903,Kurta,M,B0B3MRM5QG
JNE3903-KR-XL,JNE3903,Kurta,XL,B0B3MNTMWV
JNE3903-KR-XS,JNE3903,Kurta,XS,B0B3MRSGRH
JNE3903-KR-XXL,JNE3903,Kurta,XXL,B0B3MR86JV
JNE3903-KR-XXXL,JNE3903,Kurta,3XL,B0B3MQ2ZP4
JNE3904-DR-L,JNE3904,Western Dress,L,B09Y25NR54
JNE3904-DR-M,JNE3904,Western Dress,M,B09Y26H8X1
JNE3904-DR-S,JNE3904,Western Dress,S,B09Y282Q7Y
JNE3904-DR-XL,JNE3904,Western Dress,XL,B09Y26SM95
JNE3904-DR-XS,JNE3904,Western Dress,XS,B09Y26R9WV
JNE3904-DR-XXL,JNE3904,Western Dress,XXL,B09Y268W2D
JNE3904-DR-XXXL,JNE3904,Western Dress,3XL,B09Y27F7WY
JNE3905-DR-L,JNE3905,Western Dress,L,B09YYQV9JG
JNE3905-DR-M,JNE3905,Western Dress,M,B09YYRG28X
JNE3905-DR-S,JNE3905,Western Dress,S,B09YYPQ7NW
JNE3905-DR-XL,JNE3905,Western Dress,XL,B09YYPWNT8
JNE3905-DR-XS,JNE3905,Western Dress,XS,B09YYRHFQ1
JNE3905-DR-XXL,JNE3905,Western Dress,XXL,B09YYR23XR
JNE3905-DR-XXXL,JNE3905,Western Dress,3XL,B09YYS4ZTZ
JNE3906-KR-L,JNE3906,Kurta,L,B0B3MR8GR2
JNE3906-KR-M,JNE3906,Kurta,M,B0B3MPM56P
JNE3906-KR-XL,JNE3906,Kurta,XL,B0B3MQHKT1
JNE3906-KR-XXXL,JNE3906,Kurta,3XL,B0B3MQWQGX
JNE3907-KR-L,JNE3907,Kurta,L,B0B3MQKC9J
JNE3907-KR-S,JNE3907,Kurta,S,B0B3MPZQRN
JNE3907-KR-XS,JNE3907,Kurta,XS,B0B3MSBFQP
JNE3908-KR-L,JNE3908,Kurta,L,B0B3MR9173
JNE3908-KR-M,JNE3908,Kurta,M,B0B3MR3R7C
JNE3908-KR-S,JNE3908,Kurta,S,B0B3MPDQTD
JNE3908-KR-XL,JNE3908,Kurta,XL,B0B3MWG4D5
JNE3908-KR-XS,JNE3908,Kurta,XS,B0B3MQ13NB
JNE3908-KR-XXL,JNE3908,Kurta,XXL,B0B3MR8S1N
JNE3909-KR-L,JNE3909,Kurta,L,B0B3MQ8ZRJ
JNE3909-KR-M,JNE3909,Kurta,M,B0B3MQZJPW
JNE3909-KR-S,JNE3909,Kurta,S,B0B3MS9VQV
JNE3909-KR-XL,JNE3909,Kurta,XL,B0B3MPRBY3
JNE3909-KR-XXL,JNE3909,Kurta,XXL,B0B3MRKBC6
JNE3910-KR-L,JNE3910,Kurta,L,B0B3MPKTYP
JNE3910-KR-M,JNE3910,Kurta,M,B0B3MRHYQV
JNE3910-KR-S,JNE3910,Kurta,S,B0B3MQNBHN
JNE3910-KR-XL,JNE3910,Kurta,XL,B0B3MSJWKP
JNE3910-KR-XS,JNE3910,Kurta,XS,B0B3MPBKX5
JNE3910-KR-XXL,JNE3910,Kurta,XXL,B0B3MP94H5
JNE3910-KR-XXXL,JNE3910,Kurta,3XL,B0B3MPMRJL
JNE3924-TU-L,JNE3924,Top,L,B0B3NG4HD3
JNE3924-TU-M,JNE3924,Top,M,B0B3N7JZMX
JNE3924-TU-XS,JNE3924,Top,XS,B0B3N98N1G
JNE3927-KR-M,JNE3927,Kurta,M,B0B3X45961
JNE3927-KR-XL,JNE3927,Kurta,XL,B0B3WZRZ7Q
JNE3927-KR-XS,JNE3927,Kurta,XS,B0B3X1742L
JNE3928-KR-L,JNE3928,Kurta,L,B09XKD3831
JNE3928-KR-M,JNE3928,Kurta,M,B09XKFFHKP
JNE3928-KR-S,JNE3928,Kurta,S,B09XKBVTS7
JNE3928-KR-XL,JNE3928,Kurta,XL,B09XKCLYWF
JNE3928-KR-XS,JNE3928,Kurta,XS,B09XKC4KRL
JNE3928-KR-XXL,JNE3928,Kurta,XXL,B09XKC6FSQ
JNE3928-KR-XXXL,JNE3928,Kurta,3XL,B09XKD2LBH
MEN5001-KR-L,MEN5001,Kurta,L,B08YYRNM5M
MEN5001-KR-M,MEN5001,Kurta,M,B08YYTH8N5
MEN5001-KR-S,MEN5001,Kurta,S,B08YYS3YW2
MEN5001-KR-XL,MEN5001,Kurta,XL,B08YYRH2Q6
MEN5001-KR-XXL,MEN5001,Kurta,XXL,B08YYQ8L6L
MEN5001-KR-XXXL,MEN5001,Kurta,3XL,B08YYR1NT1
MEN5002-KR-L,MEN5002,Kurta,L,B08YYYDN9R
MEN5002-KR-M,MEN5002,Kurta,M,B08YZ4WLT3
MEN5002-KR-S,MEN5002,Kurta,S,B08YZ17D9M
MEN5002-KR-XL,MEN5002,Kurta,XL,B08YYZCTJX
MEN5002-KR-XXL,MEN5002,Kurta,XXL,B08YZ1HZ7B
MEN5002-KR-XXXL,MEN5002,Kurta,3XL,B08YZ2HJFW
MEN5003-KR-L,MEN5003,Kurta,L,B08YYTSKB4
MEN5003-KR-M,MEN5003,Kurta,M,B08YYSTGZ7
MEN5003-KR-S,MEN5003,Kurta,S,B08YYQYRYZ
MEN5003-KR-XL,MEN5003,Kurta,XL,B08YZ1YZ95
MEN5003-KR-XXL,MEN5003,Kurta,XXL,B08YYTBPPP
MEN5003-KR-XXXL,MEN5003,Kurta,3XL,B08YZ45DTV
MEN5004-KR-L,MEN5004,Kurta,L,B08YZ19DL9
MEN5004-KR-M,MEN5004,Kurta,M,B08YYYZMKB
MEN5004-KR-S,MEN5004,Kurta,S,B08YZ175BR
MEN5004-KR-XL,MEN5004,Kurta,XL,B08YZ19332
MEN5004-KR-XXL,MEN5004,Kurta,XXL,B08YZ16M9S
MEN5004-KR-XXXL,MEN5004,Kurta,3XL,B08YZ2W99X
MEN5005-KR-L,MEN5005,Kurta,L,B08YYSRPY4
MEN5005-KR-M,MEN5005,Kurta,M,B08YYX6VBZ
MEN5005-KR-XL,MEN5005,Kurta,XL,B08YYQZ8YG
MEN5005-KR-XXL,MEN5005,Kurta,XXL,B08YYW2WZY
MEN5005-KR-XXXL,MEN5005,Kurta,3XL,B08YYPZJ9R
MEN5006-KR-L,MEN5006,Kurta,L,B08YYR13RX
MEN5006-KR-M,MEN5006,Kurta,M,B08YZ34X4D
MEN5006-KR-S,MEN5006,Kurta,S,B08YYY9W7R
MEN5006-KR-XL,MEN5006,Kurta,XL,B08YZ2ZXT4
MEN5006-KR-XXL,MEN5006,Kurta,XXL,B08YYTB4R3
MEN5006-KR-XXXL,MEN5006,Kurta,3XL,B08YZ275XH
MEN5007-KR-L,MEN5007,Kurta,L,B08YYXSP8X
MEN5007-KR-M,MEN5007,Kurta,M,B08YYZ7YQZ
MEN5007-KR-S,MEN5007,Kurta,S,B08YZ26R7R
MEN5007-KR-XL,MEN5007,Kurta,XL,B08YYWG825
MEN5007-KR-XXL,MEN5007,Kurta,XXL,B08YYZZ32H
MEN5007-KR-XXXL,MEN5007,Kurta,3XL,B08YYZJPWN
MEN5008-KR-L,MEN5008,Kurta,L,B08YYZFQZS
MEN5008-KR-M,MEN5008,Kurta,M,B08YZ2L9TX
MEN5008-KR-S,MEN5008,Kurta,S,B08YYZJX1Z
MEN5008-KR-XL,MEN5008,Kurta,XL,B08YYZ8RTQ
MEN5008-KR-XXL,MEN5008,Kurta,XXL,B08YZ2RC62
MEN5008-KR-XXXL,MEN5008,Kurta,3XL,B08YZ1SZZS
MEN5009-KR-L,MEN5009,Kurta,L,B08YZ24516
MEN5009-KR-M,MEN5009,Kurta,M,B08YYX8VKT
MEN5009-KR-S,MEN5009,Kurta,S,B08YYZNFQG
MEN5009-KR-XL,MEN5009,Kurta,XL,B08YYTCPYX
MEN5009-KR-XXL,MEN5009,Kurta,XXL,B08YYVFT61
MEN5009-KR-XXXL,MEN5009,Kurta,3XL,B08YYZWV9C
MEN5010-KR-L,MEN5010,Kurta,L,B08YYYVTNJ
MEN5010-KR-M,MEN5010,Kurta,M,B08YZ1LYHJ
MEN5010-KR-XL,MEN5010,Kurta,XL,B08YZ46TNM
MEN5010-KR-XXL,MEN5010,Kurta,XXL,B08YYYZBJY
MEN5010-KR-XXXL,MEN5010,Kurta,3XL,B08YZ1GTG5
MEN5011-KR-L,MEN5011,Kurta,L,B08YZ243V6
MEN5011-KR-M,MEN5011,Kurta,M,B08YZ1Z5XS
MEN5011-KR-S,MEN5011,Kurta,S,B08YZ4VLH2
MEN5011-KR-XL,MEN5011,Kurta,XL,B08YZ1RHHJ
MEN5011-KR-XXL,MEN5011,Kurta,XXL,B08YZ3Q2B6
MEN5011-KR-XXXL,MEN5011,Kurta,3XL,B08YYYQXBM
MEN5012-KR-L,MEN5012,Kurta,L,B08YZ1XTLS
MEN5012-KR-M,MEN5012,Kurta,M,B08YZ11WQW
MEN5012-KR-S,MEN5012,Kurta,S,B08YZ18YTZ
MEN5012-KR-XL,MEN5012,Kurta,XL,B08YZ48C1K
MEN5012-KR-XXXL,MEN5012,Kurta,3XL,B08YZ175W4
MEN5013-KR-L,MEN5013,Kurta,L,B08YYR9G96
MEN5013-KR-M,MEN5013,Kurta,M,B08YYZQ9VQ
MEN5013-KR-S,MEN5013,Kurta,S,B08YZ1MK8Z
MEN5013-KR-XL,MEN5013,Kurta,XL,B08YYSPGH6
MEN5013-KR-XXL,MEN5013,Kurta,XXL,B08YYZKDDX
MEN5013-KR-XXXL,MEN5013,Kurta,3XL,B08YYSCDV6
MEN5014-KR-L,MEN5014,Kurta,L,B08YYTZRBY
MEN5014-KR-M,MEN5014,Kurta,M,B08YZ2TY5F
MEN5014-KR-S,MEN5014,Kurta,S,B08YZ1PTRF
MEN5014-KR-XL,MEN5014,Kurta,XL,B08YYZM8WL
MEN5014-KR-XXL,MEN5014,Kurta,XXL,B08YYYB7PX
MEN5014-KR-XXXL,MEN5014,Kurta,3XL,B08YYSCF1V
MEN5015-KR-L,MEN5015,Kurta,L,B08YYVN6WH
MEN5015-KR-M,MEN5015,Kurta,M,B08YYVC3WB
MEN5015-KR-S,MEN5015,Kurta,S,B08YYR9YQK
MEN5015-KR-XL,MEN5015,Kurta,XL,B08YYQRS7K
MEN5015-KR-XXL,MEN5015,Kurta,XXL,B08YYSXVCG
MEN5016-KR-M,MEN5016,Kurta,M,B08YYVHV6H
MEN5016-KR-S,MEN5016,Kurta,S,B08YYS4LJM
MEN5016-KR-XXL,MEN5016,Kurta,XXL,B08YYSPDYL
MEN5016-KR-XXXL,MEN5016,Kurta,3XL,B08YYTBGMP
MEN5017-KR-L,MEN5017,Kurta,L,B08YZ1JHHZ
MEN5017-KR-M,MEN5017,Kurta,M,B08YYTWZSV
MEN5017-KR-S,MEN5017,Kurta,S,B08YYZJH35
MEN5017-KR-XL,MEN5017,Kurta,XL,B08YYRFFGY
MEN5018-KR-L,MEN5018,Kurta,L,B08YZ34ZT3
MEN5018-KR-M,MEN5018,Kurta,M,B08YZ3MW5T
MEN5018-KR-S,MEN5018,Kurta,S,B08YZ2V39J
MEN5018-KR-XL,MEN5018,Kurta,XL,B08YYY58JV
MEN5018-KR-XXL,MEN5018,Kurta,XXL,B08YYZD2F1
MEN5018-KR-XXXL,MEN5018,Kurta,3XL,B08YZ1YL7X
MEN5019-KR-L,MEN5019,Kurta,L,B091HRCZD3
MEN5019-KR-M,MEN5019,Kurta,M,B08YYSNPZB
MEN5019-KR-S,MEN5019,Kurta,S,B08YYRSNLB
MEN5019-KR-XL,MEN5019,Kurta,XL,B08YYTGRYB
MEN5019-KR-XXL,MEN5019,Kurta,XXL,B08YYTH3BJ
MEN5019-KR-XXXL,MEN5019,Kurta,3XL,B08YYQXZHK
MEN5020-KR-S,MEN5020,Kurta,S,B08YYTK7V1
MEN5020-KR-XXXL,MEN5020,Kurta,3XL,B08YYSKBSS
MEN5021-KR-L,MEN5021,Kurta,L,B08YYZNNWM
MEN5021-KR-M,MEN5021,Kurta,M,B08YYQRS7M
MEN5021-KR-S,MEN5021,Kurta,S,B08YYR9L27
MEN5021-KR-XL,MEN5021,Kurta,XL,B08YYVLZVH
MEN5021-KR-XXL,MEN5021,Kurta,XXL,B08YYSWWGK
MEN5021-KR-XXXL,MEN5021,Kurta,3XL,B08YZ2GWTM
MEN5022-KR-L,MEN5022,Kurta,L,B08YYVFDZP
MEN5022-KR-M,MEN5022,Kurta,M,B08YYV8NZL
MEN5022-KR-S,MEN5022,Kurta,S,B08YYT4GQJ
MEN5022-KR-XL,MEN5022,Kurta,XL,B08YYS7HQD
MEN5022-KR-XXL,MEN5022,Kurta,XXL,B08YYRX2L6
MEN5022-KR-XXXL,MEN5022,Kurta,3XL,B08YYTHKY5
MEN5023-KR-L,MEN5023,Kurta,L,B08YZ1L831
MEN5023-KR-M,MEN5023,Kurta,M,B08YZ1B283
MEN5023-KR-S,MEN5023,Kurta,S,B08YZ1GSGW
MEN5023-KR-XL,MEN5023,Kurta,XL,B08YZ22Q6R
MEN5023-KR-XXL,MEN5023,Kurta,XXL,B08YYZ1RYT
MEN5023-KR-XXXL,MEN5023,Kurta,3XL,B08YZ5FNX5
MEN5024-KR-L,MEN5024,Kurta,L,B08YYSQJTC
MEN5024-KR-M,MEN5024,Kurta,M,B08YYTTNY5
MEN5024-KR-S,MEN5024,Kurta,S,B08YZ2C6PY
MEN5024-KR-XL,MEN5024,Kurta,XL,B08YZ16CBG
MEN5024-KR-XXL,MEN5024,Kurta,XXL,B08YYWG6VJ
MEN5024-KR-XXXL,MEN5024,Kurta,3XL,B08YYZ28L6
MEN5025-KR-L,MEN5025,Kurta,L,B08YYTM98L
MEN5025-KR-M,MEN5025,Kurta,M,B08YYR1BFP
MEN5025-KR-S,MEN5025,Kurta,S,B08YYTKXNX
MEN5025-KR-XL,MEN5025,Kurta,XL,B08YYTNXN6
MEN5025-KR-XXL,MEN5025,Kurta,XXL,B08YYSX188
MEN5025-KR-XXXL,MEN5025,Kurta,3XL,B08YYQS8FH
MEN5026-KR-L,MEN5026,Kurta,L,B08YYZLF3D
MEN5026-KR-M,MEN5026,Kurta,M,B08YZ3NKT8
MEN5026-KR-S,MEN5026,Kurta,S,B08YYYD4ZL
MEN5026-KR-XL,MEN5026,Kurta,XL,B08YZ19JXH
MEN5026-KR-XXL,MEN5026,Kurta,XXL,B08YYZ9MFV
MEN5026-KR-XXXL,MEN5026,Kurta,3XL,B08YZ1PW81
MEN5027-KR-L,MEN5027,Kurta,L,B08YYRKNC7
MEN5027-KR-M,MEN5027,Kurta,M,B08YYPMZ67
MEN5027-KR-S,MEN5027,Kurta,S,B08YYSCCWR
MEN5027-KR-XL,MEN5027,Kurta,XL,B08YYS5WM3
MEN5027-KR-XXL,MEN5027,Kurta,XXL,B08YYSLLKG
MEN5027-KR-XXXL,MEN5027,Kurta,3XL,B08YYVCCTQ
MEN5028-KR-L,MEN5028,Kurta,L,B08YZ1GX7H
MEN5028-KR-M,MEN5028,Kurta,M,B08YYT6ZG2
MEN5028-KR-S,MEN5028,Kurta,S,B08YYYPQCT
MEN5028-KR-XL,MEN5028,Kurta,XL,B08YYTL6BX
MEN5028-KR-XXL,MEN5028,Kurta,XXL,B08YZ2M4SQ
MEN5028-KR-XXXL,MEN5028,Kurta,3XL,B08YYTKV6N
MEN5029-KR-L,MEN5029,Kurta,L,B08YZ2SBPM
MEN5029-KR-M,MEN5029,Kurta,M,B08YZ1SZDH
MEN5029-KR-S,MEN5029,Kurta,S,B08YZ3FBFL
MEN5029-KR-XL,MEN5029,Kurta,XL,B08YZ2JMRN
MEN5029-KR-XXL,MEN5029,Kurta,XXL,B08YZ1YKB4
MEN5029-KR-XXXL,MEN5029,Kurta,3XL,B08YYZ34V1
MEN5030-KR-L,MEN5030,Kurta,L,B08YYSSBNB
MEN5030-KR-M,MEN5030,Kurta,M,B08YYSPMPN
MEN5030-KR-S,MEN5030,Kurta,S,B08YYSK77H
MEN5030-KR-XL,MEN5030,Kurta,XL,B08YYW6DX7
MEN5030-KR-XXL,MEN5030,Kurta,XXL,B08YYRM6FT
MEN5030-KR-XXXL,MEN5030,Kurta,3XL,B08YYSV9KT
MEN5031-KR-L,MEN5031,Kurta,L,B08YZ1JSM7
MEN5031-KR-M,MEN5031,Kurta,M,B08YYSFRTV
MEN5031-KR-S,MEN5031,Kurta,S,B08YYSMBZ3
MEN5031-KR-XL,MEN5031,Kurta,XL,B08YZ15PCJ
MEN5031-KR-XXL,MEN5031,Kurta,XXL,B08YYZHYXT
MEN5031-KR-XXXL,MEN5031,Kurta,3XL,B08YYT14HH
MEN5032-KR-L,MEN5032,Kurta,L,B08YZ13V5N
MEN5032-KR-M,MEN5032,Kurta,M,B08YZ1BNXR
MEN5032-KR-S,MEN5032,Kurta,S,B08YYXJJ4V
MEN5032-KR-XL,MEN5032,Kurta,XL,B08YZ1H4TG
MEN5032-KR-XXL,MEN5032,Kurta,XXL,B08YZ138QZ
MEN5032-KR-XXXL,MEN5032,Kurta,3XL,B08YZ2ZXT7
NW001-TP-PJ-L,NW001,Set,L,B0922S6GWB
NW001-TP-PJ-M,NW001,Set,M,B0922RQ7LY
NW001-TP-PJ-S,NW001,Set,S,B0922VHFXQ
NW001-TP-PJ-XL,NW001,Set,XL,B0922W5WM9
NW001-TP-PJ-XS,NW001,Set,XS,B0922TWFYK
NW001-TP-PJ-XXL,NW001,Set,XXL,B0922V99HN
NW001-TP-PJ-XXXL,NW001,Set,3XL,B0922TKDRM
NW002-TP-PJ-L,NW002,Set,L,B0922SBJV1
NW002-TP-PJ-M,NW002,Set,M,B0922T8X6N
NW002-TP-PJ-S,NW002,Set,S,B0922V1KM4
NW002-TP-PJ-XL,NW002,Set,XL,B0922V28CS
NW002-TP-PJ-XS,NW002,Set,XS,B0922T8QH2
NW002-TP-PJ-XXL,NW002,Set,XXL,B0922S3SPX
NW002-TP-PJ-XXXL,NW002,Set,3XL,B0922QVNNY
NW003-TP-PJ-L,NW003,Set,L,B0928VL4RG
NW003-TP-PJ-M,NW003,Set,M,B0928YLXJ1
NW003-TP-PJ-S,NW003,Set,S,B09291MM7W
NW003-TP-PJ-XL,NW003,Set,XL,B0928Y4GXD
NW003-TP-PJ-XS,NW003,Set,XS,B0928XLFKC
NW003-TP-PJ-XXL,NW003,Set,XXL,B0928YJ3TR
NW003-TP-PJ-XXXL,NW003,Set,3XL,B0928XF9ZH
NW004-TP-PJ-L,NW004,Set,L,B0922TGHSL
NW004-TP-PJ-M,NW004,Set,M,B0922QJ5DH
NW004-TP-PJ-S,NW004,Set,S,B0922T4453
NW004-TP-PJ-XL,NW004,Set,XL,B0922SPY3K
NW004-TP-PJ-XS,NW004,Set,XS,B0922VNV6R
NW004-TP-PJ-XXL,NW004,Set,XXL,B0922T5HVS
NW004-TP-PJ-XXXL,NW004,Set,3XL,B0922T745K
NW005-ST-PJ-L,NW005,Set,L,B0922TCTTB
NW005-ST-PJ-M,NW005,Set,M,B0922P68HD
NW005-ST-PJ-S,NW005,Set,S,B092336CTV
NW005-ST-PJ-XL,NW005,Set,XL,B0922WJ27J
NW005-ST-PJ-XS,NW005,Set,XS,B0922SDB6D
NW005-ST-PJ-XXL,NW005,Set,XXL,B0922PCB3D
NW005-ST-PJ-XXXL,NW005,Set,3XL,B0922RYWBL
NW006-ST-SR-L,NW006,Set,L,B0922V8Y91
NW006-ST-SR-M,NW006,Set,M,B0922TDC52
NW006-ST-SR-S,NW006,Set,S,B0922SY9SQ
NW006-ST-SR-XL,NW006,Set,XL,B0922V8T1C
NW006-ST-SR-XS,NW006,Set,XS,B0922TR9CK
NW006-ST-SR-XXXL,NW006,Set,3XL,B0922TRMHM
NW007-ST-CP-L,NW007,Set,L,B0928XQWQF
NW007-ST-CP-XL,NW007,Set,XL,B0928XLWGV
NW007-ST-CP-XXL,NW007,Set,XXL,B0928WXHXF
NW007-ST-CP-XXXL,NW007,Set,3XL,B0928YCMQP
NW008-ST-CP-L,NW008,Set,L,B0922W935V
NW008-ST-CP-M,NW008,Set,M,B0922TLC46
NW008-ST-CP-S,NW008,Set,S,B0922PN57C
NW008-ST-CP-XL,NW008,Set,XL,B0922T775V
NW008-ST-CP-XS,NW008,Set,XS,B0922TXZG5
NW008-ST-CP-XXL,NW008,Set,XXL,B0922V4R3Z
NW008-ST-CP-XXXL,NW008,Set,3XL,B0922SP1DH
NW009-ST-CP-L,NW009,Set,L,B0922SVW74
NW009-ST-CP-M,NW009,Set,M,B0922TR9CG
NW009-ST-CP-S,NW009,Set,S,B0922VSVQM
NW009-ST-CP-XL,NW009,Set,XL,B0922V6M5Q
NW009-ST-CP-XS,NW009,Set,XS,B0922T9X49
NW009-ST-CP-XXL,NW009,Set,XXL,B0922SDND3
NW009-ST-CP-XXXL,NW009,Set,3XL,B0922T2H82
NW012-TP-PJ-L,NW012,Set,L,B0922V9HP7
NW012-TP-PJ-M,NW012,Set,M,B0922QTZQ5
NW012-TP-PJ-S,NW012,Set,S,B0922T13R1
NW012-TP-PJ-XL,NW012,Set,XL,B0922TK8CF
NW012-TP-PJ-XS,NW012,Set,XS,B0922T4KGR
NW012-TP-PJ-XXL,NW012,Set,XXL,B0922SLD43
NW012-TP-PJ-XXXL,NW012,Set,3XL,B0922TJXMK
NW013-ST-SR-L,NW013,Set,L,B0928XJX1F
NW013-ST-SR-M,NW013,Set,M,B0928VZF2J
NW013-ST-SR-S,NW013,Set,S,B0928VJC2R
NW013-ST-SR-XL,NW013,Set,XL,B0928XJ3BS
NW013-ST-SR-XS,NW013,Set,XS,B0928XYB8Q
NW013-ST-SR-XXL,NW013,Set,XXL,B0928X21RD
NW013-ST-SR-XXXL,NW013,Set,3XL,B0928WHKTX
NW014-ST-SR-L,NW014,Set,L,B0928YW4MM
NW014-ST-SR-M,NW014,Set,M,B0928S4YCB
NW014-ST-SR-S,NW014,Set,S,B0928X31BK
NW014-ST-SR-XL,NW014,Set,XL,B0928W9G9B
NW014-ST-SR-XS,NW014,Set,XS,B0928Y11S5
NW014-ST-SR-XXL,NW014,Set,XXL,B0928W9MSN
NW014-ST-SR-XXXL,NW014,Set,3XL,B0928ZT74Y
NW015-TP-PJ-L,NW015,Set,L,B0922TRFT7
NW015-TP-PJ-M,NW015,Set,M,B0922VCDNR
NW015-TP-PJ-S,NW015,Set,S,B0922SCDFN
NW015-TP-PJ-XL,NW015,Set,XL,B0922T9X46
NW015-TP-PJ-XS,NW015,Set,XS,B0922SK52F
NW015-TP-PJ-XXL,NW015,Set,XXL,B0922T8G8P
NW015-TP-PJ-XXXL,NW015,Set,3XL,B0922TRNSV
NW016-ST-SR-L,NW016,Set,L,B099NRXFFX
NW016-ST-SR-M,NW016,Set,M,B099NQLDSS
NW016-ST-SR-S,NW016,Set,S,B099NQKVD6
NW016-ST-SR-XL,NW016,Set,XL,B099NPRZM7
NW016-ST-SR-XS,NW016,Set,XS,B099NP8KTV
NW016-ST-SR-XXL,NW016,Set,XXL,B099NQGVWP
NW016-ST-SR-XXXL,NW016,Set,3XL,B099NSBYRS
NW020-ST-SR-L,NW020,Set,L,B099NR21K6
NW020-ST-SR-S,NW020,Set,S,B099NQ7996
NW020-ST-SR-XL,NW020,Set,XL,B099NNVBWM
NW020-ST-SR-XS,NW020,Set,XS,B099NP16F4
NW020-ST-SR-XXL,NW020,Set,XXL,B099NLD5FQ
NW020-ST-SR-XXXL,NW020,Set,3XL,B099NV3XFT
NW022-TP-PJ-L,NW022,Set,L,B099NTC7HP
NW022-TP-PJ-M,NW022,Set,M,B099NQ79JH
NW022-TP-PJ-S,NW022,Set,S,B099NR6SDK
NW022-TP-PJ-XL,NW022,Set,XL,B099NQ85GC
NW022-TP-PJ-XS,NW022,Set,XS,B099NP4HCD
NW022-TP-PJ-XXL,NW022,Set,XXL,B099NRF6HZ
NW022-TP-PJ-XXXL,NW022,Set,3XL,B099NQKYR1
NW023-ST-SR-L,NW023,Set,L,B09HM7P8PF
NW023-ST-SR-XL,NW023,Set,XL,B09HMM4MC1
NW024-TP-PJ-L,NW024,Set,L,B099NSJ3TZ
NW024-TP-PJ-M,NW024,Set,M,B099NS6CCS
NW024-TP-PJ-S,NW024,Set,S,B099NRXJ5Z
NW024-TP-PJ-XL,NW024,Set,XL,B099NRSBJJ
NW024-TP-PJ-XS,NW024,Set,XS,B099NQPGHG
NW024-TP-PJ-XXL,NW024,Set,XXL,B099NR3RSQ
NW024-TP-PJ-XXXL,NW024,Set,3XL,B099NQCZY6
NW027-TP-PJ-M,NW027,Set,M,B09G2SB72S
NW027-TP-PJ-S,NW027,Set,S,B09G2RVXNZ
NW027-TP-PJ-XL,NW027,Set,XL,B09G2TC4QN
NW027-TP-PJ-XS,NW027,Set,XS,B09G2RD6FX
NW027-TP-PJ-XXL,NW027,Set,XXL,B09G2SZTS6
NW027-TP-PJ-XXXL,NW027,Set,3XL,B09G2T43P3
NW028-TP-PJ-L,NW028,Set,L,B0922SGMFS
NW028-TP-PJ-M,NW028,Set,M,B0922VP2BP
NW028-TP-PJ-S,NW028,Set,S,B0922XT6PN
NW028-TP-PJ-XL,NW028,Set,XL,B0922S1Q9W
NW028-TP-PJ-XS,NW028,Set,XS,B0922SWQX9
NW028-TP-PJ-XXL,NW028,Set,XXL,B0922VDWDL
NW028-TP-PJ-XXXL,NW028,Set,3XL,B0922X5MYM
NW029-ST-SR-L,NW029,Set,L,B0922PX5TM
NW029-ST-SR-M,NW029,Set,M,B0922V15HC
NW029-ST-SR-S,NW029,Set,S,B0922QY1KW
NW029-ST-SR-XL,NW029,Set,XL,B0922SD3TN
NW029-ST-SR-XS,NW029,Set,XS,B0922RKG6S
NW029-ST-SR-XXL,NW029,Set,XXL,B0922VHM3Z
NW029-ST-SR-XXXL,NW029,Set,3XL,B0922V149M
NW030-TP-PJ-L,NW030,Set,L,B09G2T795K
NW030-TP-PJ-M,NW030,Set,M,B09G2R6Y8J
NW030-TP-PJ-S,NW030,Set,S,B09G2RFP14
NW030-TP-PJ-XL,NW030,Set,XL,B09G2STB6H
NW030-TP-PJ-XS,NW030,Set,XS,B09G2RQSRZ
NW030-TP-PJ-XXL,NW030,Set,XXL,B09G2R8XLM
NW030-TP-PJ-XXXL,NW030,Set,3XL,B09G2RJSGG
NW031-TP-PJ-L,NW031,Set,L,B0928W25V3
NW031-TP-PJ-M,NW031,Set,M,B0928YL1L6
NW031-TP-PJ-S,NW031,Set,S,B0928Z44H8
NW031-TP-PJ-XL,NW031,Set,XL,B0928XTBT8
NW031-TP-PJ-XS,NW031,Set,XS,B0928XLFKD
NW031-TP-PJ-XXL,NW031,Set,XXL,B0928ZDZ1X
NW031-TP-PJ-XXXL,NW031,Set,3XL,B0928WHXM6
NW032-ST-CP-L,NW032,Set,L,B0922S9QM7
NW032-ST-CP-M,NW032,Set,M,B0922TV3GG
NW032-ST-CP-S,NW032,Set,S,B0922SZYFV
NW032-ST-CP-XL,NW032,Set,XL,B0922VBTXT
NW032-ST-CP-XS,NW032,Set,XS,B0922V19RC
NW032-ST-CP-XXL,NW032,Set,XXL,B0922SFWK1
NW032-ST-CP-XXXL,NW032,Set,3XL,B0922RYBMF
NW033-ST-CP-L,NW033,Set,L,B099NQ2573
NW033-ST-CP-M,NW033,Set,M,B099NQC92Z
NW033-ST-CP-S,NW033,Set,S,B099NPT6XL
NW033-ST-CP-XL,NW033,Set,XL,B099NR72V2
NW033-ST-CP-XS,NW033,Set,XS,B099NPQ51W
NW033-ST-CP-XXL,NW033,Set,XXL,B099NQHYPF
NW033-ST-CP-XXXL,NW033,Set,3XL,B099NPX9K3
NW034-TP-PJ-L,NW034,Set,L,B09M74YV58
NW034-TP-PJ-M,NW034,Set,M,B09M74WF7C
NW034-TP-PJ-S,NW034,Set,S,B09M766H3H
NW034-TP-PJ-XL,NW034,Set,XL,B09M75WS4Q
NW034-TP-PJ-XS,NW034,Set,XS,B09M75XVTW
NW034-TP-PJ-XXL,NW034,Set,XXL,B09M768N86
NW034-TP-PJ-XXXL,NW034,Set,3XL,B09M76KXC7
NW035-ST-CP-L,NW035,Set,L,B099NPZVLX
NW035-ST-CP-M,NW035,Set,M,B099NR34S6
NW035-ST-CP-S,NW035,Set,S,B099NQYWRH
NW035-ST-CP-XL,NW035,Set,XL,B099NPNSZM
NW035-ST-CP-XS,NW035,Set,XS,B099NS1HFZ
NW035-ST-CP-XXL,NW035,Set,XXL,B099NNPT98
NW035-ST-CP-XXXL,NW035,Set,3XL,B099NS941D
NW036-ST-SR-L,NW036,Set,L,B09M74KW34
NW036-ST-SR-M,NW036,Set,M,B09M74PCGS
NW036-ST-SR-S,NW036,Set,S,B09M75Y9HB
NW036-ST-SR-XS,NW036,Set,XS,B09M76HW7B
NW036-ST-SR-XXL,NW036,Set,XXL,B09M777628
NW036-ST-SR-XXXL,NW036,Set,3XL,B09M75V2DD
NW037-TP-SR-L,NW037,Set,L,B099NPC16D
NW037-TP-SR-M,NW037,Set,M,B099NSJG7Z
NW037-TP-SR-S,NW037,Set,S,B099NKS9QP
NW037-TP-SR-XL,NW037,Set,XL,B099NRMYJF
NW037-TP-SR-XS,NW037,Set,XS,B099NNQGS2
NW037-TP-SR-XXL,NW037,Set,XXL,B099NR9M9V
NW037-TP-SR-XXXL,NW037,Set,3XL,B099NQT8H8
NW038-ST-SR-L,NW038,Set,L,B09B78BCGH
NW038-ST-SR-M,NW038,Set,M,B09B75TDLV
NW038-ST-SR-XL,NW038,Set,XL,B09B78CJTL
NW038-ST-SR-XS,NW038,Set,XS,B09B75WQWV
NW038-ST-SR-XXL,NW038,Set,XXL,B09B79FSXM
NW038-ST-SR-XXXL,NW038,Set,3XL,B09B78MTGD
NW038-TP-SR-L,NW038,Set,L,B099NQ6GD9
NW039-TP-SR-L,NW039,Set,L,B09M75K39B
NW039-TP-SR-M,NW039,Set,M,B09M75MQ8M
NW039-TP-SR-S,NW039,Set,S,B09M76WLGL
NW039-TP-SR-XL,NW039,Set,XL,B09M771K27
NW039-TP-SR-XS,NW039,Set,XS,B09M77BM4P
NW039-TP-SR-XXL,NW039,Set,XXL,B09M74SV2Q
NW039-TP-SR-XXXL,NW039,Set,3XL,B09M76Q8J8
PJ0096-KR-N-4XL,PJ0096,Kurta,4XL,B09LD2HMQ2
PJ0096-KR-N-5XL,PJ0096,Kurta,5XL,B09LD3ZZ2N
PJ0096-KR-N-6XL,PJ0096,Kurta,6XL,B09LD47M1Q
PJNE1906-KR-N-4XL,PJNE1906,Kurta,4XL,B09LD4PKWG
PJNE1906-KR-N-5XL,PJNE1906,Kurta,5XL,B09LD586BY
PJNE1906-KR-N-6XL,PJNE1906,Kurta,6XL,B09LD4QSZF
PJNE2014-KR-N-4XL,PJNE2014,Kurta,4XL,B09LD469Y3
PJNE2014-KR-N-5XL,PJNE2014,Kurta,5XL,B09LD4D16J
PJNE2014-KR-N-6XL,PJNE2014,Kurta,6XL,B09LD3655Z
PJNE2100-KR-N-4XL,PJNE2100,Kurta,4XL,B09LD22L9Q
PJNE2100-KR-N-5XL,PJNE2100,Kurta,5XL,B09LD59CMC
PJNE2100-KR-N-6XL,PJNE2100,Kurta,6XL,B09LD3PMBT
PJNE2171-KR-N-4XL,PJNE2171,Kurta,4XL,B09LD3MJ49
PJNE2171-KR-N-5XL,PJNE2171,Kurta,5XL,B09LD23MRS
PJNE2171-KR-N-6XL,PJNE2171,Kurta,6XL,B09LD2KSXR
PJNE2199-KR-N-4XL,PJNE2199,Kurta,4XL,B09LD2W9XL
PJNE2199-KR-N-5XL,PJNE2199,Kurta,5XL,B09LD4H4J5
PJNE2199-KR-N-6XL,PJNE2199,Kurta,6XL,B09LD4J4NP
PJNE2270-KR-N-4XL,PJNE2270,Kurta,4XL,B09LD21CHJ
PJNE2270-KR-N-5XL,PJNE2270,Kurta,5XL,B09LD23ZZN
PJNE2270-KR-N-6XL,PJNE2270,Kurta,6XL,B09LD52G37
PJNE3068-KR-4XL,PJNE3068,Kurta,4XL,B09M75YGQF
PJNE3068-KR-5XL,PJNE3068,Kurta,5XL,B09M768PCX
PJNE3068-KR-6XL,PJNE3068,Kurta,6XL,B09M76SVFW
PJNE3252-KR-N-4XL,PJNE3252,Kurta,4XL,B09LD3CHKT
PJNE3252-KR-N-5XL,PJNE3252,Kurta,5XL,B09LD52HML
PJNE3252-KR-N-6XL,PJNE3252,Kurta,6XL,B09LD24932
PJNE3291-KR-4XL,PJNE3291,Kurta,4XL,B09PD1SNDL
PJNE3291-KR-5XL,PJNE3291,Kurta,5XL,B09PDMYX2R
PJNE3291-KR-6XL,PJNE3291,Kurta,6XL,B09PCZW5L1
PJNE3363-KR-N-4XL,PJNE3363,Kurta,4XL,B09LD1C5B2
PJNE3363-KR-N-5XL,PJNE3363,Kurta,5XL,B09LD3VCRC
PJNE3363-KR-N-6XL,PJNE3363,Kurta,6XL,B09LD27LDD
PJNE3364-KR-4XL,PJNE3364,Kurta,4XL,B09QJ5FDW7
PJNE3364-KR-5XL,PJNE3364,Kurta,5XL,B09QJ46ZS7
PJNE3364-KR-6XL,PJNE3364,Kurta,6XL,B09QJ4M1SQ
PJNE3368-KR-4XL,PJNE3368,Kurta,4XL,B09PY691XK
PJNE3368-KR-5XL,PJNE3368,Kurta,5XL,B09PYKDYZ3
PJNE3368-KR-6XL,PJNE3368,Kurta,6XL,B09PY99SVJ
PJNE3373-KR-N-4XL,PJNE3373,Kurta,4XL,B09LD3J684
PJNE3373-KR-N-5XL,PJNE3373,Kurta,5XL,B09LD35DZ3
PJNE3373-KR-N-6XL,PJNE3373,Kurta,6XL,B09LD3TCYP
PJNE3399-KR-N-4XL,PJNE3399,Kurta,4XL,B09LD3V5V3
PJNE3399-KR-N-5XL,PJNE3399,Kurta,5XL,B09LD4YZCR
PJNE3399-KR-N-6XL,PJNE3399,Kurta,6XL,B09LD4YF4X
PJNE3404-KR-N-4XL,PJNE3404,Kurta,4XL,B09LD3QKCF
PJNE3404-KR-N-5XL,PJNE3404,Kurta,5XL,B09LD3SPHL
PJNE3404-KR-N-6XL,PJNE3404,Kurta,6XL,B09LD2B185
PJNE3405-KR-N-4XL,PJNE3405,Kurta,4XL,B09LD334ZR
PJNE3405-KR-N-5XL,PJNE3405,Kurta,5XL,B09LD3PCNY
PJNE3405-KR-N-6XL,PJNE3405,Kurta,6XL,B09LD2Z87J
PJNE3421-KR-N-4XL,PJNE3421,Kurta,4XL,B09LD4M5WF
PJNE3421-KR-N-5XL,PJNE3421,Kurta,5XL,B09LD41FDF
PJNE3421-KR-N-6XL,PJNE3421,Kurta,6XL,B09LD1W5YQ
PJNE3423-KR-N-4XL,PJNE3423,Kurta,4XL,B09LD1CYXT
PJNE3423-KR-N-5XL,PJNE3423,Kurta,5XL,B09LD2TYRQ
PJNE3423-KR-N-6XL,PJNE3423,Kurta,6XL,B09LD2438C
PJNE3439-KR-N-4XL,PJNE3439,Kurta,4XL,B09LD3PVC4
PJNE3439-KR-N-5XL,PJNE3439,Kurta,5XL,B09LD4P7RC
PJNE3439-KR-N-6XL,PJNE3439,Kurta,6XL,B09LD3P9P1
PJNE3440-KR-N-4XL,PJNE3440,Kurta,4XL,B09LD4DX25
PJNE3440-KR-N-5XL,PJNE3440,Kurta,5XL,B09LD1P9KP
PJNE3440-KR-N-6XL,PJNE3440,Kurta,6XL,B09LD3CGFQ
PJNE3445-KR-N-4XL,PJNE3445,Kurta,4XL,B09LD298ZL
PJNE3445-KR-N-5XL,PJNE3445,Kurta,5XL,B09LD4MCZY
PJNE3445-KR-N-6XL,PJNE3445,Kurta,6XL,B09LD4V2B7
PJNE3568-KR-N-4XL,PJNE3568,Kurta,4XL,B09LD413M3
PJNE3568-KR-N-5XL,PJNE3568,Kurta,5XL,B09LD2KBGR
PJNE3568-KR-N-6XL,PJNE3568,Kurta,6XL,B09LD3CGF9
PJNE3607-KR-4XL,PJNE3607,Kurta,4XL,B09PY7YGTC
PJNE3607-KR-5XL,PJNE3607,Kurta,5XL,B09PYK485Q
PJNE3607-KR-6XL,PJNE3607,Kurta,6XL,B09PYCJDV1
PSET043-KR-NP-4XL,PSET043,Set,4XL,B09PCZGK6J
PSET043-KR-NP-5XL,PSET043,Set,5XL,B09PDT48PM
PSET043-KR-NP-6XL,PSET043,Set,6XL,B09PDFD6XJ
PSET058-KR-NP-4XL,PSET058,Set,4XL,B09PXVLXHD
PSET058-KR-NP-5XL,PSET058,Set,5XL,B09PYMZFQC
PSET058-KR-NP-6XL,PSET058,Set,6XL,B09PY9RXG1
PSET264-KR-NP-4XL,PSET264,Set,4XL,B09M778LNG
PSET264-KR-NP-5XL,PSET264,Set,5XL,B09M779C74
PSET264-KR-NP-6XL,PSET264,Set,6XL,B09M77164V
PSET268-KR-NP-4XL,PSET268,Set,4XL,B09M78RCYW
PSET268-KR-NP-5XL,PSET268,Set,5XL,B09M77H766
PSET268-KR-NP-6XL,PSET268,Set,6XL,B09M784Y6P
SAR023,SAR023,Saree,FREE,B09J2GNT6C
SAR024,SAR024,Saree,FREE,B09J2HL8LW
SAR025,SAR025,Saree,FREE,B09J2J7S7T
SAR026,SAR026,Saree,FREE,B09J2H8MLV
SAR027,SAR027,Saree,FREE,B09J18CD5W
SAR028,SAR028,Saree,FREE,B09J19DKYF
SAR029,SAR029,Saree,FREE,B09J173FMS
SAR030,SAR030,Saree,FREE,B09J195R93
SAR032,SAR032,Saree,FREE,B09J1BV7HH
SAR034,SAR034,Saree,FREE,B09J1BMKH2
SAR036,SAR036,Saree,FREE,B09J1C9DHS
SAR037,SAR037,Saree,FREE,B09J1DL854
SAR039,SAR039,Saree,FREE,B09J1CNM5Y
SAR040,SAR040,Saree,FREE,B09J19LG67
SAR041,SAR041,Saree,FREE,B09J1D1V6R
SAR042,SAR042,Saree,FREE,B09J1BNKR5
SAR046,SAR046,Saree,FREE,B09J1BTQ1F
SAR048,SAR048,Saree,FREE,B09J2J4HFZ
SAR049,SAR049,Saree,FREE,B09J2GXC63
SAR051,SAR051,Saree,FREE,B09J2JY92R
SAR053,SAR053,Saree,FREE,B09J2KX7GV
SAR056,SAR056,Saree,FREE,B09J19KG4N
SAR059,SAR059,Saree,FREE,B09J1BF6QH
SAR060,SAR060,Saree,FREE,B09J29BJV3
SAR061,SAR061,Saree,FREE,B09J1F917W
SAR062,SAR062,Saree,FREE,B09J1C4WGF
SAR066,SAR066,Saree,FREE,B09J1BWRP7
SAR068,SAR068,Saree,FREE,B09J1CRRY5
SAR069,SAR069,Saree,FREE,B09J1BRZXC
SAR070,SAR070,Saree,FREE,B09J1CF6Z4
SAR071,SAR071,Saree,FREE,B09J1BQQQ7
SAR076,SAR076,Saree,FREE,B09J19PWSC
SAR091,SAR091,Saree,FREE,B09NDCY817
SAR092,SAR092,Saree,FREE,B09NDJD5NM
SAR096,SAR096,Saree,FREE,B09NDCTQ4X
SAR097,SAR097,Saree,FREE,B09NDDX16G
SAR098,SAR098,Saree,FREE,B09NDCX358
SAR100,SAR100,Saree,FREE,B09NDDJG7B
SAR101,SAR101,Saree,FREE,B09NDCVG2D
SAR102,SAR102,Saree,FREE,B09NDC22YS
SAR107,SAR107,Saree,FREE,B09NDH9DJ2
SAR108,SAR108,Saree,FREE,B09NDK3G4X
SAR109,SAR109,Saree,FREE,B09NDFZG1T
SAR110,SAR110,Saree,FREE,B09NDGT4NH
SAR112,SAR112,Saree,FREE,B09NDCW92Z
SAR113,SAR113,Saree,FREE,B09NDC94XY
SAR114,SAR114,Saree,FREE,B09NDD3F72
SAR130,SAR130,Saree,FREE,B09NDC56ST
SAR132,SAR132,Saree,FREE,B09NDHYR5S
SAR134,SAR134,Saree,FREE,B09NDH2C2B
SAR135,SAR135,Saree,FREE,B09NDCQM14
SAR136,SAR136,Saree,FREE,B09NDD1W3Q
SAR137,SAR137,Saree,FREE,B09NDD6F7W
SAR138,SAR138,Saree,FREE,B09Y3J15P7
SAR140,SAR140,Saree,FREE,B09Y3JQ747
SAR148,SAR148,Saree,FREE,B09VZ5YZJ7
SAR149,SAR149,Saree,FREE,B09VZ7BSPW
SAR152,SAR152,Saree,FREE,B09VZ6881G
SAR154,SAR154,Saree,FREE,B09VZ6LZZZ
SAR159,SAR159,Saree,FREE,B09VZ6L46D
SAR163,SAR163,Saree,FREE,B09Y347P5L
SAR165,SAR165,Saree,FREE,B09Y356VLW
SAR166,SAR166,Saree,FREE,B09Y346GRB
SAR173,SAR173,Saree,FREE,B09Y35J4FQ
SAR174,SAR174,Saree,FREE,B09Y35K5DW
SAR181,SAR181,Saree,FREE,B09Y36PT51
SAR182,SAR182,Saree,FREE,B09Y35HBTF
SET003-KR-NP-A-S,SET003,Set,S,B07K5B8RQX
SET003-KR-NP-A-XXL,SET003,Set,XXL,B07K5DCZCC
SET004-KR-SP-A-M,SET004,Set,M,B07K5CDPS8
SET004-KR-SP-A-S,SET004,Set,S,B07K5BDG1D
SET004-KR-SP-A-XL,SET004,Set,XL,B07K5BNJYC
SET004-KR-SP-A-XS,SET004,Set,XS,B07K5BYTJS
SET004-KR-SP-A-XXL,SET004,Set,XXL,B07K59HG6D
SET004-KR-SP-A-XXXL,SET004,Set,3XL,B07K5BVN7P
SET004-KR-SP-M,SET004,Set,M,B07JNFJ8RC
SET004-KR-SP-S,SET004,Set,S,B07JPDM21K
SET004-KR-SP-XL,SET004,Set,XL,B07JP66WGF
SET004-KR-SP-XXL,SET004,Set,XXL,B07JNBYCM9
SET004-KR-SP-XXXL,SET004,Set,3XL,B07JXZ5Y9G
SET014-KR-PP-A-L,SET014,Set,L,B07K5CC1S2
SET014-KR-PP-A-M,SET014,Set,M,B07K5BZ7B3
SET014-KR-PP-A-S,SET014,Set,S,B07K5B7JY9
SET014-KR-PP-A-XL,SET014,Set,XL,B07K5BSVTJ
SET014-KR-PP-A-XS,SET014,Set,XS,B07K59HQRL
SET014-KR-PP-A-XXL,SET014,Set,XXL,B07K5BGGYN
SET014-KR-PP-A-XXXL,SET014,Set,3XL,B07K5BD23T
SET014-KR-PP-L,SET014,Set,L,B07K5CC1S2
SET014-KR-PP-M,SET014,Set,M,B07JNSZNV5
SET014-KR-PP-S,SET014,Set,S,B07JP3X3CZ
SET014-KR-PP-XL,SET014,Set,XL,B07JPDNJTB
SET014-KR-PP-XS,SET014,Set,XS,B07JNC1HN8
SET014-KR-PP-XXL,SET014,Set,XXL,B07JPDGGHY
SET014-KR-PP-XXXL,SET014,Set,3XL,B07K5BD23T
SET019-KR-PP-A-S,SET019,Set,S,B07K5CBBJ7
SET022-KR-SP-A-XXL,SET022,Set,XXL,B07K5BK452
SET024-KR-SP-A-M,SET024,Kurta,M,B07MY3RR1R
SET025-KR-SP-A-XS,SET025,Set,XS,B07K5D7HCN
SET026-KR-PP-A-XS,SET026,Set,XS,B07JQ9WVH8
SET034-KR-NP-S,SET034,Set,S,B07MY3B5V6
SET034-KR-NP-XL,SET034,Set,XL,B07MY3J748
SET034-KR-NP-XS,SET034,Set,XS,B07MY4CCTC
SET034-KR-NP-XXL,SET034,Set,XXL,B07MY3YNK2
SET034-KR-NP-XXXL,SET034,Set,3XL,B07MY3LH34
SET036-KR-NP-XXXL,SET036,Set,3XL,B07MY3MVW3
SET037-KR-NP-L,SET037,Set,L,B07MY3TC2M
SET037-KR-NP-M,SET037,Set,M,B07MY42BWD
SET037-KR-NP-S,SET037,Set,S,B07MY3DFJ3
SET037-KR-NP-XL,SET037,Set,XL,B07MY2YYN9
SET037-KR-NP-XXL,SET037,Set,XXL,B07MY3R7VN
SET037-KR-NP-XXXL,SET037,Set,3XL,B07MY3QM3X
SET038-KR-PP-L,SET038,Set,L,B07SRG8NBC
SET038-KR-PP-M,SET038,Set,M,B07SXRFR1M
SET038-KR-PP-S,SET038,Set,S,B07SSGLKG3
SET038-KR-PP-XL,SET038,Set,XL,B07SXRRXXJ
SET038-KR-PP-XS,SET038,Set,XS,B07SSF223Y
SET038-KR-PP-XXL,SET038,Set,XXL,B07SQC8DGP
SET038-KR-PP-XXXL,SET038,Set,3XL,B07SRJCQHY
SET043-KR-NP-L,SET043,Set,L,B07P65FDBT
SET043-KR-NP-M,SET043,Set,M,B07PBD7CN1
SET043-KR-NP-S,SET043,Set,S,B07P64K41L
SET043-KR-NP-XL,SET043,Set,XL,B07P649QCD
SET043-KR-NP-XS,SET043,Set,XS,B07PBDM3K7
SET043-KR-NP-XXL,SET043,Set,XXL,B07P64Z6C7
SET043-KR-NP-XXXL,SET043,Set,3XL,B07P669H2J
SET044-KR-NP-L,SET044,Set,L,B07Q2P453R
SET044-KR-NP-M,SET044,Set,M,B07Q2RTSFB
SET044-KR-NP-S,SET044,Set,S,B07Q2M4W2P
SET044-KR-NP-XL,SET044,Set,XL,B07Q2MWDYN
SET044-KR-NP-XS,SET044,Set,XS,B07Q2MZ22Y
SET044-KR-NP-XXL,SET044,Set,XXL,B07Q2M14ZC
SET044-KR-NP-XXXL,SET044,Set,3XL,B07Q2SYHKY
SET045-KR-NP-M,SET045,Set,M,B07N81TFNY
SET048-KR-NP-L,SET048,Set,L,B07MY36V38
SET048-KR-NP-M,SET048,Set,M,B07MY3TV42
SET048-KR-NP-S,SET048,Set,S,B07MY3KRFZ
SET048-KR-NP-XL,SET048,Set,XL,B07MY3JHTT
SET048-KR-NP-XS,SET048,Set,XS,B07MY33NWD
SET048-KR-NP-XXL,SET048,Set,XXL,B07MY3SNKX
SET048-KR-NP-XXXL,SET048,Set,3XL,B07MY3WWY2
SET049-KR-NP-S,SET049,Set,S,B07Q2MXMCG
SET051-KR-NP-XXXL,SET051,Set,3XL,B07MY3F2JF
SET053-KR-NP-L,SET053,Set,L,B07MY3T7R7
SET053-KR-NP-M,SET053,Set,M,B07MY32YRJ
SET053-KR-NP-S,SET053,Set,S,B07MY3J82C
SET053-KR-NP-XL,SET053,Set,XL,B07MY3PH4P
SET053-KR-NP-XS,SET053,Set,XS,B07MY41C7X
SET053-KR-NP-XXL,SET053,Set,XXL,B07MY3X5CK
SET053-KR-NP-XXXL,SET053,Set,3XL,B07MY3Z5CQ
SET055-KR-NP-L,SET055,Set,L,B07MY45ZNF
SET055-KR-NP-M,SET055,Set,M,B07MY3Q37Z
SET055-KR-NP-S,SET055,Set,S,B07MY3BVB5
SET055-KR-NP-XL,SET055,Set,XL,B07MY3SSQD
SET055-KR-NP-XS,SET055,Set,XS,B07MY3TG9X
SET055-KR-NP-XXL,SET055,Set,XXL,B07MY36NVG
SET055-KR-NP-XXXL,SET055,Set,3XL,B07MY44R39
SET058-KR-NP-L,SET058,Set,L,B07R487XRD
SET058-KR-NP-M,SET058,Set,M,B07R65WLT2
SET058-KR-NP-S,SET058,Set,S,B07R59R6KX
SET058-KR-NP-XL,SET058,Set,XL,B07R59TDM1
SET058-KR-NP-XS,SET058,Set,XS,B07R66BZ4P
SET058-KR-NP-XXL,SET058,Set,XXL,B07R66H6TQ
SET058-KR-NP-XXXL,SET058,Set,3XL,B07R7B4VXN
SET060-KR-NP-XL,SET060,Set,XL,B07SXR8Q12
SET062-KR-SP-L,SET062,Set,L,B07RPVT7M1
SET062-KR-SP-M,SET062,Set,M,B07RSXNC91
SET062-KR-SP-S,SET062,Set,S,B07RRXHL2K
SET062-KR-SP-XL,SET062,Set,XL,B07RPVRTYW
SET062-KR-SP-XS,SET062,Set,XS,B07RQR6SS8
SET062-KR-SP-XXL,SET062,Set,XXL,B07RSXPC57
SET062-KR-SP-XXXL,SET062,Set,3XL,B07RSXFQ78
SET066-KR-PP-M,SET066,Set,M,B07S3KYBM2
SET069-KR-NP-XS,SET069,Set,XS,B07SN3QXPH
SET070-KR-NP-XS,SET070,Set,XS,B07SGQKCSG
SET072-KR-SHA-S,SET072,Set,S,B07SRFXYTT
SET073-KR-SHA-L,SET073,Set,L,B07V2NT194
SET073-KR-SHA-M,SET073,Set,M,B07V6ZF279
SET073-KR-SHA-S,SET073,Set,S,B07V5WFLND
SET073-KR-SHA-XL,SET073,Set,XL,B07V6ZFMY7
SET073-KR-SHA-XS,SET073,Set,XS,B07V7BR2GL
SET073-KR-SHA-XXL,SET073,Set,XXL,B07V7CM4MS
SET073-KR-SHA-XXXL,SET073,Set,3XL,B07V7CJYCG
SET075-KR-DH-L,SET075,Set,L,B07THX6Z8S
SET075-KR-DH-S,SET075,Set,S,B07TD8SXKT
SET075-KR-DH-XS,SET075,Set,XS,B07THY3F41
SET075-KR-DH-XXL,SET075,Set,XXL,B07TD8T8L4
SET075-KR-DH-XXXL,SET075,Set,3XL,B07TD8SX5Y
SET078-KR-NP-S,SET078,Set,S,B07TJW1RGW
SET078-KR-NP-XS,SET078,Set,XS,B07TGHN66K
SET083-KR-PP-L,SET083,Set,L,B07R66CBL6
SET083-KR-PP-XL,SET083,Set,XL,B07R589SVZ
SET083-KR-PP-XXL,SET083,Set,XXL,B07R67WJT2
SET083-KR-PP-XXXL,SET083,Set,3XL,B07R58DCC9
SET085-KR-PT-S,SET085,Set,S,B07V7BBQT2
SET085-KR-PT-XS,SET085,Set,XS,B07V68SDJZ
SET087-KR-PP-L,SET087,Set,L,B07SLYJ456
SET087-KR-PP-M,SET087,Set,M,B07SHSPX5F
SET087-KR-PP-S,SET087,Set,S,B07SLYHMKL
SET087-KR-PP-XL,SET087,Set,XL,B07SLYHBWC
SET087-KR-PP-XS,SET087,Set,XS,B07SHSMBHJ
SET087-KR-PP-XXL,SET087,Set,XXL,B07SGQL844
SET087-KR-PP-XXXL,SET087,Set,3XL,B07SN1FX7M
SET091-KR-NP-S,SET091,Set,S,B07V8FGN7B
SET091-KR-NP-XXL,SET091,Set,XXL,B07V7CJYCD
SET091-KR-NP-XXXL,SET091,Set,3XL,B07V7B9HFQ
SET094-KR-NP-L,SET094,Set,L,B07S1GCLW3
SET094-KR-NP-M,SET094,Set,M,B07S1GD428
SET094-KR-NP-S,SET094,Set,S,B07RXC5XBD
SET094-KR-NP-XL,SET094,Set,XL,B07S3J1W8X
SET094-KR-NP-XS,SET094,Set,XS,B07S3KXSW6
SET094-KR-NP-XXL,SET094,Set,XXL,B07S1GFK9X
SET094-KR-NP-XXXL,SET094,Set,3XL,B07S3KBCL3
SET097-KR-PP-L,SET097,Set,L,B07TGHN4G4
SET097-KR-PP-S,SET097,Set,S,B07THHZDS3
SET097-KR-PP-XL,SET097,Set,XL,B07TGHN4G2
SET097-KR-PP-XS,SET097,Set,XS,B07THTXK14
SET097-KR-PP-XXL,SET097,Set,XXL,B07THWJPG9
SET097-KR-PP-XXXL,SET097,Set,3XL,B07TD8TBPC
SET098-KR-PP-L,SET098,Set,L,B07X3M5KLQ
SET098-KR-PP-M,SET098,Set,M,B07X3K4L82
SET098-KR-PP-S,SET098,Set,S,B07X3KSDT3
SET098-KR-PP-XL,SET098,Set,XL,B07X3N4X66
SET098-KR-PP-XXL,SET098,Set,XXL,B07X3JWM6Y
SET098-KR-PP-XXXL,SET098,Set,3XL,B07X3KPRJ1
SET100-KR-PP-L,SET100,Set,L,B07SRG9LZR
SET100-KR-PP-M,SET100,Set,M,B07SSFKV8L
SET100-KR-PP-S,SET100,Set,S,B07SVLKLN3
SET100-KR-PP-XL,SET100,Set,XL,B07SRFMLJM
SET100-KR-PP-XS,SET100,Set,XS,B07SVMB2VQ
SET100-KR-PP-XXL,SET100,Set,XXL,B07SVLB7ZX
SET100-KR-PP-XXXL,SET100,Set,3XL,B07SWQHV2R
SET103-KR-SP-S,SET103,Set,S,B07X3KK49C
SET110-KR-PP-L,SET110,Set,L,B0822TBFW3
SET110-KR-PP-M,SET110,Set,M,B0822TDMYH
SET110-KR-PP-S,SET110,Set,S,B0822T2BM8
SET110-KR-PP-XL,SET110,Set,XL,B0822T4YG6
SET110-KR-PP-XS,SET110,Set,XS,B0822TFD7Y
SET110-KR-PP-XXL,SET110,Set,XXL,B0822V61TT
SET110-KR-PP-XXXL,SET110,Set,3XL,B0822TCBKH
SET111-KR-SP-XL,SET111,Set,XL,B07WZFTBMZ
SET111-KR-SP-XXL,SET111,Set,XXL,B07WZFV47X
SET112-KR-SP-XS,SET112,Set,XS,B07X3N1V7J
SET114-KR-PP-XS,SET114,Set,XS,B0822T4BP8
SET116-KR-NP-L,SET116,Set,L,B082Z48ST2
SET116-KR-NP-M,SET116,Set,M,B082Z3CMJ6
SET116-KR-NP-S,SET116,Set,S,B082Z3SBDX
SET116-KR-NP-XL,SET116,Set,XL,B082Z3MRPB
SET116-KR-NP-XS,SET116,Set,XS,B082Z3YCRW
SET116-KR-NP-XXL,SET116,Set,XXL,B082Z438ZS
SET116-KR-NP-XXXL,SET116,Set,3XL,B082Z3SRN7
SET121-KR-NP-L,SET121,Set,L,B085HSGGW1
SET121-KR-NP-XS,SET121,Set,XS,B085HRF83T
SET121-KR-NP-XXXL,SET121,Set,3XL,B085HRWB1R
SET128-KR-DH-L,SET128,Set,L,B07WZFSS28
SET128-KR-DH-M,SET128,Set,M,B07WZFT117
SET128-KR-DH-S,SET128,Set,S,B07X2KBB7M
SET128-KR-DH-XL,SET128,Set,XL,B07X2KBK73
SET128-KR-DH-XS,SET128,Set,XS,B07X3M92Q5
SET128-KR-DH-XXL,SET128,Set,XXL,B07X3JKC37
SET128-KR-DH-XXXL,SET128,Set,3XL,B07WZFSDJL
SET129-KR-NP-XL,SET129,Set,XL,B07VSG51P9
SET130-KR-NP-L,SET130,Set,L,B07VT4MWJR
SET130-KR-NP-M,SET130,Set,M,B07VT3QVYC
SET130-KR-NP-S,SET130,Set,S,B07VT2MLST
SET130-KR-NP-XL,SET130,Set,XL,B07VRCJKXQ
SET130-KR-NP-XS,SET130,Set,XS,B07VT26L3N
SET130-KR-NP-XXL,SET130,Set,XXL,B07VT5L937
SET130-KR-NP-XXXL,SET130,Set,3XL,B07VRCKGH7
SET131-KR-NP-A-L,SET131,Set,L,B07X3ML5BM
SET131-KR-NP-A-M,SET131,Set,M,B07X1KKD5F
SET131-KR-NP-A-S,SET131,Set,S,B07WPVBJ3D
SET131-KR-NP-A-XL,SET131,Set,XL,B07X3LNT9Q
SET131-KR-NP-A-XS,SET131,Set,XS,B07WZFRXJH
SET131-KR-NP-A-XXL,SET131,Set,XXL,B07WPVB9GJ
SET131-KR-NP-A-XXXL,SET131,Set,3XL,B07X2KC3M2
SET131-KR-NP-L,SET131,Set,L,B07VQ7QX6T
SET131-KR-NP-M,SET131,Set,M,B07VP4V7Y6
SET131-KR-NP-S,SET131,Set,S,B07VT27TJQ
SET131-KR-NP-XL,SET131,Set,XL,B07VSG55LR
SET131-KR-NP-XS,SET131,Set,XS,B07VP4X993
SET131-KR-NP-XXL,SET131,Set,XXL,B07VQ7NY5G
SET131-KR-NP-XXXL,SET131,Set,3XL,B07VT44S35
SET132-KR-NP-L,SET132,Set,L,B07VT36FWJ
SET132-KR-NP-M,SET132,Set,M,B07VSG39K4
SET132-KR-NP-S,SET132,Set,S,B07VT68WRH
SET132-KR-NP-XL,SET132,Set,XL,B07VRCLKW6
SET132-KR-NP-XS,SET132,Set,XS,B07VSG637W
SET132-KR-NP-XXL,SET132,Set,XXL,B07VQ7PYM5
SET132-KR-NP-XXXL,SET132,Set,3XL,B07VRCLGPW
SET135-KR-PP-XL,SET135,Set,XL,B085HSQZR8
SET135-KR-PP-XS,SET135,Set,XS,B085HRDXZH
SET135-KR-PP-XXXL,SET135,Set,3XL,B085HRVJPP
SET136-KR-PP-L,SET136,Set,L,B082Z38B7C
SET138-KR-PP-L,SET138,Set,L,B082Z3M9RM
SET138-KR-PP-M,SET138,Set,M,B082Z3FFL7
SET138-KR-PP-S,SET138,Set,S,B082Z3SP2F
SET138-KR-PP-XL,SET138,Set,XL,B082Z4DYJP
SET138-KR-PP-XS,SET138,Set,XS,B082Z3S2WD
SET138-KR-PP-XXL,SET138,Set,XXL,B082Z3G22M
SET138-KR-PP-XXXL,SET138,Set,3XL,B082Z3C8MW
SET139-KR-PP-S,SET139,Set,S,B082Z3M7FW
SET139-KR-PP-XS,SET139,Set,XS,B082Z3V1PB
SET139-KR-PP-XXXL,SET139,Set,3XL,B082Z45L52
SET141-KR-NP-S,SET141,Set,S,B0822S4MPJ
SET142-KR-PP-L,SET142,Set,L,B07XQJ7T7C
SET143-KR-PP-M,SET143,Set,M,B089B15CM6
SET143-KR-PP-S,SET143,Set,S,B0899ZRH9M
SET143-KR-PP-XS,SET143,Set,XS,B0899ZTF6L
SET143-KR-PP-XXL,SET143,Set,XXL,B089B15WD1
SET144-KR-NP-L,SET144,Set,L,B0822TK3YM
SET144-KR-NP-M,SET144,Set,M,B0822VVHCN
SET144-KR-NP-S,SET144,Set,S,B0822SHZ5K
SET144-KR-NP-XL,SET144,Set,XL,B0822SZ9FN
SET144-KR-NP-XS,SET144,Set,XS,B0822RTHVK
SET144-KR-NP-XXL,SET144,Set,XXL,B0822SW3QS
SET144-KR-NP-XXXL,SET144,Set,3XL,B0822TZ4S3
SET145-KR-NP-L,SET145,Set,L,B0822SX9WB
SET145-KR-NP-M,SET145,Set,M,B0822TVYZ1
SET145-KR-NP-S,SET145,Set,S,B0822SQ4GV
SET145-KR-NP-XL,SET145,Set,XL,B0822V3DMF
SET145-KR-NP-XS,SET145,Set,XS,B0822VTWZS
SET145-KR-NP-XXL,SET145,Set,XXL,B0822VCQQC
SET145-KR-NP-XXXL,SET145,Set,3XL,B0822TC784
SET147-KR-NP-M,SET147,Set,M,B089B1BCRS
SET147-KR-NP-S,SET147,Set,S,B089B2FCHV
SET147-KR-NP-XL,SET147,Set,XL,B089B1J57W
SET147-KR-NP-XS,SET147,Set,XS,B0899W4QJG
SET147-KR-NP-XXL,SET147,Set,XXL,B089B181YN
SET147-KR-NP-XXXL,SET147,Set,3XL,B0899ZLBW4
SET152-KR-NP-S,SET152,Set,S,B0822TP7C8
SET152-KR-NP-XS,SET152,Set,XS,B0822T71X7
SET153-KR-NP-XS,SET153,Set,XS,B0822VKPVF
SET153-KR-NP-XXL,SET153,Set,XXL,B0822TZ9MK
SET153-KR-NP-XXXL,SET153,Set,3XL,B0822SZQCF
SET154-KR-NP-L,SET154,Set,L,B082PXXBXM
SET154-KR-NP-M,SET154,Set,M,B082PTSC1G
SET154-KR-NP-S,SET154,Set,S,B082PV57K3
SET154-KR-NP-XL,SET154,Set,XL,B082PXMCZ4
SET154-KR-NP-XS,SET154,Set,XS,B082PY493N
SET154-KR-NP-XXL,SET154,Set,XXL,B082PXQ5BL
SET154-KR-NP-XXXL,SET154,Set,3XL,B082PTVM7K
SET155-KR-PP-S,SET155,Set,S,B082Z48WT2
SET155-KR-PP-XS,SET155,Set,XS,B082Z4396S
SET156-KR-NP-L,SET156,Set,L,B082Z4F2M9
SET156-KR-NP-M,SET156,Set,M,B082Z42KS9
SET156-KR-NP-S,SET156,Set,S,B082Z42398
SET156-KR-NP-XL,SET156,Set,XL,B082Z3GMG4
SET156-KR-NP-XS,SET156,Set,XS,B082Z41X3B
SET156-KR-NP-XXL,SET156,Set,XXL,B082Z3LQ96
SET156-KR-NP-XXXL,SET156,Set,3XL,B082Z4T4HK
SET158-KR-PP-L,SET158,Set,L,B082Z486DJ
SET158-KR-PP-M,SET158,Set,M,B082Z3LQFR
SET158-KR-PP-S,SET158,Set,S,B082Z3ZNL5
SET158-KR-PP-XL,SET158,Set,XL,B082Z39HTP
SET158-KR-PP-XS,SET158,Set,XS,B082Z3MDR9
SET158-KR-PP-XXL,SET158,Set,XXL,B082Z4B741
SET158-KR-PP-XXXL,SET158,Set,3XL,B082Z3G31G
SET159-KR-NP-XS,SET159,Set,XS,B0822STS8T
SET159-KR-NP-XXL,SET159,Set,XXL,B0822TNSWH
SET162-KR-PP-XL,SET162,Set,XL,B082Z3HPND
SET165-KR-PP-L,SET165,Set,L,B082Z3R21L
SET165-KR-PP-M,SET165,Set,M,B082Z39C5G
SET165-KR-PP-S,SET165,Set,S,B082Z36MPP
SET165-KR-PP-XL,SET165,Set,XL,B082Z4F9PQ
SET165-KR-PP-XS,SET165,Set,XS,B082Z43GW9
SET165-KR-PP-XXL,SET165,Set,XXL,B082Z3BS2J
SET165-KR-PP-XXXL,SET165,Set,3XL,B082Z48ST3
SET171-KR-NP-L,SET171,Set,L,B0822SS99K
SET171-KR-NP-M,SET171,Set,M,B0822S4MPB
SET171-KR-NP-S,SET171,Set,S,B0822TTYMH
SET171-KR-NP-XL,SET171,Set,XL,B0822V6P8L
SET171-KR-NP-XS,SET171,Set,XS,B0822TZN8Y
SET171-KR-NP-XXL,SET171,Set,XXL,B0822TK32Y
SET171-KR-NP-XXXL,SET171,Set,3XL,B0822TKGKH
SET172-KR-PP-B-L,SET172,Set,L,B0822TF519
SET172-KR-PP-B-M,SET172,Set,M,B0822V3NH7
SET172-KR-PP-B-S,SET172,Set,S,B0822V6CZC
SET172-KR-PP-B-XL,SET172,Set,XL,B0822W6T1C
SET172-KR-PP-B-XS,SET172,Set,XS,B0822SM4X2
SET172-KR-PP-B-XXL,SET172,Set,XXL,B0822TKT71
SET172-KR-PP-B-XXXL,SET172,Set,3XL,B0822T1752
SET179-KR-PP-L,SET179,Set,L,B0822TPVM4
SET179-KR-PP-S,SET179,Set,S,B0822TCNMG
SET179-KR-PP-XL,SET179,Set,XL,B0822THJ2X
SET179-KR-PP-XS,SET179,Set,XS,B09HMZ3CFG
SET179-KR-PP-XXL,SET179,Set,XXL,B0822SW7T3
SET179-KR-PP-XXXL,SET179,Set,3XL,B09HMYMLGR
SET182-KR-DH-K-M,SET182,Set,M,B085NYG5CR
SET182-KR-DH-L,SET182,Set,L,B085HRLT87
SET182-KR-DH-M,SET182,Set,M,B085NYG5CR
SET182-KR-DH-S,SET182,Set,S,B085HRGBDN
SET182-KR-DH-XL,SET182,Set,XL,B085HSHQPF
SET182-KR-DH-XS,SET182,Set,XS,B085HS947T
SET182-KR-DH-XXL,SET182,Set,XXL,B085HSRZK7
SET182-KR-DH-XXXL,SET182,Set,3XL,B085HRZN1M
SET183-KR-DH-L,SET183,Set,L,B08B3YV7L2
SET183-KR-DH-M,SET183,Set,M,B08B3Z2YY3
SET183-KR-DH-S,SET183,Set,S,B08B3Z38TJ
SET183-KR-DH-XL,SET183,Set,XL,B08B3ZCRC5
SET183-KR-DH-XS,SET183,Set,XS,B08B3XN2LC
SET183-KR-DH-XXL,SET183,Set,XXL,B08B3Z5XM5
SET183-KR-DH-XXXL,SET183,Set,3XL,B08B3XS7ST
SET184-KR-PP-L,SET184,Set,L,B08W9P5TV7
SET184-KR-PP-M,SET184,Set,M,B08W9MFDJD
SET184-KR-PP-S,SET184,Set,S,B08W9PN5YX
SET184-KR-PP-XL,SET184,Set,XL,B08W8DJG7F
SET184-KR-PP-XS,SET184,Set,XS,B08W9F5KML
SET184-KR-PP-XXL,SET184,Set,XXL,B08W8KNCDH
SET184-KR-PP-XXXL,SET184,Set,3XL,B08W98B8ZN
SET185-KR-NP-L,SET185,Set,L,B082Z36JBJ
SET185-KR-NP-M,SET185,Set,M,B082Z3KF7J
SET185-KR-NP-S,SET185,Set,S,B082Z33RVH
SET185-KR-NP-XL,SET185,Set,XL,B082Z3VNTZ
SET185-KR-NP-XS,SET185,Set,XS,B082Z3MWF3
SET185-KR-NP-XXL,SET185,Set,XXL,B082Z43GW8
SET185-KR-NP-XXXL,SET185,Set,3XL,B082Z3R4LS
SET186-KR-DH-K-M,SET186,Set,M,B08B4TP9NR
SET186-KR-DH-L,SET186,Set,L,B08B3YMP4M
SET186-KR-DH-M,SET186,Set,M,B08B4TP9NR
SET186-KR-DH-S,SET186,Set,S,B08B3Z86XY
SET186-KR-DH-XL,SET186,Set,XL,B08B4112LV
SET186-KR-DH-XS,SET186,Set,XS,B08B3Z1D82
SET186-KR-DH-XXL,SET186,Set,XXL,B08B3Z3T26
SET186-KR-DH-XXXL,SET186,Set,3XL,B08B3ZD5WJ
SET187-KR-DH-L,SET187,Set,L,B08B3ZDQYR
SET187-KR-DH-M,SET187,Set,M,B08B412RJH
SET187-KR-DH-S,SET187,Set,S,B08B3YCLP5
SET187-KR-DH-XL,SET187,Set,XL,B08B415N6S
SET187-KR-DH-XS,SET187,Set,XS,B08B3YKPYF
SET187-KR-DH-XXL,SET187,Set,XXL,B08B3ZCK7H
SET187-KR-DH-XXXL,SET187,Set,3XL,B08B3XRFYH
SET188-KR-NP-L,SET188,Set,L,B08KRJWWKP
SET188-KR-NP-M,SET188,Set,M,B08KRGFGC5
SET188-KR-NP-S,SET188,Set,S,B08KRV7P6S
SET188-KR-NP-XL,SET188,Set,XL,B08KS1657Z
SET188-KR-NP-XS,SET188,Set,XS,B08KRNQ6VJ
SET188-KR-NP-XXL,SET188,Set,XXL,B08KRKSFTS
SET188-KR-NP-XXXL,SET188,Set,3XL,B08KRVBQ9J
SET191-KR-PP-M,SET191,Set,M,B082Z4L5TR
SET191-KR-PP-XL,SET191,Set,XL,B082Z48K1X
SET192-KR-NP-L,SET192,Set,L,B0983FHCBX
SET192-KR-NP-M,SET192,Set,M,B0983FNRDN
SET192-KR-NP-S,SET192,Set,S,B0983DQTWB
SET192-KR-NP-XL,SET192,Set,XL,B0983DN3S7
SET192-KR-NP-XS,SET192,Set,XS,B0983FCRSN
SET192-KR-NP-XXL,SET192,Set,XXL,B0983CRC5B
SET192-KR-NP-XXXL,SET192,Set,3XL,B0983CDYWM
SET193-KR-NP-A-M,SET193,Set,M,B08L94M5V3
SET193-KR-NP-A-S,SET193,Set,S,B08L93M23B
SET193-KR-NP-A-XL,SET193,Set,XL,B08L93L6WQ
SET193-KR-NP-A-XS,SET193,Set,XS,B08L937VVM
SET193-KR-NP-A-XXL,SET193,Set,XXL,B08L933XKQ
SET193-KR-NP-A-XXXL,SET193,Set,3XL,B08L93FSH6
SET194-KR-NP-L,SET194,Set,L,B08W9N6WP1
SET194-KR-NP-M,SET194,Set,M,B08W8K3QX6
SET194-KR-NP-S,SET194,Set,S,B08W9SF7FS
SET194-KR-NP-XL,SET194,Set,XL,B08W8BMPZT
SET194-KR-NP-XS,SET194,Set,XS,B08W8DM416
SET194-KR-NP-XXL,SET194,Set,XXL,B08W9KC8JH
SET194-KR-NP-XXXL,SET194,Set,3XL,B08WB2DBVZ
SET195-KR-NP-A-L,SET195,Set,L,B08L929PGL
SET195-KR-NP-A-S,SET195,Set,S,B08L94Q5YF
SET195-KR-NP-A-XL,SET195,Set,XL,B08L91JRKW
SET195-KR-NP-A-XS,SET195,Set,XS,B08L934PZ7
SET195-KR-NP-A-XXL,SET195,Set,XXL,B08L92KTJP
SET196-KR-NP-L,SET196,Set,L,B08HHJNBRF
SET196-KR-NP-M,SET196,Set,M,B08HK5K7KF
SET196-KR-NP-S,SET196,Set,S,B08HK4KP9K
SET196-KR-NP-XL,SET196,Set,XL,B08HK5C45Z
SET196-KR-NP-XS,SET196,Set,XS,B08HK6DJ6M
SET196-KR-NP-XXL,SET196,Set,XXL,B08HK5YRGY
SET196-KR-NP-XXXL,SET196,Set,3XL,B08HK5YRVZ
SET197-KR-NP-L,SET197,Set,L,B08B3YPD63
SET197-KR-NP-M,SET197,Set,M,B08B3YDL18
SET197-KR-NP-S,SET197,Set,S,B08B3ZWN4X
SET197-KR-NP-XL,SET197,Set,XL,B08B3ZFHC6
SET197-KR-NP-XS,SET197,Set,XS,B08B3YCWK5
SET197-KR-NP-XXL,SET197,Set,XXL,B08B3YH18X
SET197-KR-NP-XXXL,SET197,Set,3XL,B08B3ZKPDZ
SET198-KR-NP-A-L,SET198,Set,L,B08L934XZ9
SET198-KR-NP-A-M,SET198,Set,M,B08L934H7V
SET198-KR-NP-A-S,SET198,Set,S,B08L94HHJB
SET198-KR-NP-A-XS,SET198,Set,XS,B08L91DRHM
SET198-KR-NP-A-XXL,SET198,Set,XXL,B08L92YWPH
SET198-KR-NP-A-XXXL,SET198,Set,3XL,B08L949J14
SET199-KR-NP-L,SET199,Set,L,B08WRBG19P
SET199-KR-NP-M,SET199,Set,M,B08WRLZVB9
SET199-KR-NP-XL,SET199,Set,XL,B08WRXKV88
SET199-KR-NP-XS,SET199,Set,XS,B08WRX6XFW
SET199-KR-NP-XXL,SET199,Set,XXL,B08WRHJ2LQ
SET199-KR-NP-XXXL,SET199,Set,3XL,B08WS3J6YK
SET200-KR-NP-A-L,SET200,Set,L,B08L93V2SR
SET200-KR-NP-A-M,SET200,Set,M,B08L92XBBR
SET200-KR-NP-A-S,SET200,Set,S,B08L92PQHQ
SET200-KR-NP-A-XL,SET200,Set,XL,B08L9279XD
SET200-KR-NP-A-XS,SET200,Set,XS,B08L92SN2W
SET200-KR-NP-A-XXL,SET200,Set,XXL,B08L93NCRY
SET200-KR-NP-A-XXXL,SET200,Set,3XL,B08L91ZZXN
SET201-KR-NP-A-L,SET201,Set,L,B08L92JJ3B
SET201-KR-NP-A-M,SET201,Set,M,B08L94MKDR
SET201-KR-NP-A-S,SET201,Set,S,B08L947VKW
SET201-KR-NP-A-XL,SET201,Set,XL,B08L93FJW9
SET201-KR-NP-A-XS,SET201,Set,XS,B08L948VR4
SET201-KR-NP-A-XXL,SET201,Set,XXL,B08L93NLLX
SET201-KR-NP-A-XXXL,SET201,Set,3XL,B08L93NGJW
SET202-KR-NP-M,SET202,Set,M,B08W9TPGC6
SET202-KR-NP-XL,SET202,Set,XL,B08W8TKNBG
SET202-KR-NP-XXXL,SET202,Set,3XL,B08W8DBLXF
SET203-KR-DPT-L,SET203,Set,L,B08MYV6C3Y
SET203-KR-DPT-S,SET203,Set,S,B08MYT94FH
SET203-KR-DPT-XL,SET203,Set,XL,B08MYRR1ZW
SET203-KR-DPT-XS,SET203,Set,XS,B08MYSWHBB
SET203-KR-DPT-XXL,SET203,Set,XXL,B08MYT5M7N
SET203-KR-DPT-XXXL,SET203,Set,3XL,B08MYTBL9T
SET204-KR-DPT-L,SET204,Set,L,B08MYSNSWX
SET204-KR-DPT-M,SET204,Set,M,B08MYTT8X8
SET204-KR-DPT-S,SET204,Set,S,B08MYT716W
SET204-KR-DPT-XL,SET204,Set,XL,B08MYTSFVT
SET204-KR-DPT-XS,SET204,Set,XS,B08MYVLBHQ
SET204-KR-DPT-XXL,SET204,Set,XXL,B08MYVBGLF
SET204-KR-DPT-XXXL,SET204,Set,3XL,B08MYTMDWF
SET205-KR-DPT-A-M,SET205,Set,M,B08L93CWQP
SET205-KR-DPT-A-S,SET205,Set,S,B08L93HXMF
SET205-KR-DPT-A-XL,SET205,Set,XL,B08L94M2DG
SET205-KR-DPT-A-XS,SET205,Set,XS,B08L93S2L1
SET205-KR-DPT-A-XXL,SET205,Set,XXL,B08L947R55
SET205-KR-DPT-A-XXXL,SET205,Set,3XL,B08L93C2FW
SET206-KR-PP-S,SET206,Set,S,B085HRZQVP
SET209-KR-PP-L,SET209,Set,L,B099WWC6M3
SET209-KR-PP-M,SET209,Set,M,B099WY7W99
SET209-KR-PP-S,SET209,Set,S,B099WX645F
SET209-KR-PP-XL,SET209,Set,XL,B099WYGRYD
SET209-KR-PP-XS,SET209,Set,XS,B099WYP44F
SET209-KR-PP-XXL,SET209,Set,XXL,B099WXZ2R9
SET209-KR-PP-XXXL,SET209,Set,3XL,B099WXH67W
SET210-KR-PP-L,SET210,Set,L,B08RJBQSMG
SET210-KR-PP-M,SET210,Set,M,B08RJCM9K3
SET210-KR-PP-S,SET210,Set,S,B08RJBC5NF
SET210-KR-PP-XL,SET210,Set,XL,B08RJBQT48
SET210-KR-PP-XS,SET210,Set,XS,B08RJFCKG4
SET210-KR-PP-XXXL,SET210,Set,3XL,B08RJMV1Q5
SET211-KR-DPT-XXL,SET211,Set,XXL,B08RJL9WQK
SET214-KR-DPT-XL,SET214,Set,XL,B08RJMS797
SET214-KR-DPT-XXXL,SET214,Set,3XL,B08RJ5HH71
SET216-KR-PP-XL,SET216,Set,XL,B08HK5RDJN
SET217-KR-PP-L,SET217,Set,L,B089B23C54
SET217-KR-PP-M,SET217,Set,M,B089B19HGM
SET217-KR-PP-S,SET217,Set,S,B0899Z4589
SET217-KR-PP-XL,SET217,Set,XL,B0899Y6NVG
SET217-KR-PP-XS,SET217,Set,XS,B0899ZXMB7
SET217-KR-PP-XXL,SET217,Set,XXL,B089B1GM9F
SET217-KR-PP-XXXL,SET217,Set,3XL,B089B2WLM2
SET218-KR-NP-L,SET218,Set,L,B08B3Z52F7
SET218-KR-NP-M,SET218,Set,M,B08B3ZB92M
SET218-KR-NP-S,SET218,Set,S,B08B3Z4F92
SET218-KR-NP-XL,SET218,Set,XL,B08B3ZDG3H
SET218-KR-NP-XS,SET218,Set,XS,B08B3YXMPB
SET218-KR-NP-XXL,SET218,Set,XXL,B08B3ZF882
SET218-KR-NP-XXXL,SET218,Set,3XL,B08B3Y5NRM
SET219-KR-PP-L,SET219,Set,L,B08B3YV8GQ
SET219-KR-PP-M,SET219,Set,M,B08B414Z8Y
SET219-KR-PP-S,SET219,Set,S,B08B3GTCBN
SET219-KR-PP-XL,SET219,Set,XL,B08B3YW2S6
SET219-KR-PP-XS,SET219,Set,XS,B08B3YPTVR
SET219-KR-PP-XXL,SET219,Set,XXL,B08B3ZHXFV
SET219-KR-PP-XXXL,SET219,Set,3XL,B08B3Y6ZXM
SET220-KR-PP-L,SET220,Set,L,B08MXBX2NJ
SET220-KR-PP-M,SET220,Set,M,B08MXDBYQK
SET220-KR-PP-S,SET220,Set,S,B08MXC65V6
SET220-KR-PP-XL,SET220,Set,XL,B08MXFTM5W
SET220-KR-PP-XS,SET220,Set,XS,B08MXBPR91
SET220-KR-PP-XXL,SET220,Set,XXL,B08MXF2ZD5
SET220-KR-PP-XXXL,SET220,Set,3XL,B08MXFM318
SET221-KR-NP-L,SET221,Set,L,B08PCXTR1R
SET221-KR-NP-M,SET221,Set,M,B08PCT56XG
SET221-KR-NP-S,SET221,Set,S,B08PCLJNBK
SET221-KR-NP-XL,SET221,Set,XL,B08PCTYSBQ
SET221-KR-NP-XXL,SET221,Set,XXL,B08PCTQY89
SET221-KR-NP-XXXL,SET221,Set,3XL,B08PCSD2JX
SET223-KR-NP-S,SET223,Set,S,B08MXGHWXZ
SET223-KR-NP-XS,SET223,Set,XS,B08MXFJJP2
SET223-KR-NP-XXL,SET223,Set,XXL,B08MXFMPPZ
SET223-KR-NP-XXXL,SET223,Set,3XL,B08MXCQG85
SET224-KR-NP-L,SET224,Set,L,B08MXFZQBM
SET224-KR-NP-S,SET224,Set,S,B08MXCX8LS
SET224-KR-NP-XL,SET224,Set,XL,B08MXFNM51
SET224-KR-NP-XS,SET224,Set,XS,B08MXDBRK1
SET224-KR-NP-XXL,SET224,Set,XXL,B08MXFTM28
SET224-KR-NP-XXXL,SET224,Set,3XL,B08MXGD5FG
SET225-KR-NP-M,SET225,Set,M,B08N4WP4RC
SET225-KR-NP-XXXL,SET225,Set,3XL,B09HMZB4YJ
SET226-KR-PP-L,SET226,Set,L,B08MYTQ4F9
SET226-KR-PP-M,SET226,Set,M,B08MYTCVQH
SET226-KR-PP-S,SET226,Set,S,B08MYT81CH
SET226-KR-PP-XL,SET226,Set,XL,B08MYSPXYL
SET226-KR-PP-XS,SET226,Set,XS,B09TL5CCNF
SET226-KR-PP-XXL,SET226,Set,XXL,B08MYT1MTD
SET226-KR-PP-XXXL,SET226,Set,3XL,B09TL21XRH
SET227-KR-PP-A-L,SET227,Set,L,B08P1DJ2RT
SET227-KR-PP-A-M,SET227,Set,M,B08P1GQV6V
SET227-KR-PP-A-S,SET227,Set,S,B08P1DCQKH
SET227-KR-PP-A-XL,SET227,Set,XL,B08P1G6BB1
SET227-KR-PP-A-XS,SET227,Set,XS,B09HMTJVHG
SET227-KR-PP-A-XXL,SET227,Set,XXL,B08P1F8WCY
SET227-KR-PP-A-XXXL,SET227,Set,3XL,B09HMX6W7S
SET228-KR-PP-A-L,SET228,Set,L,B08P1FDB86
SET228-KR-PP-A-M,SET228,Set,M,B08P1FGFFG
SET228-KR-PP-A-S,SET228,Set,S,B08P1FDPBY
SET228-KR-PP-A-XL,SET228,Set,XL,B08P1DRF4J
SET228-KR-PP-A-XS,SET228,Set,XS,B09HMWQ1JL
SET228-KR-PP-A-XXL,SET228,Set,XXL,B08P1FKNWF
SET228-KR-PP-A-XXXL,SET228,Set,3XL,B09HMVYKV8
SET229-KR-PP-L,SET229,Set,L,B08QGM4GQB
SET229-KR-PP-M,SET229,Set,M,B08QGNTFL2
SET229-KR-PP-XL,SET229,Set,XL,B08QGMN7BL
SET229-KR-PP-XS,SET229,Set,XS,B08QGLYLHL
SET229-KR-PP-XXL,SET229,Set,XXL,B08QGMTZHX
SET229-KR-PP-XXXL,SET229,Set,3XL,B08QGL2TZ6
SET230-KR-PP-L,SET230,Set,L,B08MXSM5QM
SET230-KR-PP-S,SET230,Set,S,B08MXSQPFH
SET230-KR-PP-XL,SET230,Set,XL,B08MXRL1TW
SET230-KR-PP-XS,SET230,Set,XS,B09HMV69VV
SET230-KR-PP-XXL,SET230,Set,XXL,B08MXS8X64
SET230-KR-PP-XXXL,SET230,Set,3XL,B09HMP59HN
SET232-KR-PP-L,SET232,Set,L,B08MYTCGT9
SET232-KR-PP-M,SET232,Set,M,B08MYT5Z1X
SET232-KR-PP-S,SET232,Set,S,B08MYV5CHK
SET232-KR-PP-XL,SET232,Set,XL,B08MYTB92L
SET232-KR-PP-XS,SET232,Set,XS,B09TL23VBV
SET232-KR-PP-XXL,SET232,Set,XXL,B08MYW7YSS
SET233-KR-PP-L,SET233,Set,L,B08MXF6MZF
SET233-KR-PP-M,SET233,Set,M,B08MXFT72L
SET233-KR-PP-S,SET233,Set,S,B08MXFRVF2
SET233-KR-PP-XL,SET233,Set,XL,B08MXCP6LH
SET233-KR-PP-XS,SET233,Set,XS,B09HMVC7D1
SET233-KR-PP-XXL,SET233,Set,XXL,B08MXBX6B7
SET233-KR-PP-XXXL,SET233,Set,3XL,B09HMWRQP1
SET234-KR-PP-M,SET234,Set,M,B08MXS3BXS
SET235-KR-PP-S,SET235,Set,S,B08MYTKHB8
SET236-KR-PP-L,SET236,Set,L,B08QGLKJ99
SET236-KR-PP-M,SET236,Set,M,B08QGNJZRM
SET236-KR-PP-S,SET236,Set,S,B08QGMS3VM
SET236-KR-PP-XL,SET236,Set,XL,B08QGNQSLS
SET236-KR-PP-XS,SET236,Set,XS,B09HMYVB7S
SET236-KR-PP-XXL,SET236,Set,XXL,B08QGLKDVJ
SET236-KR-PP-XXXL,SET236,Set,3XL,B09HMYXTSJ
SET238-KR-PP-M,SET238,Set,M,B08PCVJ5XF
SET238-KR-PP-S,SET238,Set,S,B08PCW6DBX
SET238-KR-PP-XL,SET238,Set,XL,B08PCV5FJW
SET238-KR-PP-XXL,SET238,Set,XXL,B08PCTNMSH
SET239-KR-NP-L,SET239,Set,L,B08TZX4W3Q
SET239-KR-NP-M,SET239,Set,M,B08TZP7QJF
SET239-KR-NP-S,SET239,Set,S,B08TZD8JD6
SET239-KR-NP-XL,SET239,Set,XL,B08V1HVNCK
SET239-KR-NP-XS,SET239,Set,XS,B08TZWD17Q
SET239-KR-NP-XXL,SET239,Set,XXL,B08V1Q4V1K
SET239-KR-NP-XXXL,SET239,Set,3XL,B08V13SJ73
SET240-KR-PP-L,SET240,Set,L,B08N4VPS2N
SET240-KR-PP-M,SET240,Set,M,B08N4V7MHL
SET240-KR-PP-S,SET240,Set,S,B08N4RLSR9
SET240-KR-PP-XL,SET240,Set,XL,B08N4RXHV6
SET240-KR-PP-XS,SET240,Set,XS,B08N4S2RQR
SET240-KR-PP-XXL,SET240,Set,XXL,B08N4TT7CH
SET240-KR-PP-XXXL,SET240,Set,3XL,B08N4RVGKZ
SET241-KR-PP-M,SET241,Set,M,B08N4RB3NS
SET241-KR-PP-S,SET241,Set,S,B08N4V3924
SET241-KR-PP-XS,SET241,Set,XS,B08N4NJ68T
SET242-KR-PP-M,SET242,Set,M,B08V18PD9R
SET242-KR-PP-S,SET242,Set,S,B08V1F6TFP
SET242-KR-PP-XS,SET242,Set,XS,B08TZJNCGW
SET242-KR-PP-XXL,SET242,Set,XXL,B08V1PSCQ7
SET243-KR-PP-L,SET243,Set,L,B08QGKX1L8
SET243-KR-PP-M,SET243,Set,M,B08QGKW666
SET243-KR-PP-S,SET243,Set,S,B08QGNMLBH
SET243-KR-PP-XL,SET243,Set,XL,B08QGL7Y7Z
SET243-KR-PP-XS,SET243,Set,XS,B08QGN9YCG
SET243-KR-PP-XXL,SET243,Set,XXL,B08QGPSWX8
SET243-KR-PP-XXXL,SET243,Set,3XL,B08QGLDQ4V
SET244-KR-NP-L,SET244,Set,L,B08WJ1CQC4
SET244-KR-NP-M,SET244,Set,M,B08WHW2TZH
SET244-KR-NP-S,SET244,Set,S,B08WHPWSHX
SET244-KR-NP-XL,SET244,Set,XL,B08WHXRLTH
SET244-KR-NP-XS,SET244,Set,XS,B08WHRZN56
SET244-KR-NP-XXL,SET244,Set,XXL,B08WHTGGB9
SET244-KR-NP-XXXL,SET244,Set,3XL,B08WJ68DFN
SET245-KR-NP-L,SET245,Set,L,B08XQBGZXD
SET245-KR-NP-M,SET245,Set,M,B08XQ8P266
SET245-KR-NP-S,SET245,Set,S,B08XQ8Q3CK
SET245-KR-NP-XL,SET245,Set,XL,B08XQBSZT6
SET245-KR-NP-XS,SET245,Set,XS,B08XQ9CCD8
SET245-KR-NP-XXL,SET245,Set,XXL,B08XQ9LFN7
SET245-KR-NP-XXXL,SET245,Set,3XL,B08XQ8LP9J
SET246-KR-PP-L,SET246,Set,L,B08W9TB5J2
SET246-KR-PP-M,SET246,Set,M,B08W9JNFXM
SET246-KR-PP-S,SET246,Set,S,B08W9MM8CG
SET246-KR-PP-XL,SET246,Set,XL,B08W8NT42N
SET246-KR-PP-XS,SET246,Set,XS,B08W96G15D
SET246-KR-PP-XXL,SET246,Set,XXL,B08W9LP36M
SET246-KR-PP-XXXL,SET246,Set,3XL,B08W8DBX54
SET247-KR-SHA-L,SET247,Set,L,B09B5846YJ
SET247-KR-SHA-M,SET247,Set,M,B09B57XLKV
SET247-KR-SHA-S,SET247,Set,S,B09B58DHH1
SET247-KR-SHA-XL,SET247,Set,XL,B09B578BZP
SET247-KR-SHA-XS,SET247,Set,XS,B09B58X791
SET247-KR-SHA-XXL,SET247,Set,XXL,B09B57VTBF
SET247-KR-SHA-XXXL,SET247,Set,3XL,B09B58M1MQ
SET248-KR-NP-L,SET248,Set,L,B0983F5NB3
SET248-KR-NP-M,SET248,Set,M,B0983CKVZ6
SET248-KR-NP-XL,SET248,Set,XL,B0983F931X
SET248-KR-NP-XS,SET248,Set,XS,B0983GNNGB
SET248-KR-NP-XXL,SET248,Set,XXL,B0983CGRTB
SET248-KR-NP-XXXL,SET248,Set,3XL,B0983F33FL
SET249-KR-NP-L,SET249,Set,L,B08XQ8Q141
SET249-KR-NP-M,SET249,Set,M,B08XQ9HMM5
SET249-KR-NP-S,SET249,Set,S,B08XQBK699
SET249-KR-NP-XL,SET249,Set,XL,B08XQB8BZQ
SET249-KR-NP-XS,SET249,Set,XS,B08XQ9QH7W
SET249-KR-NP-XXL,SET249,Set,XXL,B08XQ9KLPN
SET249-KR-NP-XXXL,SET249,Set,3XL,B08XQBNHQM
SET250-KR-SHA-L,SET250,Set,L,B08WJ2D4ZW
SET250-KR-SHA-M,SET250,Set,M,B08WHM4H72
SET250-KR-SHA-S,SET250,Set,S,B08WHYM2X9
SET250-KR-SHA-XL,SET250,Set,XL,B08WHZ3SRC
SET250-KR-SHA-XS,SET250,Set,XS,B08WJ1BGPD
SET250-KR-SHA-XXL,SET250,Set,XXL,B08WHTBKNM
SET250-KR-SHA-XXXL,SET250,Set,3XL,B08WHZPCZ8
SET251-KR-PP-L,SET251,Set,L,B091SG596W
SET251-KR-PP-M,SET251,Set,M,B091SPWM8L
SET251-KR-PP-S,SET251,Set,S,B091SSMCXS
SET251-KR-PP-XL,SET251,Set,XL,B091SPR12B
SET251-KR-PP-XS,SET251,Set,XS,B091SMCT75
SET251-KR-PP-XXL,SET251,Set,XXL,B091SR5FSK
SET251-KR-PP-XXXL,SET251,Set,3XL,B091SRDNTH
SET252-KR-PP-L,SET252,Set,L,B08TH6RMTM
SET252-KR-PP-M,SET252,Set,M,B08TGZN5D4
SET252-KR-PP-S,SET252,Set,S,B08TH684BJ
SET252-KR-PP-XL,SET252,Set,XL,B08TGZK6TW
SET252-KR-PP-XS,SET252,Set,XS,B08TH86DG1
SET252-KR-PP-XXL,SET252,Set,XXL,B08TH9WKX7
SET252-KR-PP-XXXL,SET252,Set,3XL,B08THCSV2X
SET253-KR-NP-L,SET253,Set,L,B08WHXN4Q9
SET253-KR-NP-M,SET253,Set,M,B08WJ1LBRJ
SET253-KR-NP-S,SET253,Set,S,B08WJ2YNM8
SET253-KR-NP-XL,SET253,Set,XL,B08WJ2JV9M
SET253-KR-NP-XS,SET253,Set,XS,B08WHQSKJZ
SET253-KR-NP-XXL,SET253,Set,XXL,B08WJ1JD1T
SET253-KR-NP-XXXL,SET253,Set,3XL,B08WHYZM3K
SET254-KR-NP-L,SET254,Set,L,B0983CZ6KT
SET254-KR-NP-M,SET254,Set,M,B0983DHX7M
SET254-KR-NP-S,SET254,Set,S,B0983FKBNF
SET254-KR-NP-XL,SET254,Set,XL,B0983FJRTB
SET254-KR-NP-XS,SET254,Set,XS,B0983DDPL6
SET254-KR-NP-XXL,SET254,Set,XXL,B0983DCNY3
SET254-KR-NP-XXXL,SET254,Set,3XL,B0983FJZP6
SET257-KR-PP-L,SET257,Set,L,B0983DJRFK
SET257-KR-PP-M,SET257,Set,M,B0983G38JS
SET257-KR-PP-S,SET257,Set,S,B0983FN98F
SET257-KR-PP-XL,SET257,Set,XL,B0983BXKR4
SET257-KR-PP-XS,SET257,Set,XS,B0983GWPF1
SET257-KR-PP-XXL,SET257,Set,XXL,B0983G26V6
SET257-KR-PP-XXXL,SET257,Set,3XL,B0983DNQ5R
SET258-KR-PP-L,SET258,Set,L,B0983DZ1LQ
SET258-KR-PP-M,SET258,Set,M,B0983DPFFZ
SET258-KR-PP-S,SET258,Set,S,B0983CR8LT
SET258-KR-PP-XL,SET258,Set,XL,B0983FXQQ2
SET258-KR-PP-XS,SET258,Set,XS,B0983FKR61
SET258-KR-PP-XXL,SET258,Set,XXL,B0983F138V
SET258-KR-PP-XXXL,SET258,Set,3XL,B0983DFCLF
SET260-KR-PP-S,SET260,Set,S,B08W8GC7XL
SET261-KR-PP-S,SET261,Set,S,B08WHQY56H
SET262-KR-NP-A-XS,SET262,Set,XS,B0B3N996P7
SET262-KR-NP-L,SET262,Set,L,B09433ZB8C
SET262-KR-NP-M,SET262,Set,M,B09439XYNZ
SET262-KR-NP-XL,SET262,Set,XL,B0942Y1JDV
SET262-KR-NP-XXL,SET262,Set,XXL,B0943CQNGG
SET263-KR-NP-S,SET263,Set,S,B0942SS4NR
SET263-KR-NP-XL,SET263,Set,XL,B0943DX5X9
SET263-KR-NP-XS,SET263,Set,XS,B09RPHN8KX
SET264-KR-NP-L,SET264,Set,L,B08YNFKKGY
SET264-KR-NP-M,SET264,Set,M,B08YN44FZJ
SET264-KR-NP-S,SET264,Set,S,B08YNRB2DW
SET264-KR-NP-XL,SET264,Set,XL,B08YN7XDSG
SET264-KR-NP-XS,SET264,Set,XS,B08YNH5YL6
SET264-KR-NP-XXL,SET264,Set,XXL,B08YNK9K8F
SET264-KR-NP-XXXL,SET264,Set,3XL,B08YNJKQFM
SET265-KR-NP-L,SET265,Set,L,B0983CRK42
SET265-KR-NP-M,SET265,Set,M,B0983DBK44
SET265-KR-NP-S,SET265,Set,S,B0983D6TGS
SET265-KR-NP-XL,SET265,Set,XL,B0983DQLBQ
SET265-KR-NP-XS,SET265,Set,XS,B0983BR8XF
SET265-KR-NP-XXL,SET265,Set,XXL,B0983DD4G7
SET265-KR-NP-XXXL,SET265,Set,3XL,B0983F9JL2
SET266-KR-NP-L,SET266,Set,L,B09BQLCM88
SET266-KR-NP-M,SET266,Set,M,B09BQLP9G2
SET266-KR-NP-S,SET266,Set,S,B09BQFRYYR
SET266-KR-NP-XL,SET266,Set,XL,B09BQF612S
SET266-KR-NP-XS,SET266,Set,XS,B09BQJMLQS
SET266-KR-NP-XXL,SET266,Set,XXL,B09BQL8Q93
SET266-KR-NP-XXXL,SET266,Set,3XL,B09BQLFL7M
SET267-KR-NP-L,SET267,Set,L,B09BQLKL88
SET267-KR-NP-M,SET267,Set,M,B09BQL1TYD
SET267-KR-NP-S,SET267,Set,S,B09BQL9KY1
SET267-KR-NP-XL,SET267,Set,XL,B09BQGNYP6
SET267-KR-NP-XS,SET267,Set,XS,B09BQL7JPR
SET267-KR-NP-XXL,SET267,Set,XXL,B09BQFKTLT
SET267-KR-NP-XXXL,SET267,Set,3XL,B09BQFDPV6
SET268-KR-NP-L,SET268,Set,L,B08XQ8MCKP
SET268-KR-NP-M,SET268,Set,M,B08XQ8R6GW
SET268-KR-NP-S,SET268,Set,S,B08XQ98B2Q
SET268-KR-NP-XL,SET268,Set,XL,B08XQBF1G4
SET268-KR-NP-XS,SET268,Set,XS,B08XQBXFPP
SET268-KR-NP-XXL,SET268,Set,XXL,B08XQ8MJZG
SET268-KR-NP-XXXL,SET268,Set,3XL,B08XQBC8FV
SET269-KR-NP-L,SET269,Set,L,B0983D9C65
SET269-KR-NP-M,SET269,Set,M,B0983D28F9
SET269-KR-NP-S,SET269,Set,S,B0983FQYML
SET269-KR-NP-XL,SET269,Set,XL,B0983CBSJ3
SET269-KR-NP-XS,SET269,Set,XS,B0983DZX48
SET269-KR-NP-XXL,SET269,Set,XXL,B0983GKG7G
SET269-KR-NP-XXXL,SET269,Set,3XL,B0983FSRFS
SET270-KR-PP-L,SET270,Set,L,B094FNYW6V
SET270-KR-PP-M,SET270,Set,M,B094FPVJQ8
SET270-KR-PP-S,SET270,Set,S,B094FPMC2W
SET270-KR-PP-XL,SET270,Set,XL,B094FM63BQ
SET270-KR-PP-XXL,SET270,Set,XXL,B094FR5S1D
SET271-KR-NP-M,SET271,Set,M,B09BQKXPKV
SET271-KR-NP-S,SET271,Set,S,B09BQJNZKB
SET271-KR-NP-XL,SET271,Set,XL,B09BQKLJC2
SET271-KR-NP-XS,SET271,Set,XS,B09BQGSLYN
SET271-KR-NP-XXL,SET271,Set,XXL,B09BQJ9J1X
SET271-KR-NP-XXXL,SET271,Set,3XL,B09BQKLVP2
SET272-KR-PP-A-S,SET272,Set,S,B0B3ND5DCY
SET272-KR-PP-L,SET272,Set,L,B0983CDVST
SET272-KR-PP-M,SET272,Set,M,B0983DT651
SET272-KR-PP-S,SET272,Set,S,B0983CWQDP
SET272-KR-PP-XL,SET272,Set,XL,B098P4N8V5
SET272-KR-PP-XXL,SET272,Set,XXL,B0983FJSXK
SET273-KR-NP-L,SET273,Set,L,B094FMN5Y6
SET273-KR-NP-M,SET273,Set,M,B094FRW46T
SET273-KR-NP-S,SET273,Set,S,B094FR7J54
SET273-KR-NP-XL,SET273,Set,XL,B094FSF6V2
SET273-KR-NP-XS,SET273,Set,XS,B094FNM537
SET273-KR-NP-XXL,SET273,Set,XXL,B094FQBK55
SET273-KR-NP-XXXL,SET273,Set,3XL,B094FR18C5
SET274-KR-PP-L,SET274,Set,L,B099NKW12J
SET274-KR-PP-M,SET274,Set,M,B099NKCVH4
SET274-KR-PP-S,SET274,Set,S,B099NL5YGM
SET274-KR-PP-XS,SET274,Set,XS,B099NJZLK9
SET274-KR-PP-XXXL,SET274,Set,3XL,B099NJJ559
SET275-KR-NP-L,SET275,Set,L,B0983G35K9
SET275-KR-NP-S,SET275,Set,S,B0983GKFV1
SET275-KR-NP-XL,SET275,Set,XL,B0983BXKQH
SET275-KR-NP-XS,SET275,Set,XS,B0983GKV6S
SET275-KR-NP-XXL,SET275,Set,XXL,B0983F9VYJ
SET275-KR-NP-XXXL,SET275,Set,3XL,B0983BXS78
SET276-KR-PP-L,SET276,Set,L,B098P5NXKR
SET276-KR-PP-M,SET276,Set,M,B0983FG2SX
SET276-KR-PP-S,SET276,Set,S,B0983CKB5Z
SET276-KR-PP-XL,SET276,Set,XL,B0983F3WPM
SET276-KR-PP-XS,SET276,Set,XS,B0983DV331
SET276-KR-PP-XXL,SET276,Set,XXL,B0983DVCJS
SET276-KR-PP-XXXL,SET276,Set,3XL,B0983D6G5X
SET277-KR-NP-L,SET277,Set,L,B0983D64M1
SET277-KR-NP-M,SET277,Set,M,B0983FZW13
SET277-KR-NP-S,SET277,Set,S,B0983B8DKR
SET277-KR-NP-XL,SET277,Set,XL,B0983F8LC1
SET277-KR-NP-XS,SET277,Set,XS,B0983FGYF3
SET277-KR-NP-XXL,SET277,Set,XXL,B0983FZLXC
SET277-KR-NP-XXXL,SET277,Set,3XL,B0983FNQD1
SET278-KR-NP-L,SET278,Set,L,B0983FZD5K
SET278-KR-NP-M,SET278,Set,M,B0983F3BLZ
SET278-KR-NP-S,SET278,Set,S,B0983F2ZJW
SET278-KR-NP-XL,SET278,Set,XL,B0983GGFYD
SET278-KR-NP-XS,SET278,Set,XS,B0983DSS8R
SET278-KR-NP-XXL,SET278,Set,XXL,B0983F1V7R
SET278-KR-NP-XXXL,SET278,Set,3XL,B0983FS8GB
SET279-LC-L,SET279,Set,L,B09CTC3Z4S
SET279-LC-M,SET279,Set,M,B09CTC5FLS
SET279-LC-S,SET279,Set,S,B09CT6L67S
SET279-LC-XL,SET279,Set,XL,B09CT5YYZK
SET279-LC-XS,SET279,Set,XS,B09CT5Z9BB
SET279-LC-XXL,SET279,Set,XXL,B09CT4LSM3
SET279-LC-XXXL,SET279,Set,3XL,B09CTKZ5FP
SET280-KR-PP-L,SET280,Set,L,B09CT36JMT
SET280-KR-PP-M,SET280,Set,M,B09CT99GWK
SET280-KR-PP-S,SET280,Set,S,B09CT26LGZ
SET280-KR-PP-XL,SET280,Set,XL,B09CT8CZTD
SET280-KR-PP-XS,SET280,Set,XS,B09CTB4JPF
SET280-KR-PP-XXL,SET280,Set,XXL,B09CTB9HTP
SET280-KR-PP-XXXL,SET280,Set,3XL,B09CT8YCQP
SET281-KR-PP-A-S,SET281,Set,S,B0B3N7JRQD
SET281-KR-PP-A-XS,SET281,Set,XS,B0B3N9FHN1
SET281-KR-PP-A-XXXL,SET281,Set,3XL,B0B3N92MD7
SET281-KR-PP-L,SET281,Set,L,B0983DYB2P
SET281-KR-PP-M,SET281,Set,M,B0983FLKZR
SET281-KR-PP-S,SET281,Set,S,B0983DKTXR
SET281-KR-PP-XL,SET281,Set,XL,B0983G1FVV
SET281-KR-PP-XXL,SET281,Set,XXL,B0983G9Z9T
SET282-KR-PP-L,SET282,Set,L,B09CT47S1K
SET282-KR-PP-M,SET282,Set,M,B09CTCDDQ4
SET282-KR-PP-S,SET282,Set,S,B09CTBFKGS
SET282-KR-PP-XL,SET282,Set,XL,B09CTFCW94
SET282-KR-PP-XS,SET282,Set,XS,B09CTHR5W5
SET282-KR-PP-XXL,SET282,Set,XXL,B09CTF82YW
SET282-KR-PP-XXXL,SET282,Set,3XL,B09CTFP96V
SET285-KR-SHA-L,SET285,Set,L,B099NJML8Z
SET285-KR-SHA-M,SET285,Set,M,B099NJ4MFZ
SET285-KR-SHA-S,SET285,Set,S,B099NK5TL9
SET285-KR-SHA-XL,SET285,Set,XL,B099NGR5NV
SET285-KR-SHA-XS,SET285,Set,XS,B099NJRH7C
SET285-KR-SHA-XXL,SET285,Set,XXL,B099NHBL52
SET285-KR-SHA-XXXL,SET285,Set,3XL,B099NJ9F31
SET286-KR-NP-L,SET286,Set,L,B099NK74F7
SET286-KR-NP-M,SET286,Set,M,B099NJ8537
SET286-KR-NP-S,SET286,Set,S,B099NJCVDY
SET286-KR-NP-XL,SET286,Set,XL,B099NGZGRJ
SET286-KR-NP-XS,SET286,Set,XS,B099NHW17F
SET286-KR-NP-XXL,SET286,Set,XXL,B099NGG1SM
SET286-KR-NP-XXXL,SET286,Set,3XL,B099NK23VT
SET287-KR-NP-L,SET287,Set,L,B099NM6SKS
SET287-KR-NP-M,SET287,Set,M,B099NL1RPF
SET287-KR-NP-S,SET287,Set,S,B099NKHSGB
SET287-KR-NP-XL,SET287,Set,XL,B099NL1RQ2
SET287-KR-NP-XS,SET287,Set,XS,B099NK2WLQ
SET287-KR-NP-XXL,SET287,Set,XXL,B099NJBTB9
SET287-KR-NP-XXXL,SET287,Set,3XL,B099NJMH8D
SET288-KR-NP-L,SET288,Set,L,B09M6SCRZ6
SET288-KR-NP-M,SET288,Set,M,B09M6X6C6T
SET288-KR-NP-S,SET288,Set,S,B09M6T4XPC
SET288-KR-NP-XL,SET288,Set,XL,B09M6S4DML
SET288-KR-NP-XS,SET288,Set,XS,B09M6TJG5T
SET288-KR-NP-XXL,SET288,Set,XXL,B09M6TQTGV
SET288-KR-NP-XXXL,SET288,Set,3XL,B09M6STTBC
SET289-KR-NP-L,SET289,Set,L,B099NKQ22W
SET289-KR-NP-M,SET289,Set,M,B099NP47VY
SET289-KR-NP-S,SET289,Set,S,B099NKK316
SET289-KR-NP-XL,SET289,Set,XL,B099NHFG2H
SET289-KR-NP-XS,SET289,Set,XS,B099NQWZJR
SET289-KR-NP-XXL,SET289,Set,XXL,B099NJHHMV
SET289-KR-NP-XXXL,SET289,Set,3XL,B099NJKJ59
SET290-KR-DPT-L,SET290,Set,L,B09B577CVX
SET290-KR-DPT-M,SET290,Set,M,B09B5922WD
SET290-KR-DPT-S,SET290,Set,S,B09B5976XV
SET290-KR-DPT-XL,SET290,Set,XL,B09B58186F
SET290-KR-DPT-XS,SET290,Set,XS,B09B57QMC1
SET290-KR-DPT-XXL,SET290,Set,XXL,B09B58MTF1
SET290-KR-DPT-XXXL,SET290,Set,3XL,B09B57J3FT
SET291-KR-PP-L,SET291,Set,L,B099NJKJ54
SET291-KR-PP-M,SET291,Set,M,B099NK55YG
SET291-KR-PP-S,SET291,Set,S,B099NHHY1T
SET291-KR-PP-XL,SET291,Set,XL,B099NJV9X7
SET291-KR-PP-XS,SET291,Set,XS,B099NJKQP6
SET291-KR-PP-XXL,SET291,Set,XXL,B099NJQ8JQ
SET291-KR-PP-XXXL,SET291,Set,3XL,B099NFZJVC
SET293-KR-NP-L,SET293,Set,L,B09K39CKVP
SET293-KR-NP-M,SET293,Set,M,B09K3LJWBB
SET293-KR-NP-S,SET293,Set,S,B09K3G4TS6
SET293-KR-NP-XL,SET293,Set,XL,B09K3DQZ66
SET293-KR-NP-XS,SET293,Set,XS,B09K3938KW
SET293-KR-NP-XXL,SET293,Set,XXL,B09K3QVXBS
SET293-KR-NP-XXXL,SET293,Set,3XL,B09K3CNYF5
SET295-KR-NP-L,SET295,Set,L,B09PN32VNJ
SET295-KR-NP-M,SET295,Set,M,B09PN3FDX8
SET295-KR-NP-S,SET295,Set,S,B09PN5228H
SET295-KR-NP-XL,SET295,Set,XL,B09PN51JWD
SET295-KR-NP-XS,SET295,Set,XS,B09PN5N9FP
SET295-KR-NP-XXL,SET295,Set,XXL,B09PN4LM6Q
SET295-KR-NP-XXXL,SET295,Set,3XL,B09PN3GVMZ
SET297-KR-NP-L,SET297,Set,L,B09K3JVNR9
SET297-KR-NP-XXL,SET297,Set,XXL,B09K3QBQR8
SET297-KR-NP-XXXL,SET297,Set,3XL,B09K3RFZQF
SET299-KR-PP-L,SET299,Set,L,B09QJ4WXJ5
SET299-KR-PP-M,SET299,Set,M,B09QJ7HDRN
SET299-KR-PP-S,SET299,Set,S,B09QJ3WTBP
SET299-KR-PP-XL,SET299,Set,XL,B09QJ47S1M
SET299-KR-PP-XS,SET299,Set,XS,B09QJ6CLV1
SET299-KR-PP-XXL,SET299,Set,XXL,B09QJ4RQ78
SET299-KR-PP-XXXL,SET299,Set,3XL,B09QJ5KF55
SET300-KR-NP-L,SET300,Set,L,B09KXTBZ3N
SET300-KR-NP-M,SET300,Set,M,B09KXVBNQD
SET300-KR-NP-S,SET300,Set,S,B09KXTTVWD
SET300-KR-NP-XL,SET300,Set,XL,B09KXTWY66
SET300-KR-NP-XS,SET300,Set,XS,B09KXV8JGD
SET300-KR-NP-XXL,SET300,Set,XXL,B09KXTQJW3
SET300-KR-NP-XXXL,SET300,Set,3XL,B09KXVBNQM
SET301-KR-PP-L,SET301,Set,L,B09KXW7V5R
SET301-KR-PP-M,SET301,Set,M,B09KXTTX5T
SET301-KR-PP-S,SET301,Set,S,B09KXWHMGQ
SET301-KR-PP-XL,SET301,Set,XL,B09KXTSRD2
SET301-KR-PP-XXL,SET301,Set,XXL,B09KXVBG3J
SET302-KR-PP-L,SET302,Set,L,B09RKDSDPL
SET302-KR-PP-M,SET302,Set,M,B09RKCLMD1
SET302-KR-PP-S,SET302,Set,S,B09RKF16X1
SET302-KR-PP-XL,SET302,Set,XL,B09RKD9566
SET302-KR-PP-XS,SET302,Set,XS,B09RKDY5GC
SET302-KR-PP-XXL,SET302,Set,XXL,B09RKCQ3VW
SET302-KR-PP-XXXL,SET302,Set,3XL,B09RKDPBQV
SET303-KR-NP-L,SET303,Set,L,B09K3K1RXH
SET303-KR-NP-M,SET303,Set,M,B09K3GJ9Y3
SET303-KR-NP-S,SET303,Set,S,B09K3L39NB
SET303-KR-NP-XL,SET303,Set,XL,B09K3F7D9H
SET303-KR-NP-XS,SET303,Set,XS,B09K3NHD6H
SET303-KR-NP-XXL,SET303,Set,XXL,B09K3FPFL9
SET303-KR-NP-XXXL,SET303,Set,3XL,B09K3SX1SG
SET304-KR-DPT-L,SET304,Set,L,B09K3S3FFN
SET304-KR-DPT-M,SET304,Set,M,B09K3LRFQF
SET304-KR-DPT-S,SET304,Set,S,B09K3JVNR1
SET304-KR-DPT-XL,SET304,Set,XL,B09K3HVZ83
SET304-KR-DPT-XS,SET304,Set,XS,B09K3LRR2T
SET304-KR-DPT-XXL,SET304,Set,XXL,B09K3YHSDV
SET304-KR-DPT-XXXL,SET304,Set,3XL,B09K3N11L8
SET305-KR-DPT-L,SET305,Set,L,B09K3FZQFT
SET305-KR-DPT-M,SET305,Set,M,B09K3S83SC
SET305-KR-DPT-S,SET305,Set,S,B09K3WR75H
SET305-KR-DPT-XL,SET305,Set,XL,B09K3BS8T2
SET305-KR-DPT-XS,SET305,Set,XS,B09K355F91
SET305-KR-DPT-XXL,SET305,Set,XXL,B09K3MTGS8
SET305-KR-DPT-XXXL,SET305,Set,3XL,B09K3BNSHD
SET306-KR-PP-L,SET306,Set,L,B09KRSZ477
SET306-KR-PP-M,SET306,Set,M,B09KRTDTQN
SET306-KR-PP-S,SET306,Set,S,B09KRS12WC
SET306-KR-PP-XL,SET306,Set,XL,B09KRTQ8MX
SET306-KR-PP-XS,SET306,Set,XS,B09KRT5GYW
SET306-KR-PP-XXL,SET306,Set,XXL,B09KRS7JSJ
SET306-KR-PP-XXXL,SET306,Set,3XL,B09KRS6GPP
SET307-KR-DPT-L,SET307,Set,L,B09SDY2618
SET307-KR-DPT-M,SET307,Set,M,B09SDY1W8Z
SET307-KR-DPT-S,SET307,Set,S,B09SDYC9GD
SET307-KR-DPT-XL,SET307,Set,XL,B09SDYFVGF
SET307-KR-DPT-XS,SET307,Set,XS,B09SDZDPR8
SET307-KR-DPT-XXL,SET307,Set,XXL,B09SDYHTPZ
SET307-KR-DPT-XXXL,SET307,Set,3XL,B09SDXSS2B
SET308-KR-PP-L,SET308,Set,L,B09K3DQBZT
SET308-KR-PP-M,SET308,Set,M,B09K3WV4ZW
SET308-KR-PP-S,SET308,Set,S,B09K3MP21Q
SET308-KR-PP-XL,SET308,Set,XL,B09K3KXR56
SET308-KR-PP-XS,SET308,Set,XS,B09K3LKJYP
SET308-KR-PP-XXL,SET308,Set,XXL,B09K3GNK7D
SET308-KR-PP-XXXL,SET308,Set,3XL,B09K3KSFNY
SET310-KR-NP-L,SET310,Set,L,B09RKDGKTM
SET310-KR-NP-M,SET310,Set,M,B09RKDZ467
SET310-KR-NP-S,SET310,Set,S,B09RKF1F47
SET310-KR-NP-XL,SET310,Set,XL,B09RKDLZJW
SET310-KR-NP-XS,SET310,Set,XS,B09RKCWDRF
SET310-KR-NP-XXL,SET310,Set,XXL,B09RKDLD1W
SET310-KR-NP-XXXL,SET310,Set,3XL,B09RKDH8RL
SET311-KR-NP-L,SET311,Set,L,B09KXTP59M
SET311-KR-NP-S,SET311,Set,S,B09KXW69VL
SET311-KR-NP-XL,SET311,Set,XL,B09KXV9TS1
SET311-KR-NP-XS,SET311,Set,XS,B09KXTM87L
SET313-KR-NP-L,SET313,Set,L,B09KXVPZGV
SET313-KR-NP-M,SET313,Set,M,B09KXT2VYZ
SET313-KR-NP-S,SET313,Set,S,B09KXT175N
SET313-KR-NP-XL,SET313,Set,XL,B09KXWMGHD
SET313-KR-NP-XS,SET313,Set,XS,B09KXV4L7M
SET313-KR-NP-XXL,SET313,Set,XXL,B09KXVDLNN
SET313-KR-NP-XXXL,SET313,Set,3XL,B09KXTJT1V
SET315-KR-PP-L,SET315,Set,L,B09RKDW5XP
SET315-KR-PP-M,SET315,Set,M,B09RKF9KV4
SET315-KR-PP-XL,SET315,Set,XL,B09RKDN6S4
SET315-KR-PP-XXXL,SET315,Set,3XL,B09RKD68ZS
SET316-KR-DPT-L,SET316,Set,L,B09KXVM4V6
SET316-KR-DPT-M,SET316,Set,M,B09KXTXLMZ
SET316-KR-DPT-S,SET316,Set,S,B09KXV8QQB
SET316-KR-DPT-XL,SET316,Set,XL,B09KXSW54F
SET316-KR-DPT-XS,SET316,Set,XS,B09KXVD8M2
SET316-KR-DPT-XXL,SET316,Set,XXL,B09KXTBR4J
SET316-KR-DPT-XXXL,SET316,Set,3XL,B09KXT86V1
SET317-KR-PP-L,SET317,Set,L,B09RKDTP7M
SET317-KR-PP-M,SET317,Set,M,B09RKDH9X6
SET317-KR-PP-S,SET317,Set,S,B09RKFJSTZ
SET317-KR-PP-XL,SET317,Set,XL,B09RKD2VCP
SET317-KR-PP-XS,SET317,Set,XS,B09RKKTHC2
SET317-KR-PP-XXL,SET317,Set,XXL,B09RKD5B2W
SET317-KR-PP-XXXL,SET317,Set,3XL,B09RKDX2BQ
SET318-KR-SHA-L,SET318,Set,L,B09KXVF8JD
SET318-KR-SHA-M,SET318,Set,M,B09KXV1WLX
SET318-KR-SHA-S,SET318,Set,S,B09KXVHL6D
SET318-KR-SHA-XL,SET318,Set,XL,B09KXT94JQ
SET318-KR-SHA-XS,SET318,Set,XS,B09KXV8THQ
SET318-KR-SHA-XXL,SET318,Set,XXL,B09KXVBP7J
SET318-KR-SHA-XXXL,SET318,Set,3XL,B09KXTMD9Y
SET319-KR-NP-L,SET319,Set,L,B09KXSKLS6
SET319-KR-NP-M,SET319,Set,M,B09KXVG37D
SET319-KR-NP-S,SET319,Set,S,B09KXV4TTM
SET319-KR-NP-XL,SET319,Set,XL,B09KXVPJ7M
SET319-KR-NP-XS,SET319,Set,XS,B09KXSQGNK
SET319-KR-NP-XXL,SET319,Set,XXL,B09KXT2VYT
SET319-KR-NP-XXXL,SET319,Set,3XL,B09KXW4WPW
SET320-KR-NP-L,SET320,Set,L,B09RKDQBB6
SET320-KR-NP-M,SET320,Set,M,B09RKDYDPJ
SET320-KR-NP-S,SET320,Set,S,B09RKDY4NQ
SET320-KR-NP-XL,SET320,Set,XL,B09RKCVRSP
SET320-KR-NP-XS,SET320,Set,XS,B09RKDYLRW
SET320-KR-NP-XXL,SET320,Set,XXL,B09RKF9X23
SET320-KR-NP-XXXL,SET320,Set,3XL,B09RKD5K4Z
SET321-KR-DPT-L,SET321,Set,L,B09KXVJ79X
SET321-KR-DPT-M,SET321,Set,M,B09KXW37V8
SET321-KR-DPT-S,SET321,Set,S,B09KXVP5PC
SET321-KR-DPT-XL,SET321,Set,XL,B09KXVCT3B
SET321-KR-DPT-XS,SET321,Set,XS,B09KXV3S1Q
SET321-KR-DPT-XXL,SET321,Set,XXL,B09KXVKF4N
SET321-KR-DPT-XXXL,SET321,Set,3XL,B09KXTGYSY
SET322-KR-SHA-L,SET322,Set,L,B09RKD22W2
SET322-KR-SHA-M,SET322,Set,M,B09RKDCHPH
SET322-KR-SHA-S,SET322,Set,S,B09RKFJ2XF
SET322-KR-SHA-XL,SET322,Set,XL,B09RKHL9H2
SET322-KR-SHA-XS,SET322,Set,XS,B09RKF56HF
SET322-KR-SHA-XXL,SET322,Set,XXL,B09RKDFBJ3
SET322-KR-SHA-XXXL,SET322,Set,3XL,B09RKF3J6F
SET323-KR-NP-L,SET323,Set,L,B09NDKDH96
SET323-KR-NP-M,SET323,Set,M,B09NDK8FFH
SET323-KR-NP-S,SET323,Set,S,B09NDLSGZM
SET323-KR-NP-XL,SET323,Set,XL,B09NDKKM7P
SET323-KR-NP-XS,SET323,Set,XS,B09NDKSD4G
SET323-KR-NP-XXL,SET323,Set,XXL,B09NDKZQWW
SET323-KR-NP-XXXL,SET323,Set,3XL,B09NDLZF7K
SET324-KR-NP-L,SET324,Set,L,B09NQ44RNV
SET324-KR-NP-M,SET324,Set,M,B09NQ4NM75
SET324-KR-NP-S,SET324,Set,S,B09NQ4CZ65
SET324-KR-NP-XL,SET324,Set,XL,B09NQ4QS13
SET324-KR-NP-XS,SET324,Set,XS,B09NQ4DD29
SET324-KR-NP-XXL,SET324,Set,XXL,B09NQ3MPRM
SET324-KR-NP-XXXL,SET324,Set,3XL,B09NQ51MPV
SET325-KR-NP-L,SET325,Set,L,B09K3X1ZY1
SET325-KR-NP-M,SET325,Set,M,B09K3JW9KT
SET325-KR-NP-S,SET325,Set,S,B09K3KC8TQ
SET325-KR-NP-XL,SET325,Set,XL,B09K3QSXVJ
SET325-KR-NP-XS,SET325,Set,XS,B09K3NLG1Z
SET325-KR-NP-XXL,SET325,Set,XXL,B09K3LV84M
SET325-KR-NP-XXXL,SET325,Set,3XL,B09K3KZ12Y
SET326-KR-PP-L,SET326,Set,L,B09K354Z3F
SET326-KR-PP-M,SET326,Set,M,B09K3YRV3M
SET326-KR-PP-S,SET326,Set,S,B09K3H57D1
SET326-KR-PP-XL,SET326,Set,XL,B09K3YXSZZ
SET326-KR-PP-XS,SET326,Set,XS,B09K3VMW5P
SET326-KR-PP-XXL,SET326,Set,XXL,B09K3C7FMH
SET326-KR-PP-XXXL,SET326,Set,3XL,B09K3QJWWT
SET327-KR-DPT-L,SET327,Set,L,B09PN4P12Y
SET327-KR-DPT-M,SET327,Set,M,B09PN41YXK
SET327-KR-DPT-S,SET327,Set,S,B09PN37FYX
SET327-KR-DPT-XL,SET327,Set,XL,B09PN1HZ58
SET327-KR-DPT-XS,SET327,Set,XS,B09PN4WMPP
SET327-KR-DPT-XXL,SET327,Set,XXL,B09PN3TB2G
SET327-KR-DPT-XXXL,SET327,Set,3XL,B09PN35VJ9
SET328-KR-NP-L,SET328,Set,L,B09K3DV6Q9
SET328-KR-NP-M,SET328,Set,M,B09K3YVY3B
SET328-KR-NP-S,SET328,Set,S,B09K3FG237
SET328-KR-NP-XL,SET328,Set,XL,B09K3F6Y89
SET328-KR-NP-XS,SET328,Set,XS,B09K3QJ389
SET328-KR-NP-XXL,SET328,Set,XXL,B09K3WKWR2
SET328-KR-NP-XXXL,SET328,Set,3XL,B09K3VT822
SET329-KR-NP-L,SET329,Set,L,B09K3S1BWQ
SET329-KR-NP-M,SET329,Set,M,B09K3BNDTT
SET329-KR-NP-S,SET329,Set,S,B09K3SHVLV
SET329-KR-NP-XL,SET329,Set,XL,B09K3NFPCM
SET329-KR-NP-XS,SET329,Set,XS,B09K3KW667
SET329-KR-NP-XXL,SET329,Set,XXL,B09K3JK4P9
SET329-KR-NP-XXXL,SET329,Set,3XL,B09K36SNZ6
SET330-KR-PP-L,SET330,Set,L,B09SDXL6QC
SET330-KR-PP-M,SET330,Set,M,B09SDXVHGN
SET330-KR-PP-S,SET330,Set,S,B09SDXT7CF
SET330-KR-PP-XL,SET330,Set,XL,B09SDXTH4Q
SET330-KR-PP-XS,SET330,Set,XS,B09SDYW5QQ
SET330-KR-PP-XXL,SET330,Set,XXL,B09SDZXPG3
SET330-KR-PP-XXXL,SET330,Set,3XL,B09SDYZ8BM
SET331-KR-NP-L,SET331,Set,L,B09NQ4XYV9
SET331-KR-NP-M,SET331,Set,M,B09NQ3TN2T
SET331-KR-NP-S,SET331,Set,S,B09NQ47F17
SET331-KR-NP-XL,SET331,Set,XL,B09NQ51CH7
SET331-KR-NP-XS,SET331,Set,XS,B09NQ54RRT
SET331-KR-NP-XXL,SET331,Set,XXL,B09NQ3P98W
SET331-KR-NP-XXXL,SET331,Set,3XL,B09NQ4C51C
SET332-KR-PP-L,SET332,Set,L,B09NQ39KJ6
SET332-KR-PP-M,SET332,Set,M,B09NQ4SBZ4
SET332-KR-PP-S,SET332,Set,S,B09NQ33VW2
SET332-KR-PP-XL,SET332,Set,XL,B09NQ4HG4J
SET332-KR-PP-XS,SET332,Set,XS,B09NQ3G8BJ
SET332-KR-PP-XXL,SET332,Set,XXL,B09NQ55PRY
SET332-KR-PP-XXXL,SET332,Set,3XL,B09NQ56TWR
SET333-KR-DPT-L,SET333,Set,L,B09RKCX5WR
SET333-KR-DPT-M,SET333,Set,M,B09RKF4FNJ
SET333-KR-DPT-S,SET333,Set,S,B09RKF9RSW
SET333-KR-DPT-XL,SET333,Set,XL,B09RKFZ1KH
SET333-KR-DPT-XS,SET333,Set,XS,B09RKDYFFP
SET333-KR-DPT-XXL,SET333,Set,XXL,B09RKDZ461
SET333-KR-DPT-XXXL,SET333,Set,3XL,B09RKD8TMG
SET334-KR-NP-L,SET334,Set,L,B09KXVY8HC
SET334-KR-NP-M,SET334,Set,M,B09KXV5H38
SET334-KR-NP-S,SET334,Set,S,B09KXT3ZJR
SET334-KR-NP-XL,SET334,Set,XL,B09KXV98RR
SET334-KR-NP-XS,SET334,Set,XS,B09KXWLQJ4
SET334-KR-NP-XXL,SET334,Set,XXL,B09KXTKBG4
SET334-KR-NP-XXXL,SET334,Set,3XL,B09KXVBJ19
SET335-KR-NP-L,SET335,Set,L,B09Y3FF9K3
SET335-KR-NP-M,SET335,Set,M,B09Y3F5F8Q
SET335-KR-NP-S,SET335,Set,S,B09Y3DS567
SET335-KR-NP-XL,SET335,Set,XL,B09Y3GF3TB
SET335-KR-NP-XS,SET335,Set,XS,B09Y3GD14B
SET335-KR-NP-XXL,SET335,Set,XXL,B09Y3GLNFL
SET335-KR-NP-XXXL,SET335,Set,3XL,B09Y3FNK98
SET336-KR-NP-L,SET336,Set,L,B09KXTSG9G
SET336-KR-NP-M,SET336,Set,M,B09KXXDYJY
SET336-KR-NP-S,SET336,Set,S,B09KXW381R
SET336-KR-NP-XS,SET336,Set,XS,B09KXSQBLM
SET336-KR-NP-XXL,SET336,Set,XXL,B09KXX6VFK
SET337-KR-NP-L,SET337,Set,L,B09KXY99M3
SET337-KR-NP-M,SET337,Set,M,B09KXVQM7F
SET337-KR-NP-S,SET337,Set,S,B09KXX4B9X
SET337-KR-NP-XL,SET337,Set,XL,B09KXXXMN5
SET337-KR-NP-XS,SET337,Set,XS,B09KXY16TS
SET337-KR-NP-XXL,SET337,Set,XXL,B09KXTR2JS
SET338-KR-NP-L,SET338,Set,L,B09TZTQMGC
SET338-KR-NP-M,SET338,Set,M,B09TZVM9HY
SET338-KR-NP-S,SET338,Set,S,B09TZVFLT6
SET338-KR-NP-XL,SET338,Set,XL,B09TZV1KZC
SET338-KR-NP-XS,SET338,Set,XS,B09TZVGP5Y
SET338-KR-NP-XXL,SET338,Set,XXL,B09TZV4J5S
SET339-KR-NP-L,SET339,Set,L,B09RT3BBJZ
SET339-KR-NP-M,SET339,Set,M,B09RSSRWPJ
SET339-KR-NP-S,SET339,Set,S,B09RT1WSR9
SET339-KR-NP-XL,SET339,Set,XL,B09RSV9VD7
SET339-KR-NP-XS,SET339,Set,XS,B09RSVKMH5
SET339-KR-NP-XXL,SET339,Set,XXL,B09RSX8B8D
SET339-KR-NP-XXXL,SET339,Set,3XL,B09RSVRX2Y
SET340-KR-NP-L,SET340,Set,L,B09RKD1MFC
SET340-KR-NP-M,SET340,Set,M,B09RKDDQRP
SET340-KR-NP-S,SET340,Set,S,B09RKDRDRJ
SET340-KR-NP-XL,SET340,Set,XL,B09RKDKCYC
SET340-KR-NP-XS,SET340,Set,XS,B09RKD8S67
SET340-KR-NP-XXL,SET340,Set,XXL,B09RKDBB27
SET340-KR-NP-XXXL,SET340,Set,3XL,B09RKF2T14
SET341-KR-NP-L,SET341,Set,L,B09NPXCZZG
SET341-KR-NP-M,SET341,Set,M,B09NPX4V9M
SET341-KR-NP-S,SET341,Set,S,B09NPWMVFT
SET341-KR-NP-XL,SET341,Set,XL,B09NPX3HG3
SET341-KR-NP-XS,SET341,Set,XS,B09NPX14Y5
SET341-KR-NP-XXL,SET341,Set,XXL,B09NPWD7J2
SET341-KR-NP-XXXL,SET341,Set,3XL,B09NPXRTKD
SET342-KR-NP-N-L,SET342,Set,L,B09Q18BBWR
SET342-KR-NP-N-M,SET342,Set,M,B09Q19BS6S
SET342-KR-NP-N-S,SET342,Set,S,B09Q18LD8D
SET342-KR-NP-N-XL,SET342,Set,XL,B09Q19BQCF
SET342-KR-NP-N-XS,SET342,Set,XS,B09Q1943PQ
SET342-KR-NP-N-XXL,SET342,Set,XXL,B09Q18R2RN
SET342-KR-NP-N-XXXL,SET342,Set,3XL,B09Q194BM1
SET343-KR-NP-L,SET343,Set,L,B09NDM5T7T
SET343-KR-NP-M,SET343,Set,M,B09NDK1LZ3
SET343-KR-NP-S,SET343,Set,S,B09NDL8QHB
SET343-KR-NP-XL,SET343,Set,XL,B09NDLRSXQ
SET343-KR-NP-XS,SET343,Set,XS,B09NDKVP42
SET343-KR-NP-XXL,SET343,Set,XXL,B09NDLLL9H
SET343-KR-NP-XXXL,SET343,Set,3XL,B09NDL4F2Y
SET344-KR-NP-L,SET344,Set,L,B09QJ37SNL
SET344-KR-NP-M,SET344,Set,M,B09QJ3YSPB
SET344-KR-NP-S,SET344,Set,S,B09QJ4TZR6
SET344-KR-NP-XL,SET344,Set,XL,B09QJ57BL6
SET344-KR-NP-XS,SET344,Set,XS,B09QJ43FVH
SET344-KR-NP-XXL,SET344,Set,XXL,B09QJ48G25
SET344-KR-NP-XXXL,SET344,Set,3XL,B09QJ3WT3H
SET345-KR-NP-L,SET345,Set,L,B09KXT4VG7
SET345-KR-NP-M,SET345,Set,M,B09KXV4BN8
SET345-KR-NP-S,SET345,Set,S,B09KXV6T8Q
SET345-KR-NP-XL,SET345,Set,XL,B09KXWW582
SET345-KR-NP-XS,SET345,Set,XS,B09KXSVTDB
SET345-KR-NP-XXL,SET345,Set,XXL,B09KXSQ73F
SET345-KR-NP-XXXL,SET345,Set,3XL,B09KXV94NJ
SET346-KR-PP-L,SET346,Set,L,B09RKDJ3CF
SET346-KR-PP-M,SET346,Set,M,B09RKF5638
SET346-KR-PP-S,SET346,Set,S,B09RKGNMW4
SET346-KR-PP-XL,SET346,Set,XL,B09RKF7LQJ
SET346-KR-PP-XS,SET346,Set,XS,B09RKDZ5FK
SET346-KR-PP-XXL,SET346,Set,XXL,B09RKD5FFS
SET346-KR-PP-XXXL,SET346,Set,3XL,B09RKBZKMF
SET347-KR-NP-L,SET347,Set,L,B09RKDW3QG
SET347-KR-NP-M,SET347,Set,M,B09RKF9KV8
SET347-KR-NP-S,SET347,Set,S,B09RKDJ9SQ
SET347-KR-NP-XL,SET347,Set,XL,B09RKFRBJB
SET347-KR-NP-XS,SET347,Set,XS,B09RKFBMYD
SET347-KR-NP-XXL,SET347,Set,XXL,B09RKCWNYM
SET347-KR-NP-XXXL,SET347,Set,3XL,B09RKF5R8S
SET348-KR-NP-L,SET348,Set,L,B09QJ46T37
SET348-KR-NP-M,SET348,Set,M,B09QJ3RQBX
SET348-KR-NP-S,SET348,Set,S,B09QJL4DYL
SET348-KR-NP-XL,SET348,Set,XL,B09QJ68QLV
SET348-KR-NP-XS,SET348,Set,XS,B09QJ4J3LH
SET348-KR-NP-XXL,SET348,Set,XXL,B09QJ4KBJ8
SET348-KR-NP-XXXL,SET348,Set,3XL,B09QJ4VMB5
SET349-KR-NP-L,SET349,Set,L,B09QJ49VD8
SET349-KR-NP-M,SET349,Set,M,B09QJ4QF63
SET349-KR-NP-S,SET349,Set,S,B09QJ3FWZV
SET349-KR-NP-XL,SET349,Set,XL,B09QJ4RWZG
SET349-KR-NP-XS,SET349,Set,XS,B09QJ3QY96
SET349-KR-NP-XXL,SET349,Set,XXL,B09QJ4BFQQ
SET349-KR-NP-XXXL,SET349,Set,3XL,B09QJ4FNCN
SET350-KR-NP-L,SET350,Set,L,B09RKDXRZK
SET350-KR-NP-M,SET350,Set,M,B09RKD8HQK
SET350-KR-NP-S,SET350,Set,S,B09RKCWL9Z
SET350-KR-NP-XL,SET350,Set,XL,B09RKD2Z9R
SET350-KR-NP-XS,SET350,Set,XS,B09RKCDT2C
SET350-KR-NP-XXL,SET350,Set,XXL,B09RKD2FDC
SET350-KR-NP-XXXL,SET350,Set,3XL,B09RKDBGFT
SET351-KR-NP-L,SET351,Set,L,B09KXVHNS4
SET351-KR-NP-M,SET351,Set,M,B09KXV7YB4
SET351-KR-NP-S,SET351,Set,S,B09KXV1B67
SET351-KR-NP-XL,SET351,Set,XL,B09KXTJ2YP
SET351-KR-NP-XS,SET351,Set,XS,B09KXTDZSC
SET351-KR-NP-XXL,SET351,Set,XXL,B09KXTLDMG
SET351-KR-NP-XXXL,SET351,Set,3XL,B09KXT1W6B
SET352-KR-NP-L,SET352,Set,L,B09KXTGYSP
SET352-KR-NP-M,SET352,Set,M,B09KXT1W6F
SET352-KR-NP-S,SET352,Set,S,B09KXTJWW7
SET352-KR-NP-XL,SET352,Set,XL,B09KXVZRG7
SET352-KR-NP-XXL,SET352,Set,XXL,B09KXW1KGH
SET352-KR-NP-XXXL,SET352,Set,3XL,B09KXVLVT5
SET353-KR-NP-L,SET353,Set,L,B09KXTZM7P
SET353-KR-NP-M,SET353,Set,M,B09KXVP5MK
SET353-KR-NP-S,SET353,Set,S,B09KXTYSN7
SET353-KR-NP-XL,SET353,Set,XL,B09KXTD3Q6
SET353-KR-NP-XS,SET353,Set,XS,B09KXVFFGR
SET353-KR-NP-XXL,SET353,Set,XXL,B09KXSVZXJ
SET353-KR-NP-XXXL,SET353,Set,3XL,B09KXVB1CD
SET355-KR-PP-L,SET355,Set,L,B09RKF5R9S
SET355-KR-PP-M,SET355,Set,M,B09RKDPHFP
SET355-KR-PP-S,SET355,Set,S,B09RKD2Z9T
SET355-KR-PP-XL,SET355,Set,XL,B09RKFFXVC
SET355-KR-PP-XS,SET355,Set,XS,B09RKDQHR3
SET355-KR-PP-XXL,SET355,Set,XXL,B09RKD8HQJ
SET355-KR-PP-XXXL,SET355,Set,3XL,B09RKFCS6D
SET356-KR-NP-L,SET356,Set,L,B09QJ484TV
SET356-KR-NP-M,SET356,Set,M,B09QJ4D21Y
SET356-KR-NP-S,SET356,Set,S,B09QJ4F553
SET356-KR-NP-XL,SET356,Set,XL,B09QJ362XS
SET356-KR-NP-XS,SET356,Set,XS,B09QJ3CNZZ
SET356-KR-NP-XXL,SET356,Set,XXL,B09QJ3RNNY
SET356-KR-NP-XXXL,SET356,Set,3XL,B09QJ49VXB
SET357-KR-NP-L,SET357,Set,L,B09Y3G52V3
SET357-KR-NP-M,SET357,Set,M,B09Y3MWCDM
SET357-KR-NP-S,SET357,Set,S,B09Y3GBB15
SET357-KR-NP-XL,SET357,Set,XL,B09Y3FNR5D
SET357-KR-NP-XS,SET357,Set,XS,B09Y3FN5LQ
SET357-KR-NP-XXL,SET357,Set,XXL,B09Y3H5PY8
SET357-KR-NP-XXXL,SET357,Set,3XL,B09Y3F7W6T
SET358-KR-NP-L,SET358,Set,L,B09QJLSY9C
SET358-KR-NP-M,SET358,Set,M,B09QJLY37M
SET358-KR-NP-S,SET358,Set,S,B09QJLX1G1
SET358-KR-NP-XL,SET358,Set,XL,B09QJLYK2C
SET358-KR-NP-XS,SET358,Set,XS,B09QJNJJ56
SET358-KR-NP-XXL,SET358,Set,XXL,B09QJN1ZZ6
SET358-KR-NP-XXXL,SET358,Set,3XL,B09QJMPVPD
SET359-KR-NP-L,SET359,Set,L,B09RKFJ94S
SET359-KR-NP-M,SET359,Set,M,B09RKDZHN2
SET359-KR-NP-S,SET359,Set,S,B09RKDCBKR
SET359-KR-NP-XL,SET359,Set,XL,B09RKCLC67
SET359-KR-NP-XS,SET359,Set,XS,B09RKF1Z2C
SET359-KR-NP-XXL,SET359,Set,XXL,B09RKFC8CP
SET359-KR-NP-XXXL,SET359,Set,3XL,B09RKDK9P1
SET360-KR-NP-L,SET360,Set,L,B09QJKR216
SET360-KR-NP-M,SET360,Set,M,B09QJM1D7F
SET360-KR-NP-S,SET360,Set,S,B09QJ42J5P
SET360-KR-NP-XL,SET360,Set,XL,B09QJLG4DF
SET360-KR-NP-XS,SET360,Set,XS,B09QJLXY4T
SET360-KR-NP-XXL,SET360,Set,XXL,B09QJNWJJW
SET360-KR-NP-XXXL,SET360,Set,3XL,B09QJLGMQS
SET361-KR-NP-L,SET361,Set,L,B09QJ576Y8
SET361-KR-NP-M,SET361,Set,M,B09QJM3X1K
SET361-KR-NP-S,SET361,Set,S,B09QJ4J6KJ
SET361-KR-NP-XS,SET361,Set,XS,B09QJ4BF2X
SET363-KR-NP-L,SET363,Set,L,B09TH68L97
SET363-KR-NP-M,SET363,Set,M,B09TH8L9PW
SET363-KR-NP-S,SET363,Set,S,B09TH6N4N9
SET363-KR-NP-XL,SET363,Set,XL,B09TH6N96L
SET363-KR-NP-XS,SET363,Set,XS,B09TH9HS5R
SET363-KR-NP-XXL,SET363,Set,XXL,B09TH61GMF
SET363-KR-NP-XXXL,SET363,Set,3XL,B09TH37FXC
SET364-KR-NP-L,SET364,Set,L,B09QJ495SF
SET364-KR-NP-M,SET364,Set,M,B09QJ4HQ1G
SET364-KR-NP-S,SET364,Set,S,B09QJ3ZP5T
SET364-KR-NP-XL,SET364,Set,XL,B09QJ3R132
SET364-KR-NP-XS,SET364,Set,XS,B09QJ4HQK8
SET364-KR-NP-XXL,SET364,Set,XXL,B09QJ5BYM8
SET364-KR-NP-XXXL,SET364,Set,3XL,B09QJ4BZPH
SET365-KR-NP-L,SET365,Set,L,B09QJM9NDP
SET365-KR-NP-M,SET365,Set,M,B09QJMMRRB
SET365-KR-NP-S,SET365,Set,S,B09QJMCBD6
SET365-KR-NP-XL,SET365,Set,XL,B09QJ5TLLD
SET365-KR-NP-XS,SET365,Set,XS,B09QJ4D499
SET365-KR-NP-XXL,SET365,Set,XXL,B09QJ46PYP
SET365-KR-NP-XXXL,SET365,Set,3XL,B09QJ428CB
SET366-KR-NP-L,SET366,Set,L,B09QJLJ229
SET366-KR-NP-M,SET366,Set,M,B09QJLMRWQ
SET366-KR-NP-S,SET366,Set,S,B09QJ577FG
SET366-KR-NP-XL,SET366,Set,XL,B09QJN3H8D
SET366-KR-NP-XS,SET366,Set,XS,B09QJLTPH8
SET366-KR-NP-XXL,SET366,Set,XXL,B09QJMSLD1
SET366-KR-NP-XXXL,SET366,Set,3XL,B09QJM78WH
SET369-KR-NP-L,SET369,Set,L,B09QJ3YHCS
SET369-KR-NP-M,SET369,Set,M,B09QJ4GWN5
SET369-KR-NP-S,SET369,Set,S,B09QJLKZ62
SET369-KR-NP-XL,SET369,Set,XL,B09QJMG4VL
SET369-KR-NP-XS,SET369,Set,XS,B09QJMW91M
SET369-KR-NP-XXL,SET369,Set,XXL,B09QJM97Z8
SET369-KR-NP-XXXL,SET369,Set,3XL,B09QJMGR7B
SET372-KR-PP-L,SET372,Set,L,B09NQ54FMT
SET372-KR-PP-M,SET372,Set,M,B09NQ4F9MJ
SET372-KR-PP-S,SET372,Set,S,B09NQ4878W
SET372-KR-PP-XL,SET372,Set,XL,B09NQ4JKRM
SET372-KR-PP-XS,SET372,Set,XS,B09NQ4LRYP
SET372-KR-PP-XXL,SET372,Set,XXL,B09NQ42TFH
SET372-KR-PP-XXXL,SET372,Set,3XL,B09NQ4712N
SET373-KR-PP-L,SET373,Set,L,B09RKG9KYM
SET373-KR-PP-M,SET373,Set,M,B09RKCJSND
SET373-KR-PP-S,SET373,Set,S,B09RKF1VY3
SET373-KR-PP-XL,SET373,Set,XL,B09RKDCVB7
SET373-KR-PP-XS,SET373,Set,XS,B09RKFSPHP
SET373-KR-PP-XXL,SET373,Set,XXL,B09RKDQ8F6
SET373-KR-PP-XXXL,SET373,Set,3XL,B09RKF3LFQ
SET374-KR-NP-L,SET374,Set,L,B09NDKQD88
SET374-KR-NP-M,SET374,Set,M,B09NDKJKPN
SET374-KR-NP-S,SET374,Set,S,B09NDL6H2B
SET374-KR-NP-XL,SET374,Set,XL,B09NDMP4XK
SET374-KR-NP-XS,SET374,Set,XS,B09NDKGZ6V
SET374-KR-NP-XXL,SET374,Set,XXL,B09NDKN86H
SET374-KR-NP-XXXL,SET374,Set,3XL,B09NDHQMKC
SET375-KR-NP-L,SET375,Set,L,B09RKFD39V
SET375-KR-NP-M,SET375,Set,M,B09RKCVWFR
SET375-KR-NP-S,SET375,Set,S,B09RKFDNHM
SET375-KR-NP-XL,SET375,Set,XL,B09RKFLLF1
SET375-KR-NP-XS,SET375,Set,XS,B09RKCZ71Q
SET375-KR-NP-XXL,SET375,Set,XXL,B09RKDDLL2
SET375-KR-NP-XXXL,SET375,Set,3XL,B09RKDXTMB
SET376-KR-NP-L,SET376,Set,L,B09RSSVWPP
SET376-KR-NP-M,SET376,Set,M,B09RSW21QS
SET376-KR-NP-S,SET376,Set,S,B09RSMSMCX
SET376-KR-NP-XL,SET376,Set,XL,B09RSFK4CT
SET376-KR-NP-XS,SET376,Set,XS,B09RSS48QG
SET376-KR-NP-XXL,SET376,Set,XXL,B09RSNN74T
SET376-KR-NP-XXXL,SET376,Set,3XL,B09RSPM9HX
SET377-KR-NP-L,SET377,Set,L,B09TZVR58F
SET377-KR-NP-M,SET377,Set,M,B09TZV23QS
SET377-KR-NP-S,SET377,Set,S,B09TZV2J9G
SET377-KR-NP-XL,SET377,Set,XL,B09TZW311V
SET377-KR-NP-XS,SET377,Set,XS,B09TZV58PW
SET377-KR-NP-XXL,SET377,Set,XXL,B09TZTF5VF
SET377-KR-NP-XXXL,SET377,Set,3XL,B09TZVY27D
SET378-KR-NP-L,SET378,Set,L,B09RKF1CFD
SET378-KR-NP-M,SET378,Set,M,B09RKCYB2Z
SET378-KR-NP-S,SET378,Set,S,B09RKFC91P
SET378-KR-NP-XL,SET378,Set,XL,B09RKDQ8F1
SET378-KR-NP-XS,SET378,Set,XS,B09RKFQBBZ
SET378-KR-NP-XXL,SET378,Set,XXL,B09RKFCS69
SET378-KR-NP-XXXL,SET378,Set,3XL,B09RKDY38X
SET380-KR-NP-L,SET380,Set,L,B09QJ3T2Z4
SET380-KR-NP-M,SET380,Set,M,B09QJ3WXB4
SET380-KR-NP-S,SET380,Set,S,B09QJ4QS15
SET380-KR-NP-XL,SET380,Set,XL,B09QJ4D6TH
SET380-KR-NP-XS,SET380,Set,XS,B09QJ428KY
SET380-KR-NP-XXL,SET380,Set,XXL,B09QJ3QD1P
SET380-KR-NP-XXXL,SET380,Set,3XL,B09QJ3F6T9
SET383-KR-NP-L,SET383,Set,L,B09K3PDMBM
SET383-KR-NP-M,SET383,Set,M,B09K3CQ75T
SET383-KR-NP-S,SET383,Set,S,B09K3N11KK
SET383-KR-NP-XL,SET383,Set,XL,B09K36BDS5
SET383-KR-NP-XS,SET383,Set,XS,B09K3L1KML
SET383-KR-NP-XXL,SET383,Set,XXL,B09K3HGTRS
SET383-KR-NP-XXXL,SET383,Set,3XL,B09K3KMF92
SET384-KR-NP-L,SET384,Set,L,B09K3DFH9Z
SET384-KR-NP-M,SET384,Set,M,B09K3TSBJX
SET384-KR-NP-S,SET384,Set,S,B09K3SRM1G
SET384-KR-NP-XL,SET384,Set,XL,B09K3R6GYF
SET384-KR-NP-XS,SET384,Set,XS,B09K3DFHT2
SET384-KR-NP-XXL,SET384,Set,XXL,B09K3Q4421
SET384-KR-NP-XXXL,SET384,Set,3XL,B09K3WRXNX
SET385-KR-NP-L,SET385,Set,L,B09K3Z4GHN
SET385-KR-NP-M,SET385,Set,M,B09K3V84KC
SET385-KR-NP-S,SET385,Set,S,B09K3VWJXL
SET385-KR-NP-XL,SET385,Set,XL,B09K3SJVR1
SET385-KR-NP-XS,SET385,Set,XS,B09K3KFLB8
SET385-KR-NP-XXL,SET385,Set,XXL,B09K3MMPJX
SET385-KR-NP-XXXL,SET385,Set,3XL,B09K3KGJ8S
SET386-KR-NP-L,SET386,Set,L,B09K38ZCR6
SET386-KR-NP-M,SET386,Set,M,B09K3P2BCG
SET386-KR-NP-S,SET386,Set,S,B09K3YFPSS
SET386-KR-NP-XL,SET386,Set,XL,B09K3C298K
SET386-KR-NP-XS,SET386,Set,XS,B09K3BVR23
SET386-KR-NP-XXL,SET386,Set,XXL,B09K3LL5SD
SET386-KR-NP-XXXL,SET386,Set,3XL,B09K3L9Z85
SET388-KR-NP-L,SET388,Set,L,B09QJLFDRK
SET388-KR-NP-M,SET388,Set,M,B09QJ4KR4L
SET388-KR-NP-S,SET388,Set,S,B09QJNMFVK
SET388-KR-NP-XL,SET388,Set,XL,B09QJNFSBR
SET388-KR-NP-XS,SET388,Set,XS,B09QJMCRZQ
SET388-KR-NP-XXL,SET388,Set,XXL,B09QJ6676Y
SET388-KR-NP-XXXL,SET388,Set,3XL,B09QJMF9YB
SET389-KR-NP-L,SET389,Set,L,B09KXTJKKG
SET389-KR-NP-M,SET389,Set,M,B09KXTTVB5
SET389-KR-NP-S,SET389,Set,S,B09KXVBD7Z
SET389-KR-NP-XL,SET389,Set,XL,B09KXW4WQC
SET389-KR-NP-XS,SET389,Set,XS,B09KXV8PXG
SET389-KR-NP-XXL,SET389,Set,XXL,B09KXTVXM9
SET389-KR-NP-XXXL,SET389,Set,3XL,B09KXT773V
SET390-KR-NP-L,SET390,Set,L,B09RKF82J5
SET390-KR-NP-M,SET390,Set,M,B09RKF22JD
SET390-KR-NP-S,SET390,Set,S,B09RKFPY8P
SET390-KR-NP-XL,SET390,Set,XL,B09RKDMS1M
SET390-KR-NP-XS,SET390,Set,XS,B09RKDLFJ9
SET390-KR-NP-XXL,SET390,Set,XXL,B09RKCQ6WF
SET390-KR-NP-XXXL,SET390,Set,3XL,B09RKFS437
SET392-KR-NP-L,SET392,Set,L,B09RKD8NGR
SET392-KR-NP-M,SET392,Set,M,B09RKFDT7Q
SET392-KR-NP-S,SET392,Set,S,B09RKD9PDZ
SET392-KR-NP-XL,SET392,Set,XL,B09RKF8L5N
SET392-KR-NP-XS,SET392,Set,XS,B09RKBXV4Z
SET392-KR-NP-XXL,SET392,Set,XXL,B09RKF8T2M
SET392-KR-NP-XXXL,SET392,Set,3XL,B09RKDXXC4
SET393-KR-NP-L,SET393,Set,L,B09QJ51J2K
SET393-KR-NP-M,SET393,Set,M,B09QJ4YB1F
SET393-KR-NP-S,SET393,Set,S,B09QJ5LYDH
SET393-KR-NP-XL,SET393,Set,XL,B09QJ52STD
SET393-KR-NP-XS,SET393,Set,XS,B09QJ3RGB6
SET393-KR-NP-XXL,SET393,Set,XXL,B09QJ48KSN
SET393-KR-NP-XXXL,SET393,Set,3XL,B09QJ57JPK
SET394-KR-NP-L,SET394,Set,L,B09TH7HWBM
SET394-KR-NP-M,SET394,Set,M,B09TH54RJ9
SET394-KR-NP-S,SET394,Set,S,B09TH7MBHL
SET394-KR-NP-XL,SET394,Set,XL,B09TH5VMLP
SET394-KR-NP-XS,SET394,Set,XS,B09TH6ZKSH
SET394-KR-NP-XXL,SET394,Set,XXL,B09TH7YFFX
SET394-KR-NP-XXXL,SET394,Set,3XL,B09TH6R8K4
SET395-KR-NP-L,SET395,Set,L,B09RKF7PFW
SET395-KR-NP-M,SET395,Set,M,B09RKCMN1K
SET395-KR-NP-S,SET395,Set,S,B09RKDJVK4
SET395-KR-NP-XL,SET395,Set,XL,B09RKDC9ML
SET395-KR-NP-XS,SET395,Set,XS,B09RKF43WW
SET395-KR-NP-XXL,SET395,Set,XXL,B09RKCY3CP
SET395-KR-NP-XXXL,SET395,Set,3XL,B09RKF8QYM
SET396-KR-PP-L,SET396,Set,L,B09TH6T8FV
SET396-KR-PP-M,SET396,Set,M,B09TH6DNNN
SET396-KR-PP-S,SET396,Set,S,B09TH6SLT5
SET396-KR-PP-XL,SET396,Set,XL,B09TH6YPPJ
SET396-KR-PP-XS,SET396,Set,XS,B09TH7F1QB
SET396-KR-PP-XXL,SET396,Set,XXL,B09TH8K7WF
SET396-KR-PP-XXXL,SET396,Set,3XL,B09TH5ZYPD
SET397-KR-NP  -M,SET397,Set,M,B09RKD6KWL
SET397-KR-NP-L,SET397,Set,L,B09RKD8XVV
SET397-KR-NP-S,SET397,Set,S,B09RKF9GZQ
SET397-KR-NP-XL,SET397,Set,XL,B09RKDB8SB
SET397-KR-NP-XS,SET397,Set,XS,B09RKDH2BT
SET397-KR-NP-XXL,SET397,Set,XXL,B09RKDGZ2D
SET397-KR-NP-XXXL,SET397,Set,3XL,B09RKDPH6J
SET398-KR-PP-L,SET398,Set,L,B09RP8WLNY
SET398-KR-PP-M,SET398,Set,M,B09RPRS8JL
SET398-KR-PP-S,SET398,Set,S,B09RP8VTX6
SET398-KR-PP-XL,SET398,Set,XL,B09RPQV7SV
SET398-KR-PP-XS,SET398,Set,XS,B09RPCWKJW
SET398-KR-PP-XXL,SET398,Set,XXL,B09RP8WY5J
SET398-KR-PP-XXXL,SET398,Set,3XL,B09RPJD74Z
SET400-KR-NP-L,SET400,Set,L,B09W644VYK
SET400-KR-NP-M,SET400,Set,M,B09W651B64
SET400-KR-NP-S,SET400,Set,S,B09W629BLJ
SET400-KR-NP-XL,SET400,Set,XL,B09W64MGVN
SET400-KR-NP-XS,SET400,Set,XS,B09W61915L
SET400-KR-NP-XXL,SET400,Set,XXL,B09W61RXRZ
SET400-KR-NP-XXXL,SET400,Set,3XL,B09W62SX2P
SET401-KR-NP-L,SET401,Set,L,B09VC5ZGD8
SET401-KR-NP-M,SET401,Set,M,B09VC6KHX8
SET401-KR-NP-S,SET401,Set,S,B09VC5QDGQ
SET401-KR-NP-XL,SET401,Set,XL,B09VC68QLJ
SET401-KR-NP-XS,SET401,Set,XS,B09VC5KKCX
SET401-KR-NP-XXL,SET401,Set,XXL,B09VC7M7Y4
SET401-KR-NP-XXXL,SET401,Set,3XL,B09VC71N98
SET402-KR-NP-L,SET402,Set,L,B09VC63Y2N
SET402-KR-NP-M,SET402,Set,M,B09VC5F9KB
SET402-KR-NP-S,SET402,Set,S,B09VC6JS3X
SET402-KR-NP-XL,SET402,Set,XL,B09VC53FQW
SET402-KR-NP-XS,SET402,Set,XS,B09VC5W6KP
SET402-KR-NP-XXL,SET402,Set,XXL,B09VC57SBH
SET402-KR-NP-XXXL,SET402,Set,3XL,B09VC5Z5Z7
SET403-KR-NP-L,SET403,Set,L,B09VZ6KYPK
SET403-KR-NP-M,SET403,Set,M,B09VZ6JXDC
SET403-KR-NP-S,SET403,Set,S,B09VZ4SQXS
SET403-KR-NP-XL,SET403,Set,XL,B09VZ6HK5S
SET403-KR-NP-XXL,SET403,Set,XXL,B09VZ5Y2BD
SET403-KR-NP-XXXL,SET403,Set,3XL,B09VZ5THVZ
SET404-KR-NP-L,SET404,Set,L,B09X1TJ4BX
SET404-KR-NP-M,SET404,Set,M,B09X1VTR39
SET404-KR-NP-S,SET404,Set,S,B09X1W13TX
SET404-KR-NP-XL,SET404,Set,XL,B09X1TZ3CB
SET404-KR-NP-XS,SET404,Set,XS,B09X1V55VZ
SET404-KR-NP-XXL,SET404,Set,XXL,B09X1V35QB
SET404-KR-NP-XXXL,SET404,Set,3XL,B09X1VQ2WF
SET405-KR-NP-L,SET405,Set,L,B09QJ4HWCC
SET405-KR-NP-M,SET405,Set,M,B09QJ5M6TW
SET405-KR-NP-S,SET405,Set,S,B09QJ35SR5
SET405-KR-NP-XL,SET405,Set,XL,B09QJ3XPJ8
SET405-KR-NP-XS,SET405,Set,XS,B09QJ399Q3
SET405-KR-NP-XXL,SET405,Set,XXL,B09QJ2HM91
SET405-KR-NP-XXXL,SET405,Set,3XL,B09QJ3QCXF
SET408-KR-NP-L,SET408,Set,L,B09RKF225G
SET408-KR-NP-M,SET408,Set,M,B09RKF39J1
SET408-KR-NP-S,SET408,Set,S,B09RKFGKYJ
SET408-KR-NP-XL,SET408,Set,XL,B09RKDJX6S
SET408-KR-NP-XS,SET408,Set,XS,B09RKFC3KR
SET408-KR-NP-XXL,SET408,Set,XXL,B09RKFHRZF
SET408-KR-NP-XXXL,SET408,Set,3XL,B09RKF7PZB
SET409-KR-NP-L,SET409,Set,L,B09RPKZMQP
SET409-KR-NP-M,SET409,Set,M,B09RPMG3DD
SET409-KR-NP-S,SET409,Set,S,B09RPQ5GRL
SET409-KR-NP-XL,SET409,Set,XL,B09RPP74L6
SET409-KR-NP-XS,SET409,Set,XS,B09RPJDH3X
SET409-KR-NP-XXL,SET409,Set,XXL,B09RPJ2RXZ
SET409-KR-NP-XXXL,SET409,Set,3XL,B09RPS44NF
SET410-KR-NP-L,SET410,Set,L,B09Y3215FW
SET410-KR-NP-M,SET410,Set,M,B09Y328YW6
SET410-KR-NP-S,SET410,Set,S,B09Y3G52V4
SET410-KR-NP-XL,SET410,Set,XL,B09Y3FG7Y7
SET410-KR-NP-XS,SET410,Set,XS,B09Y3H5GTG
SET410-KR-NP-XXL,SET410,Set,XXL,B09Y3DYQJY
SET410-KR-NP-XXXL,SET410,Set,3XL,B09Y3DWDFV
SET413-KR-NP-L,SET413,Set,L,B09RKFCS6B
SET413-KR-NP-M,SET413,Set,M,B09RKCSH3D
SET413-KR-NP-S,SET413,Set,S,B09RKDX3Z1
SET413-KR-NP-XL,SET413,Set,XL,B09RKDT1CK
SET413-KR-NP-XS,SET413,Set,XS,B09RKBWN5F
SET413-KR-NP-XXL,SET413,Set,XXL,B09RKC7MNY
SET413-KR-NP-XXXL,SET413,Set,3XL,B09RKFDS7P
SET414-KR-NP-L,SET414,Set,L,B09Y3FHNBC
SET414-KR-NP-M,SET414,Set,M,B09Y3G5RBY
SET414-KR-NP-S,SET414,Set,S,B09Y3G3MNM
SET414-KR-NP-XL,SET414,Set,XL,B09Y3GKBNS
SET414-KR-NP-XS,SET414,Set,XS,B09Y3G9V4P
SET414-KR-NP-XXL,SET414,Set,XXL,B09Y3GRPZZ
SET414-KR-NP-XXXL,SET414,Set,3XL,B09Y3GDBW3
SET415-KR-NP-L,SET415,Set,L,B09Y3K45P4
SET415-KR-NP-M,SET415,Set,M,B09Y3J7PZL
SET415-KR-NP-S,SET415,Set,S,B09Y3F4KJV
SET415-KR-NP-XL,SET415,Set,XL,B09Y3H1NHQ
SET415-KR-NP-XS,SET415,Set,XS,B09Y3GNPT8
SET415-KR-NP-XXL,SET415,Set,XXL,B09Y3FX6RM
SET415-KR-NP-XXXL,SET415,Set,3XL,B09Y3GFK82
SET431-KR-NP-L,SET431,Set,L,B0B3N9P28T
SET431-KR-NP-M,SET431,Set,M,B0B3NB42VV
SET431-KR-NP-S,SET431,Set,S,B0B3N6LVQD
SET431-KR-NP-XL,SET431,Set,XL,B0B3NB44P9
SET431-KR-NP-XS,SET431,Set,XS,B0B3NBR6SP
SET431-KR-NP-XXL,SET431,Set,XXL,B0B3N97Y1C
SET431-KR-NP-XXXL,SET431,Set,3XL,B0B3NB8N7Q
SET432-KR-PP-L,SET432,Set,L,B09Y3H6GQH
SET432-KR-PP-M,SET432,Set,M,B09Y3F1MHJ
SET432-KR-PP-S,SET432,Set,S,B09Y3GJ5QK
SET432-KR-PP-XL,SET432,Set,XL,B09Y3FSTPJ
SET432-KR-PP-XXL,SET432,Set,XXL,B09Y3DZ492
SET433-KR-NP-L,SET433,Set,L,B09TH89W4P
SET433-KR-NP-M,SET433,Set,M,B09TH7XJXH
SET433-KR-NP-S,SET433,Set,S,B09TH6N4HW
SET433-KR-NP-XL,SET433,Set,XL,B09TH7MDHM
SET433-KR-NP-XS,SET433,Set,XS,B09TH5QJ45
SET433-KR-NP-XXL,SET433,Set,XXL,B09TH748BK
SET433-KR-NP-XXXL,SET433,Set,3XL,B09TH8T4GM
SET435-KR-NP-L,SET435,Set,L,B09Y3GFHGG
SET435-KR-NP-M,SET435,Set,M,B09Y32KY4Q
SET435-KR-NP-S,SET435,Set,S,B09Y3G8KC7
SET435-KR-NP-XL,SET435,Set,XL,B09Y3215FY
SET435-KR-NP-XS,SET435,Set,XS,B09Y3HP5ZC
SET435-KR-NP-XXL,SET435,Set,XXL,B09Y2Z6W12
SET435-KR-NP-XXXL,SET435,Set,3XL,B09Y3GNNNQ
SET436-KR-NP-L,SET436,Set,L,B09YNWCBX7
SET436-KR-NP-M,SET436,Set,M,B09YNXDH8B
SET436-KR-NP-S,SET436,Set,S,B09YNXHLPC
SET436-KR-NP-XL,SET436,Set,XL,B09YNZ41ZY
SET436-KR-NP-XS,SET436,Set,XS,B09YNXQF36
SET436-KR-NP-XXL,SET436,Set,XXL,B09YNZSY8T
SET436-KR-NP-XXXL,SET436,Set,3XL,B09YNY91G5
SET437-KR-PP-L,SET437,Set,L,B0B3WZSVDF
SET437-KR-PP-M,SET437,Set,M,B0B3WZYM5H
SET437-KR-PP-S,SET437,Set,S,B0B3X17NMS
SET437-KR-PP-XXL,SET437,Set,XXL,B0B3X2WPTW
SET437-KR-PP-XXXL,SET437,Set,3XL,B0B3X1P6S1
SET438-KR-NP-M,SET438,Set,M,B0B3X1PX3P
SET438-KR-NP-XL,SET438,Set,XL,B0B3X1H8QJ
SET438-KR-NP-XXL,SET438,Set,XXL,B0B3X2392D
SET442-KR-NP-L,SET442,Set,L,B0B3X1HVXG
SET442-KR-NP-M,SET442,Set,M,B0B3X1DVZZ
SET442-KR-NP-XXXL,SET442,Set,3XL,B0B3X1ZSZP
SET444-KR-SH-L,SET444,Set,L,B0B3N9N297
SET444-KR-SH-M,SET444,Set,M,B0B3N9G26S
SET444-KR-SH-S,SET444,Set,S,B0B3NB1765
SET444-KR-SH-XL,SET444,Set,XL,B0B3NBYD9W
SET444-KR-SH-XS,SET444,Set,XS,B0B3N8MV2B
SET444-KR-SH-XXL,SET444,Set,XXL,B0B3N85BV3
SET444-KR-SH-XXXL,SET444,Set,3XL,B0B3N7NJJ3
SET445-KR-NP-S,SET445,Set,S,B0B4994HY6
SET446-KR-NP-XS,SET446,Set,XS,B0B499JD9S
SET449-KR-NP-M,SET449,Set,M,B0B49CGL99
SET449-KR-NP-S,SET449,Set,S,B0B4992J2M
SET461-KR-NP-XL,SET461,Set,XL,B0B3N5LSHP
SET461-KR-NP-XS,SET461,Set,XS,B0B3NB9QL4
SET461-KR-NP-XXL,SET461,Set,XXL,B0B3NGN95V
SET462-KR-NP-S,SET462,Set,S,B0B4GDJ9MK
